zip_code,location_id,facility_type,capacity_0_12,capacity_0_5,build_cost,equipment_cost
10001,1,large,400,200,115000.0,20000.0
10001,71,small,100,50,65000.0,5000.0
10001,73,large,400,200,115000.0,20000.0
10002,15,large,400,200,115000.0,20000.0
10002,35,large,400,200,115000.0,20000.0
10002,64,large,400,200,115000.0,20000.0
10002,75,large,400,200,115000.0,20000.0
10002,77,large,400,200,115000.0,20000.0
10003,2,large,400,200,115000.0,20000.0
10003,24,large,400,200,115000.0,20000.0
10003,44,large,400,200,115000.0,20000.0
10003,47,large,400,200,115000.0,20000.0
10004,49,small,100,50,65000.0,5000.0
10004,84,large,400,200,115000.0,20000.0
10005,22,large,400,200,115000.0,20000.0
10005,47,large,400,200,115000.0,20000.0
10006,76,small,100,50,65000.0,5000.0
10007,0,large,400,200,115000.0,20000.0
10007,2,large,400,200,115000.0,20000.0
10009,9,large,400,200,115000.0,20000.0
10009,16,large,400,200,115000.0,20000.0
10009,68,large,400,200,115000.0,20000.0
10009,70,large,400,200,115000.0,20000.0
10009,71,large,400,200,115000.0,20000.0
10009,99,large,400,200,115000.0,20000.0
10010,0,large,400,200,115000.0,20000.0
10010,22,large,400,200,115000.0,20000.0
10010,23,large,400,200,115000.0,20000.0
10010,45,large,400,200,115000.0,20000.0
10010,46,large,400,200,115000.0,20000.0
10011,2,large,400,200,115000.0,20000.0
10011,71,large,400,200,115000.0,20000.0
10011,77,large,400,200,115000.0,20000.0
10012,0,large,400,200,115000.0,20000.0
10012,3,small,100,50,65000.0,5000.0
10012,20,large,400,200,115000.0,20000.0
10013,1,large,400,200,115000.0,20000.0
10013,52,large,400,200,115000.0,20000.0
10013,73,large,400,200,115000.0,20000.0
10013,74,large,400,200,115000.0,20000.0
10014,47,large,400,200,115000.0,20000.0
10016,0,large,400,200,115000.0,20000.0
10016,1,large,400,200,115000.0,20000.0
10016,51,large,400,200,115000.0,20000.0
10016,73,large,400,200,115000.0,20000.0
10016,74,large,400,200,115000.0,20000.0
10016,75,large,400,200,115000.0,20000.0
10017,68,large,400,200,115000.0,20000.0
10019,2,medium,200,100,95000.0,10000.0
10019,22,large,400,200,115000.0,20000.0
10019,46,large,400,200,115000.0,20000.0
10019,51,large,400,200,115000.0,20000.0
10021,2,large,400,200,115000.0,20000.0
10021,17,large,400,200,115000.0,20000.0
10021,51,large,400,200,115000.0,20000.0
10021,53,large,400,200,115000.0,20000.0
10021,67,large,400,200,115000.0,20000.0
10021,89,large,400,200,115000.0,20000.0
10022,0,large,400,200,115000.0,20000.0
10022,1,large,400,200,115000.0,20000.0
10022,17,small,100,50,65000.0,5000.0
10022,23,large,400,200,115000.0,20000.0
10022,45,large,400,200,115000.0,20000.0
10023,2,large,400,200,115000.0,20000.0
10023,3,large,400,200,115000.0,20000.0
10023,4,large,400,200,115000.0,20000.0
10023,11,large,400,200,115000.0,20000.0
10023,12,large,400,200,115000.0,20000.0
10023,13,large,400,200,115000.0,20000.0
10023,14,large,400,200,115000.0,20000.0
10023,50,large,400,200,115000.0,20000.0
10023,54,large,400,200,115000.0,20000.0
10023,55,large,400,200,115000.0,20000.0
10023,56,large,400,200,115000.0,20000.0
10024,2,large,400,200,115000.0,20000.0
10024,6,large,400,200,115000.0,20000.0
10024,8,large,400,200,115000.0,20000.0
10024,15,large,400,200,115000.0,20000.0
10024,20,large,400,200,115000.0,20000.0
10024,28,large,400,200,115000.0,20000.0
10024,31,medium,200,100,95000.0,10000.0
10024,43,large,400,200,115000.0,20000.0
10024,56,large,400,200,115000.0,20000.0
10024,67,large,400,200,115000.0,20000.0
10024,69,large,400,200,115000.0,20000.0
10024,71,large,400,200,115000.0,20000.0
10024,84,large,400,200,115000.0,20000.0
10024,88,large,400,200,115000.0,20000.0
10025,0,large,400,200,115000.0,20000.0
10025,7,large,400,200,115000.0,20000.0
10025,9,large,400,200,115000.0,20000.0
10025,23,large,400,200,115000.0,20000.0
10025,31,large,400,200,115000.0,20000.0
10025,52,large,400,200,115000.0,20000.0
10025,53,large,400,200,115000.0,20000.0
10025,64,large,400,200,115000.0,20000.0
10025,75,large,400,200,115000.0,20000.0
10025,76,large,400,200,115000.0,20000.0
10025,77,large,400,200,115000.0,20000.0
10025,90,large,400,200,115000.0,20000.0
10025,91,large,400,200,115000.0,20000.0
10025,92,large,400,200,115000.0,20000.0
10026,5,large,400,200,115000.0,20000.0
10026,27,large,400,200,115000.0,20000.0
10026,44,large,400,200,115000.0,20000.0
10026,48,large,400,200,115000.0,20000.0
10026,77,large,400,200,115000.0,20000.0
10026,81,large,400,200,115000.0,20000.0
10026,89,large,400,200,115000.0,20000.0
10027,63,large,400,200,115000.0,20000.0
10027,66,large,400,200,115000.0,20000.0
10027,67,large,400,200,115000.0,20000.0
10027,68,large,400,200,115000.0,20000.0
10027,72,large,400,200,115000.0,20000.0
10027,74,large,400,200,115000.0,20000.0
10027,78,large,400,200,115000.0,20000.0
10027,79,large,400,200,115000.0,20000.0
10027,83,large,400,200,115000.0,20000.0
10027,89,large,400,200,115000.0,20000.0
10027,97,large,400,200,115000.0,20000.0
10028,0,large,400,200,115000.0,20000.0
10028,1,large,400,200,115000.0,20000.0
10028,50,large,400,200,115000.0,20000.0
10028,56,medium,200,100,95000.0,10000.0
10028,72,large,400,200,115000.0,20000.0
10028,74,large,400,200,115000.0,20000.0
10029,4,large,400,200,115000.0,20000.0
10029,21,large,400,200,115000.0,20000.0
10029,24,large,400,200,115000.0,20000.0
10029,26,large,400,200,115000.0,20000.0
10029,27,large,400,200,115000.0,20000.0
10029,28,large,400,200,115000.0,20000.0
10029,30,large,400,200,115000.0,20000.0
10029,46,large,400,200,115000.0,20000.0
10029,53,large,400,200,115000.0,20000.0
10029,79,large,400,200,115000.0,20000.0
10029,92,large,400,200,115000.0,20000.0
10029,96,large,400,200,115000.0,20000.0
10030,1,large,400,200,115000.0,20000.0
10030,43,large,400,200,115000.0,20000.0
10030,44,large,400,200,115000.0,20000.0
10030,81,large,400,200,115000.0,20000.0
10030,94,large,400,200,115000.0,20000.0
10030,95,large,400,200,115000.0,20000.0
10031,51,large,400,200,115000.0,20000.0
10031,54,large,400,200,115000.0,20000.0
10031,56,large,400,200,115000.0,20000.0
10031,62,large,400,200,115000.0,20000.0
10031,66,large,400,200,115000.0,20000.0
10031,84,large,400,200,115000.0,20000.0
10031,86,medium,200,100,95000.0,10000.0
10031,92,large,400,200,115000.0,20000.0
10032,0,large,400,200,115000.0,20000.0
10032,18,large,400,200,115000.0,20000.0
10032,43,large,400,200,115000.0,20000.0
10032,69,large,400,200,115000.0,20000.0
10032,70,large,400,200,115000.0,20000.0
10032,93,large,400,200,115000.0,20000.0
10033,9,large,400,200,115000.0,20000.0
10033,11,large,400,200,115000.0,20000.0
10033,19,large,400,200,115000.0,20000.0
10033,30,large,400,200,115000.0,20000.0
10033,40,large,400,200,115000.0,20000.0
10033,41,large,400,200,115000.0,20000.0
10033,90,large,400,200,115000.0,20000.0
10033,91,large,400,200,115000.0,20000.0
10033,94,large,400,200,115000.0,20000.0
10033,95,large,400,200,115000.0,20000.0
10034,22,large,400,200,115000.0,20000.0
10034,24,large,400,200,115000.0,20000.0
10034,39,large,400,200,115000.0,20000.0
10034,49,large,400,200,115000.0,20000.0
10034,55,large,400,200,115000.0,20000.0
10034,57,large,400,200,115000.0,20000.0
10034,58,large,400,200,115000.0,20000.0
10034,87,large,400,200,115000.0,20000.0
10035,22,large,400,200,115000.0,20000.0
10035,24,large,400,200,115000.0,20000.0
10035,33,large,400,200,115000.0,20000.0
10035,37,large,400,200,115000.0,20000.0
10035,65,large,400,200,115000.0,20000.0
10035,73,large,400,200,115000.0,20000.0
10035,83,large,400,200,115000.0,20000.0
10036,1,large,400,200,115000.0,20000.0
10036,3,large,400,200,115000.0,20000.0
10037,72,small,100,50,65000.0,5000.0
10037,73,large,400,200,115000.0,20000.0
10037,74,large,400,200,115000.0,20000.0
10037,94,large,400,200,115000.0,20000.0
10038,0,large,400,200,115000.0,20000.0
10038,72,large,400,200,115000.0,20000.0
10039,1,large,400,200,115000.0,20000.0
10039,24,large,400,200,115000.0,20000.0
10039,26,large,400,200,115000.0,20000.0
10039,79,large,400,200,115000.0,20000.0
10039,89,large,400,200,115000.0,20000.0
10039,93,large,400,200,115000.0,20000.0
10040,5,large,400,200,115000.0,20000.0
10040,19,large,400,200,115000.0,20000.0
10040,22,large,400,200,115000.0,20000.0
10040,25,large,400,200,115000.0,20000.0
10040,68,large,400,200,115000.0,20000.0
10040,72,large,400,200,115000.0,20000.0
10044,1,large,400,200,115000.0,20000.0
10044,23,large,400,200,115000.0,20000.0
10044,24,large,400,200,115000.0,20000.0
10065,0,large,400,200,115000.0,20000.0
10065,1,large,400,200,115000.0,20000.0
10065,10,large,400,200,115000.0,20000.0
10065,11,large,400,200,115000.0,20000.0
10065,12,large,400,200,115000.0,20000.0
10065,19,large,400,200,115000.0,20000.0
10065,20,large,400,200,115000.0,20000.0
10069,0,large,400,200,115000.0,20000.0
10069,1,medium,200,100,95000.0,10000.0
10069,45,large,400,200,115000.0,20000.0
10075,71,large,400,200,115000.0,20000.0
10075,75,large,400,200,115000.0,20000.0
10075,77,large,400,200,115000.0,20000.0
10075,94,large,400,200,115000.0,20000.0
10128,0,large,400,200,115000.0,20000.0
10128,1,large,400,200,115000.0,20000.0
10128,2,large,400,200,115000.0,20000.0
10128,13,small,100,50,65000.0,5000.0
10128,22,large,400,200,115000.0,20000.0
10128,23,large,400,200,115000.0,20000.0
10128,25,large,400,200,115000.0,20000.0
10128,46,large,400,200,115000.0,20000.0
10128,47,large,400,200,115000.0,20000.0
10128,48,large,400,200,115000.0,20000.0
10280,51,large,400,200,115000.0,20000.0
10282,38,small,100,50,65000.0,5000.0
10282,80,large,400,200,115000.0,20000.0
10301,27,large,400,200,115000.0,20000.0
10301,34,large,400,200,115000.0,20000.0
10301,51,large,400,200,115000.0,20000.0
10301,55,large,400,200,115000.0,20000.0
10301,57,large,400,200,115000.0,20000.0
10301,74,large,400,200,115000.0,20000.0
10301,92,large,400,200,115000.0,20000.0
10301,95,large,400,200,115000.0,20000.0
10301,98,large,400,200,115000.0,20000.0
10302,0,large,400,200,115000.0,20000.0
10302,63,large,400,200,115000.0,20000.0
10302,76,small,100,50,65000.0,5000.0
10302,88,large,400,200,115000.0,20000.0
10302,95,large,400,200,115000.0,20000.0
10303,15,large,400,200,115000.0,20000.0
10303,17,large,400,200,115000.0,20000.0
10303,18,large,400,200,115000.0,20000.0
10303,63,large,400,200,115000.0,20000.0
10304,1,large,400,200,115000.0,20000.0
10304,53,large,400,200,115000.0,20000.0
10304,62,large,400,200,115000.0,20000.0
10304,66,large,400,200,115000.0,20000.0
10304,68,large,400,200,115000.0,20000.0
10304,95,large,400,200,115000.0,20000.0
10304,99,large,400,200,115000.0,20000.0
10305,0,large,400,200,115000.0,20000.0
10305,5,large,400,200,115000.0,20000.0
10305,25,large,400,200,115000.0,20000.0
10305,28,small,100,50,65000.0,5000.0
10305,58,large,400,200,115000.0,20000.0
10305,88,large,400,200,115000.0,20000.0
10306,0,large,400,200,115000.0,20000.0
10306,6,large,400,200,115000.0,20000.0
10306,43,medium,200,100,95000.0,10000.0
10306,49,large,400,200,115000.0,20000.0
10306,65,large,400,200,115000.0,20000.0
10306,69,large,400,200,115000.0,20000.0
10306,78,large,400,200,115000.0,20000.0
10306,82,large,400,200,115000.0,20000.0
10306,99,large,400,200,115000.0,20000.0
10307,11,large,400,200,115000.0,20000.0
10307,21,large,400,200,115000.0,20000.0
10307,22,medium,200,100,95000.0,10000.0
10307,91,large,400,200,115000.0,20000.0
10308,0,large,400,200,115000.0,20000.0
10308,1,large,400,200,115000.0,20000.0
10308,23,large,400,200,115000.0,20000.0
10308,62,medium,200,100,95000.0,10000.0
10309,0,large,400,200,115000.0,20000.0
10309,1,large,400,200,115000.0,20000.0
10309,9,large,400,200,115000.0,20000.0
10309,10,large,400,200,115000.0,20000.0
10309,13,small,100,50,65000.0,5000.0
10309,20,large,400,200,115000.0,20000.0
10309,21,large,400,200,115000.0,20000.0
10310,24,large,400,200,115000.0,20000.0
10310,27,large,400,200,115000.0,20000.0
10310,58,large,400,200,115000.0,20000.0
10310,61,large,400,200,115000.0,20000.0
10310,69,large,400,200,115000.0,20000.0
10310,91,large,400,200,115000.0,20000.0
10310,99,large,400,200,115000.0,20000.0
10312,42,large,400,200,115000.0,20000.0
10312,71,large,400,200,115000.0,20000.0
10312,85,large,400,200,115000.0,20000.0
10312,87,large,400,200,115000.0,20000.0
10312,88,large,400,200,115000.0,20000.0
10312,90,large,400,200,115000.0,20000.0
10312,91,large,400,200,115000.0,20000.0
10312,92,large,400,200,115000.0,20000.0
10312,94,large,400,200,115000.0,20000.0
10312,95,large,400,200,115000.0,20000.0
10312,97,large,400,200,115000.0,20000.0
10312,98,large,400,200,115000.0,20000.0
10314,16,large,400,200,115000.0,20000.0
10314,46,large,400,200,115000.0,20000.0
10314,56,large,400,200,115000.0,20000.0
10314,63,large,400,200,115000.0,20000.0
10314,66,large,400,200,115000.0,20000.0
10314,67,large,400,200,115000.0,20000.0
10314,72,large,400,200,115000.0,20000.0
10314,83,large,400,200,115000.0,20000.0
10314,85,large,400,200,115000.0,20000.0
10314,86,large,400,200,115000.0,20000.0
10314,91,large,400,200,115000.0,20000.0
10314,92,large,400,200,115000.0,20000.0
10314,94,large,400,200,115000.0,20000.0
10314,95,large,400,200,115000.0,20000.0
10314,96,large,400,200,115000.0,20000.0
10314,97,large,400,200,115000.0,20000.0
10314,99,large,400,200,115000.0,20000.0
10451,10,large,400,200,115000.0,20000.0
10451,24,large,400,200,115000.0,20000.0
10451,29,large,400,200,115000.0,20000.0
10451,51,large,400,200,115000.0,20000.0
10451,52,large,400,200,115000.0,20000.0
10451,78,large,400,200,115000.0,20000.0
10451,86,large,400,200,115000.0,20000.0
10451,92,large,400,200,115000.0,20000.0
10451,93,large,400,200,115000.0,20000.0
10451,95,large,400,200,115000.0,20000.0
10451,97,large,400,200,115000.0,20000.0
10452,12,large,400,200,115000.0,20000.0
10452,22,large,400,200,115000.0,20000.0
10452,32,large,400,200,115000.0,20000.0
10452,33,large,400,200,115000.0,20000.0
10452,36,large,400,200,115000.0,20000.0
10452,44,large,400,200,115000.0,20000.0
10452,48,large,400,200,115000.0,20000.0
10452,57,large,400,200,115000.0,20000.0
10452,60,large,400,200,115000.0,20000.0
10452,70,large,400,200,115000.0,20000.0
10452,79,large,400,200,115000.0,20000.0
10452,83,large,400,200,115000.0,20000.0
10452,85,large,400,200,115000.0,20000.0
10452,90,large,400,200,115000.0,20000.0
10452,92,large,400,200,115000.0,20000.0
10452,94,large,400,200,115000.0,20000.0
10453,2,large,400,200,115000.0,20000.0
10453,5,large,400,200,115000.0,20000.0
10453,22,large,400,200,115000.0,20000.0
10453,25,large,400,200,115000.0,20000.0
10453,30,large,400,200,115000.0,20000.0
10453,40,large,400,200,115000.0,20000.0
10453,50,large,400,200,115000.0,20000.0
10453,52,large,400,200,115000.0,20000.0
10453,55,large,400,200,115000.0,20000.0
10453,57,large,400,200,115000.0,20000.0
10453,61,large,400,200,115000.0,20000.0
10453,64,large,400,200,115000.0,20000.0
10453,66,large,400,200,115000.0,20000.0
10453,67,large,400,200,115000.0,20000.0
10453,72,large,400,200,115000.0,20000.0
10453,86,large,400,200,115000.0,20000.0
10454,37,large,400,200,115000.0,20000.0
10454,68,large,400,200,115000.0,20000.0
10454,82,large,400,200,115000.0,20000.0
10454,85,large,400,200,115000.0,20000.0
10454,86,large,400,200,115000.0,20000.0
10454,95,large,400,200,115000.0,20000.0
10454,96,large,400,200,115000.0,20000.0
10454,97,large,400,200,115000.0,20000.0
10455,0,large,400,200,115000.0,20000.0
10455,32,large,400,200,115000.0,20000.0
10455,56,large,400,200,115000.0,20000.0
10455,61,large,400,200,115000.0,20000.0
10455,72,large,400,200,115000.0,20000.0
10455,76,large,400,200,115000.0,20000.0
10455,77,large,400,200,115000.0,20000.0
10455,97,large,400,200,115000.0,20000.0
10456,3,large,400,200,115000.0,20000.0
10456,6,large,400,200,115000.0,20000.0
10456,7,large,400,200,115000.0,20000.0
10456,12,large,400,200,115000.0,20000.0
10456,18,large,400,200,115000.0,20000.0
10456,29,large,400,200,115000.0,20000.0
10456,30,large,400,200,115000.0,20000.0
10456,31,large,400,200,115000.0,20000.0
10456,37,large,400,200,115000.0,20000.0
10456,47,large,400,200,115000.0,20000.0
10456,55,large,400,200,115000.0,20000.0
10456,60,large,400,200,115000.0,20000.0
10456,62,large,400,200,115000.0,20000.0
10456,65,large,400,200,115000.0,20000.0
10456,68,large,400,200,115000.0,20000.0
10456,74,large,400,200,115000.0,20000.0
10456,77,large,400,200,115000.0,20000.0
10456,80,large,400,200,115000.0,20000.0
10456,89,large,400,200,115000.0,20000.0
10456,97,large,400,200,115000.0,20000.0
10457,7,large,400,200,115000.0,20000.0
10457,9,large,400,200,115000.0,20000.0
10457,18,large,400,200,115000.0,20000.0
10457,23,large,400,200,115000.0,20000.0
10457,25,large,400,200,115000.0,20000.0
10457,27,large,400,200,115000.0,20000.0
10457,28,large,400,200,115000.0,20000.0
10457,30,large,400,200,115000.0,20000.0
10457,32,large,400,200,115000.0,20000.0
10457,35,large,400,200,115000.0,20000.0
10457,39,large,400,200,115000.0,20000.0
10457,43,large,400,200,115000.0,20000.0
10457,45,large,400,200,115000.0,20000.0
10457,46,large,400,200,115000.0,20000.0
10457,53,large,400,200,115000.0,20000.0
10457,56,large,400,200,115000.0,20000.0
10457,64,large,400,200,115000.0,20000.0
10457,67,large,400,200,115000.0,20000.0
10457,74,large,400,200,115000.0,20000.0
10457,78,large,400,200,115000.0,20000.0
10457,80,large,400,200,115000.0,20000.0
10458,4,large,400,200,115000.0,20000.0
10458,7,large,400,200,115000.0,20000.0
10458,16,large,400,200,115000.0,20000.0
10458,20,large,400,200,115000.0,20000.0
10458,22,large,400,200,115000.0,20000.0
10458,26,large,400,200,115000.0,20000.0
10458,33,large,400,200,115000.0,20000.0
10458,37,large,400,200,115000.0,20000.0
10458,39,large,400,200,115000.0,20000.0
10458,50,large,400,200,115000.0,20000.0
10458,61,large,400,200,115000.0,20000.0
10458,66,large,400,200,115000.0,20000.0
10458,69,large,400,200,115000.0,20000.0
10458,72,large,400,200,115000.0,20000.0
10458,74,large,400,200,115000.0,20000.0
10458,81,large,400,200,115000.0,20000.0
10458,85,large,400,200,115000.0,20000.0
10458,91,large,400,200,115000.0,20000.0
10459,6,large,400,200,115000.0,20000.0
10459,9,large,400,200,115000.0,20000.0
10459,13,large,400,200,115000.0,20000.0
10459,15,large,400,200,115000.0,20000.0
10459,19,large,400,200,115000.0,20000.0
10459,20,large,400,200,115000.0,20000.0
10459,23,large,400,200,115000.0,20000.0
10459,25,large,400,200,115000.0,20000.0
10459,38,large,400,200,115000.0,20000.0
10459,39,large,400,200,115000.0,20000.0
10459,78,large,400,200,115000.0,20000.0
10459,83,large,400,200,115000.0,20000.0
10460,13,large,400,200,115000.0,20000.0
10460,27,large,400,200,115000.0,20000.0
10460,29,large,400,200,115000.0,20000.0
10460,30,large,400,200,115000.0,20000.0
10460,43,large,400,200,115000.0,20000.0
10460,58,large,400,200,115000.0,20000.0
10460,71,large,400,200,115000.0,20000.0
10460,79,large,400,200,115000.0,20000.0
10460,82,large,400,200,115000.0,20000.0
10460,87,large,400,200,115000.0,20000.0
10460,90,large,400,200,115000.0,20000.0
10460,94,large,400,200,115000.0,20000.0
10461,18,large,400,200,115000.0,20000.0
10461,52,large,400,200,115000.0,20000.0
10461,71,large,400,200,115000.0,20000.0
10461,82,large,400,200,115000.0,20000.0
10461,84,large,400,200,115000.0,20000.0
10461,86,large,400,200,115000.0,20000.0
10461,90,large,400,200,115000.0,20000.0
10461,91,large,400,200,115000.0,20000.0
10461,98,large,400,200,115000.0,20000.0
10462,6,large,400,200,115000.0,20000.0
10462,24,large,400,200,115000.0,20000.0
10462,25,large,400,200,115000.0,20000.0
10462,28,large,400,200,115000.0,20000.0
10462,44,large,400,200,115000.0,20000.0
10462,46,large,400,200,115000.0,20000.0
10462,49,large,400,200,115000.0,20000.0
10462,54,large,400,200,115000.0,20000.0
10462,55,large,400,200,115000.0,20000.0
10462,66,large,400,200,115000.0,20000.0
10462,73,large,400,200,115000.0,20000.0
10462,74,large,400,200,115000.0,20000.0
10462,79,large,400,200,115000.0,20000.0
10462,85,large,400,200,115000.0,20000.0
10462,86,large,400,200,115000.0,20000.0
10462,88,large,400,200,115000.0,20000.0
10462,98,large,400,200,115000.0,20000.0
10462,99,large,400,200,115000.0,20000.0
10463,0,large,400,200,115000.0,20000.0
10463,8,large,400,200,115000.0,20000.0
10463,20,large,400,200,115000.0,20000.0
10463,32,large,400,200,115000.0,20000.0
10463,33,large,400,200,115000.0,20000.0
10463,37,large,400,200,115000.0,20000.0
10463,38,large,400,200,115000.0,20000.0
10463,41,large,400,200,115000.0,20000.0
10463,65,large,400,200,115000.0,20000.0
10463,71,large,400,200,115000.0,20000.0
10463,92,large,400,200,115000.0,20000.0
10463,97,large,400,200,115000.0,20000.0
10463,99,large,400,200,115000.0,20000.0
10464,86,small,100,50,65000.0,5000.0
10465,1,large,400,200,115000.0,20000.0
10465,9,large,400,200,115000.0,20000.0
10465,13,large,400,200,115000.0,20000.0
10465,33,large,400,200,115000.0,20000.0
10465,45,large,400,200,115000.0,20000.0
10465,48,large,400,200,115000.0,20000.0
10465,60,large,400,200,115000.0,20000.0
10465,67,large,400,200,115000.0,20000.0
10465,84,large,400,200,115000.0,20000.0
10465,85,small,100,50,65000.0,5000.0
10465,95,large,400,200,115000.0,20000.0
10466,36,large,400,200,115000.0,20000.0
10466,37,large,400,200,115000.0,20000.0
10466,40,large,400,200,115000.0,20000.0
10466,41,large,400,200,115000.0,20000.0
10466,54,large,400,200,115000.0,20000.0
10466,61,large,400,200,115000.0,20000.0
10466,77,large,400,200,115000.0,20000.0
10466,78,large,400,200,115000.0,20000.0
10466,84,large,400,200,115000.0,20000.0
10466,85,large,400,200,115000.0,20000.0
10466,87,large,400,200,115000.0,20000.0
10466,92,large,400,200,115000.0,20000.0
10466,95,large,400,200,115000.0,20000.0
10466,97,large,400,200,115000.0,20000.0
10467,22,large,400,200,115000.0,20000.0
10467,25,large,400,200,115000.0,20000.0
10467,27,large,400,200,115000.0,20000.0
10467,30,large,400,200,115000.0,20000.0
10467,40,large,400,200,115000.0,20000.0
10467,41,large,400,200,115000.0,20000.0
10467,44,large,400,200,115000.0,20000.0
10467,49,large,400,200,115000.0,20000.0
10467,60,large,400,200,115000.0,20000.0
10467,62,large,400,200,115000.0,20000.0
10467,77,large,400,200,115000.0,20000.0
10467,80,large,400,200,115000.0,20000.0
10467,82,large,400,200,115000.0,20000.0
10467,83,large,400,200,115000.0,20000.0
10467,84,large,400,200,115000.0,20000.0
10467,89,large,400,200,115000.0,20000.0
10467,93,large,400,200,115000.0,20000.0
10467,94,large,400,200,115000.0,20000.0
10467,98,large,400,200,115000.0,20000.0
10468,9,large,400,200,115000.0,20000.0
10468,14,large,400,200,115000.0,20000.0
10468,17,large,400,200,115000.0,20000.0
10468,23,large,400,200,115000.0,20000.0
10468,26,large,400,200,115000.0,20000.0
10468,31,large,400,200,115000.0,20000.0
10468,34,large,400,200,115000.0,20000.0
10468,36,large,400,200,115000.0,20000.0
10468,40,large,400,200,115000.0,20000.0
10468,46,large,400,200,115000.0,20000.0
10468,48,large,400,200,115000.0,20000.0
10468,51,large,400,200,115000.0,20000.0
10468,56,large,400,200,115000.0,20000.0
10468,57,large,400,200,115000.0,20000.0
10468,63,large,400,200,115000.0,20000.0
10468,69,large,400,200,115000.0,20000.0
10468,74,large,400,200,115000.0,20000.0
10468,79,large,400,200,115000.0,20000.0
10468,80,large,400,200,115000.0,20000.0
10468,89,large,400,200,115000.0,20000.0
10468,96,large,400,200,115000.0,20000.0
10469,1,large,400,200,115000.0,20000.0
10469,25,large,400,200,115000.0,20000.0
10469,42,large,400,200,115000.0,20000.0
10469,75,large,400,200,115000.0,20000.0
10469,76,large,400,200,115000.0,20000.0
10469,78,large,400,200,115000.0,20000.0
10469,79,large,400,200,115000.0,20000.0
10469,80,large,400,200,115000.0,20000.0
10469,83,large,400,200,115000.0,20000.0
10469,84,large,400,200,115000.0,20000.0
10469,86,large,400,200,115000.0,20000.0
10469,95,large,400,200,115000.0,20000.0
10469,96,large,400,200,115000.0,20000.0
10469,98,large,400,200,115000.0,20000.0
10470,23,large,400,200,115000.0,20000.0
10470,44,large,400,200,115000.0,20000.0
10470,72,large,400,200,115000.0,20000.0
10470,74,small,100,50,65000.0,5000.0
10470,82,large,400,200,115000.0,20000.0
10471,2,large,400,200,115000.0,20000.0
10471,52,large,400,200,115000.0,20000.0
10471,54,small,100,50,65000.0,5000.0
10471,77,large,400,200,115000.0,20000.0
10472,15,large,400,200,115000.0,20000.0
10472,20,large,400,200,115000.0,20000.0
10472,21,large,400,200,115000.0,20000.0
10472,28,large,400,200,115000.0,20000.0
10472,33,large,400,200,115000.0,20000.0
10472,54,large,400,200,115000.0,20000.0
10472,58,large,400,200,115000.0,20000.0
10472,70,large,400,200,115000.0,20000.0
10472,72,large,400,200,115000.0,20000.0
10472,73,large,400,200,115000.0,20000.0
10472,74,large,400,200,115000.0,20000.0
10472,77,large,400,200,115000.0,20000.0
10472,89,large,400,200,115000.0,20000.0
10472,91,large,400,200,115000.0,20000.0
10472,96,large,400,200,115000.0,20000.0
10472,97,large,400,200,115000.0,20000.0
10472,98,large,400,200,115000.0,20000.0
10473,33,large,400,200,115000.0,20000.0
10473,37,large,400,200,115000.0,20000.0
10473,40,large,400,200,115000.0,20000.0
10473,45,large,400,200,115000.0,20000.0
10473,47,large,400,200,115000.0,20000.0
10473,52,large,400,200,115000.0,20000.0
10473,53,large,400,200,115000.0,20000.0
10473,61,large,400,200,115000.0,20000.0
10473,63,large,400,200,115000.0,20000.0
10473,80,large,400,200,115000.0,20000.0
10473,93,large,400,200,115000.0,20000.0
10474,29,large,400,200,115000.0,20000.0
10474,39,large,400,200,115000.0,20000.0
10474,40,large,400,200,115000.0,20000.0
10475,0,large,400,200,115000.0,20000.0
10475,1,large,400,200,115000.0,20000.0
10475,3,large,400,200,115000.0,20000.0
10475,6,large,400,200,115000.0,20000.0
10475,7,large,400,200,115000.0,20000.0
10475,8,large,400,200,115000.0,20000.0
10475,26,large,400,200,115000.0,20000.0
10475,30,large,400,200,115000.0,20000.0
10475,63,large,400,200,115000.0,20000.0
10475,74,large,400,200,115000.0,20000.0
10502,4,large,400,200,115000.0,20000.0
10506,45,large,400,200,115000.0,20000.0
10507,70,large,400,200,115000.0,20000.0
10511,90,medium,200,100,95000.0,10000.0
10512,23,large,400,200,115000.0,20000.0
10512,51,large,400,200,115000.0,20000.0
10512,52,large,400,200,115000.0,20000.0
10514,2,medium,200,100,95000.0,10000.0
10516,1,small,100,50,65000.0,5000.0
10524,96,medium,200,100,95000.0,10000.0
10528,40,small,100,50,65000.0,5000.0
10530,50,large,400,200,115000.0,20000.0
10530,51,large,400,200,115000.0,20000.0
10533,29,large,400,200,115000.0,20000.0
10533,62,small,100,50,65000.0,5000.0
10536,88,large,400,200,115000.0,20000.0
10538,26,large,400,200,115000.0,20000.0
10538,98,large,400,200,115000.0,20000.0
10541,46,large,400,200,115000.0,20000.0
10543,12,large,400,200,115000.0,20000.0
10543,48,medium,200,100,95000.0,10000.0
10548,35,large,400,200,115000.0,20000.0
10549,12,medium,200,100,95000.0,10000.0
10549,20,large,400,200,115000.0,20000.0
10550,26,large,400,200,115000.0,20000.0
10550,27,large,400,200,115000.0,20000.0
10550,29,large,400,200,115000.0,20000.0
10550,32,large,400,200,115000.0,20000.0
10550,34,large,400,200,115000.0,20000.0
10550,99,small,100,50,65000.0,5000.0
10552,5,large,400,200,115000.0,20000.0
10552,49,large,400,200,115000.0,20000.0
10552,80,medium,200,100,95000.0,10000.0
10553,0,large,400,200,115000.0,20000.0
10553,4,medium,200,100,95000.0,10000.0
10560,22,large,400,200,115000.0,20000.0
10560,72,small,100,50,65000.0,5000.0
10562,22,large,400,200,115000.0,20000.0
10562,37,large,400,200,115000.0,20000.0
10562,48,small,100,50,65000.0,5000.0
10566,71,large,400,200,115000.0,20000.0
10566,87,small,100,50,65000.0,5000.0
10567,66,large,400,200,115000.0,20000.0
10567,83,large,400,200,115000.0,20000.0
10567,99,large,400,200,115000.0,20000.0
10570,45,large,400,200,115000.0,20000.0
10570,67,medium,200,100,95000.0,10000.0
10573,34,large,400,200,115000.0,20000.0
10573,35,large,400,200,115000.0,20000.0
10573,39,large,400,200,115000.0,20000.0
10573,49,large,400,200,115000.0,20000.0
10573,94,large,400,200,115000.0,20000.0
10576,17,medium,200,100,95000.0,10000.0
10580,1,large,400,200,115000.0,20000.0
10580,22,large,400,200,115000.0,20000.0
10583,10,large,400,200,115000.0,20000.0
10583,33,large,400,200,115000.0,20000.0
10588,6,small,100,50,65000.0,5000.0
10588,53,large,400,200,115000.0,20000.0
10589,50,medium,200,100,95000.0,10000.0
10590,11,small,100,50,65000.0,5000.0
10591,93,medium,200,100,95000.0,10000.0
10594,61,small,100,50,65000.0,5000.0
10594,84,large,400,200,115000.0,20000.0
10603,1,large,400,200,115000.0,20000.0
10603,2,large,400,200,115000.0,20000.0
10603,11,large,400,200,115000.0,20000.0
10603,92,medium,200,100,95000.0,10000.0
10607,9,small,100,50,65000.0,5000.0
10701,52,large,400,200,115000.0,20000.0
10701,54,large,400,200,115000.0,20000.0
10701,55,large,400,200,115000.0,20000.0
10701,57,large,400,200,115000.0,20000.0
10701,58,large,400,200,115000.0,20000.0
10701,61,large,400,200,115000.0,20000.0
10701,65,large,400,200,115000.0,20000.0
10701,89,large,400,200,115000.0,20000.0
10701,93,large,400,200,115000.0,20000.0
10701,94,large,400,200,115000.0,20000.0
10701,99,large,400,200,115000.0,20000.0
10703,39,large,400,200,115000.0,20000.0
10703,68,large,400,200,115000.0,20000.0
10703,95,large,400,200,115000.0,20000.0
10704,22,large,400,200,115000.0,20000.0
10704,26,large,400,200,115000.0,20000.0
10704,54,large,400,200,115000.0,20000.0
10704,73,large,400,200,115000.0,20000.0
10704,90,large,400,200,115000.0,20000.0
10704,95,large,400,200,115000.0,20000.0
10705,0,large,400,200,115000.0,20000.0
10705,8,large,400,200,115000.0,20000.0
10705,48,large,400,200,115000.0,20000.0
10705,72,large,400,200,115000.0,20000.0
10705,78,large,400,200,115000.0,20000.0
10707,82,large,400,200,115000.0,20000.0
10708,0,large,400,200,115000.0,20000.0
10708,10,large,400,200,115000.0,20000.0
10708,21,large,400,200,115000.0,20000.0
10708,90,small,100,50,65000.0,5000.0
10709,7,small,100,50,65000.0,5000.0
10709,24,large,400,200,115000.0,20000.0
10710,27,large,400,200,115000.0,20000.0
10710,38,large,400,200,115000.0,20000.0
10710,49,large,400,200,115000.0,20000.0
10710,84,large,400,200,115000.0,20000.0
10801,49,large,400,200,115000.0,20000.0
10801,82,large,400,200,115000.0,20000.0
10803,37,medium,200,100,95000.0,10000.0
10805,1,large,400,200,115000.0,20000.0
10805,50,large,400,200,115000.0,20000.0
10805,61,small,100,50,65000.0,5000.0
10805,72,large,400,200,115000.0,20000.0
10901,54,large,400,200,115000.0,20000.0
10901,61,large,400,200,115000.0,20000.0
10901,96,medium,200,100,95000.0,10000.0
10916,26,large,400,200,115000.0,20000.0
10917,43,large,400,200,115000.0,20000.0
10918,0,large,400,200,115000.0,20000.0
10918,46,large,400,200,115000.0,20000.0
10923,1,large,400,200,115000.0,20000.0
10923,5,small,100,50,65000.0,5000.0
10923,62,large,400,200,115000.0,20000.0
10924,2,large,400,200,115000.0,20000.0
10925,48,medium,200,100,95000.0,10000.0
10925,73,small,100,50,65000.0,5000.0
10926,45,large,400,200,115000.0,20000.0
10927,21,large,400,200,115000.0,20000.0
10927,54,large,400,200,115000.0,20000.0
10928,4,large,400,200,115000.0,20000.0
10930,12,large,400,200,115000.0,20000.0
10940,48,large,400,200,115000.0,20000.0
10940,58,large,400,200,115000.0,20000.0
10940,60,large,400,200,115000.0,20000.0
10940,61,large,400,200,115000.0,20000.0
10940,63,large,400,200,115000.0,20000.0
10940,64,large,400,200,115000.0,20000.0
10940,65,large,400,200,115000.0,20000.0
10950,19,small,100,50,65000.0,5000.0
10950,44,large,400,200,115000.0,20000.0
10950,50,large,400,200,115000.0,20000.0
10950,51,large,400,200,115000.0,20000.0
10950,52,large,400,200,115000.0,20000.0
10950,56,large,400,200,115000.0,20000.0
10950,57,large,400,200,115000.0,20000.0
10950,58,large,400,200,115000.0,20000.0
10950,59,large,400,200,115000.0,20000.0
10950,61,large,400,200,115000.0,20000.0
10950,62,large,400,200,115000.0,20000.0
10950,64,large,400,200,115000.0,20000.0
10950,66,large,400,200,115000.0,20000.0
10950,67,large,400,200,115000.0,20000.0
10950,68,large,400,200,115000.0,20000.0
10950,69,large,400,200,115000.0,20000.0
10950,71,large,400,200,115000.0,20000.0
10950,72,large,400,200,115000.0,20000.0
10950,73,large,400,200,115000.0,20000.0
10950,74,large,400,200,115000.0,20000.0
10950,75,large,400,200,115000.0,20000.0
10950,80,large,400,200,115000.0,20000.0
10950,87,large,400,200,115000.0,20000.0
10950,90,large,400,200,115000.0,20000.0
10950,93,large,400,200,115000.0,20000.0
10950,94,large,400,200,115000.0,20000.0
10950,98,large,400,200,115000.0,20000.0
10952,4,large,400,200,115000.0,20000.0
10952,22,large,400,200,115000.0,20000.0
10952,23,large,400,200,115000.0,20000.0
10952,25,large,400,200,115000.0,20000.0
10952,33,large,400,200,115000.0,20000.0
10952,36,large,400,200,115000.0,20000.0
10952,43,large,400,200,115000.0,20000.0
10952,47,large,400,200,115000.0,20000.0
10952,49,large,400,200,115000.0,20000.0
10952,51,large,400,200,115000.0,20000.0
10952,58,large,400,200,115000.0,20000.0
10952,64,large,400,200,115000.0,20000.0
10952,66,large,400,200,115000.0,20000.0
10952,69,large,400,200,115000.0,20000.0
10952,75,large,400,200,115000.0,20000.0
10952,80,large,400,200,115000.0,20000.0
10952,81,large,400,200,115000.0,20000.0
10952,82,large,400,200,115000.0,20000.0
10952,83,large,400,200,115000.0,20000.0
10952,84,large,400,200,115000.0,20000.0
10952,85,large,400,200,115000.0,20000.0
10952,95,large,400,200,115000.0,20000.0
10952,98,large,400,200,115000.0,20000.0
10954,2,large,400,200,115000.0,20000.0
10954,22,large,400,200,115000.0,20000.0
10954,23,large,400,200,115000.0,20000.0
10954,47,large,400,200,115000.0,20000.0
10956,39,large,400,200,115000.0,20000.0
10960,12,medium,200,100,95000.0,10000.0
10962,84,large,400,200,115000.0,20000.0
10963,31,medium,200,100,95000.0,10000.0
10965,50,large,400,200,115000.0,20000.0
10970,2,large,400,200,115000.0,20000.0
10970,51,large,400,200,115000.0,20000.0
10970,73,medium,200,100,95000.0,10000.0
10970,75,large,400,200,115000.0,20000.0
10974,96,large,400,200,115000.0,20000.0
10977,21,large,400,200,115000.0,20000.0
10977,33,large,400,200,115000.0,20000.0
10977,36,large,400,200,115000.0,20000.0
10977,39,large,400,200,115000.0,20000.0
10977,41,large,400,200,115000.0,20000.0
10977,44,large,400,200,115000.0,20000.0
10977,48,large,400,200,115000.0,20000.0
10977,51,large,400,200,115000.0,20000.0
10977,52,large,400,200,115000.0,20000.0
10977,53,large,400,200,115000.0,20000.0
10977,54,large,400,200,115000.0,20000.0
10977,55,large,400,200,115000.0,20000.0
10977,56,large,400,200,115000.0,20000.0
10977,57,large,400,200,115000.0,20000.0
10977,58,large,400,200,115000.0,20000.0
10977,59,large,400,200,115000.0,20000.0
10977,61,large,400,200,115000.0,20000.0
10977,65,large,400,200,115000.0,20000.0
10977,69,large,400,200,115000.0,20000.0
10977,75,large,400,200,115000.0,20000.0
10977,80,large,400,200,115000.0,20000.0
10977,97,large,400,200,115000.0,20000.0
10980,47,large,400,200,115000.0,20000.0
10980,75,large,400,200,115000.0,20000.0
10983,97,medium,200,100,95000.0,10000.0
10984,39,large,400,200,115000.0,20000.0
10987,42,medium,200,100,95000.0,10000.0
10989,22,small,100,50,65000.0,5000.0
10990,0,large,400,200,115000.0,20000.0
10992,27,large,400,200,115000.0,20000.0
10998,0,large,400,200,115000.0,20000.0
11001,45,large,400,200,115000.0,20000.0
11001,50,large,400,200,115000.0,20000.0
11001,51,large,400,200,115000.0,20000.0
11003,23,large,400,200,115000.0,20000.0
11003,24,large,400,200,115000.0,20000.0
11003,52,large,400,200,115000.0,20000.0
11003,53,large,400,200,115000.0,20000.0
11003,54,large,400,200,115000.0,20000.0
11003,56,large,400,200,115000.0,20000.0
11003,58,large,400,200,115000.0,20000.0
11004,16,large,400,200,115000.0,20000.0
11004,38,large,400,200,115000.0,20000.0
11004,99,large,400,200,115000.0,20000.0
11010,2,large,400,200,115000.0,20000.0
11010,24,large,400,200,115000.0,20000.0
11010,52,large,400,200,115000.0,20000.0
11010,53,large,400,200,115000.0,20000.0
11010,54,large,400,200,115000.0,20000.0
11020,35,small,100,50,65000.0,5000.0
11021,41,large,400,200,115000.0,20000.0
11021,78,large,400,200,115000.0,20000.0
11023,0,large,400,200,115000.0,20000.0
11023,24,small,100,50,65000.0,5000.0
11024,11,large,400,200,115000.0,20000.0
11030,52,large,400,200,115000.0,20000.0
11040,7,large,400,200,115000.0,20000.0
11040,99,large,400,200,115000.0,20000.0
11050,49,large,400,200,115000.0,20000.0
11096,48,large,400,200,115000.0,20000.0
11096,74,large,400,200,115000.0,20000.0
11101,10,large,400,200,115000.0,20000.0
11101,27,large,400,200,115000.0,20000.0
11101,33,large,400,200,115000.0,20000.0
11101,50,large,400,200,115000.0,20000.0
11101,77,large,400,200,115000.0,20000.0
11101,80,large,400,200,115000.0,20000.0
11102,0,large,400,200,115000.0,20000.0
11102,5,large,400,200,115000.0,20000.0
11102,24,large,400,200,115000.0,20000.0
11102,46,large,400,200,115000.0,20000.0
11103,2,large,400,200,115000.0,20000.0
11103,26,large,400,200,115000.0,20000.0
11103,51,large,400,200,115000.0,20000.0
11103,53,large,400,200,115000.0,20000.0
11103,54,large,400,200,115000.0,20000.0
11104,24,large,400,200,115000.0,20000.0
11104,25,large,400,200,115000.0,20000.0
11104,26,large,400,200,115000.0,20000.0
11104,51,large,400,200,115000.0,20000.0
11104,52,large,400,200,115000.0,20000.0
11105,0,large,400,200,115000.0,20000.0
11105,3,large,400,200,115000.0,20000.0
11105,10,large,400,200,115000.0,20000.0
11105,24,large,400,200,115000.0,20000.0
11105,43,medium,200,100,95000.0,10000.0
11105,44,large,400,200,115000.0,20000.0
11105,52,large,400,200,115000.0,20000.0
11106,3,large,400,200,115000.0,20000.0
11106,13,large,400,200,115000.0,20000.0
11106,15,large,400,200,115000.0,20000.0
11106,16,large,400,200,115000.0,20000.0
11106,18,large,400,200,115000.0,20000.0
11106,19,large,400,200,115000.0,20000.0
11109,54,large,400,200,115000.0,20000.0
11109,65,large,400,200,115000.0,20000.0
11109,75,large,400,200,115000.0,20000.0
11201,1,large,400,200,115000.0,20000.0
11201,6,large,400,200,115000.0,20000.0
11201,11,large,400,200,115000.0,20000.0
11201,18,large,400,200,115000.0,20000.0
11201,21,large,400,200,115000.0,20000.0
11201,26,large,400,200,115000.0,20000.0
11201,44,large,400,200,115000.0,20000.0
11201,47,large,400,200,115000.0,20000.0
11201,48,large,400,200,115000.0,20000.0
11201,52,large,400,200,115000.0,20000.0
11201,55,large,400,200,115000.0,20000.0
11201,56,large,400,200,115000.0,20000.0
11201,60,large,400,200,115000.0,20000.0
11201,61,large,400,200,115000.0,20000.0
11201,82,large,400,200,115000.0,20000.0
11201,97,large,400,200,115000.0,20000.0
11203,22,large,400,200,115000.0,20000.0
11203,31,large,400,200,115000.0,20000.0
11203,40,large,400,200,115000.0,20000.0
11203,61,large,400,200,115000.0,20000.0
11203,65,large,400,200,115000.0,20000.0
11203,81,large,400,200,115000.0,20000.0
11203,90,large,400,200,115000.0,20000.0
11203,91,large,400,200,115000.0,20000.0
11203,93,large,400,200,115000.0,20000.0
11203,94,large,400,200,115000.0,20000.0
11203,95,large,400,200,115000.0,20000.0
11203,98,large,400,200,115000.0,20000.0
11204,1,large,400,200,115000.0,20000.0
11204,4,large,400,200,115000.0,20000.0
11204,7,large,400,200,115000.0,20000.0
11204,8,large,400,200,115000.0,20000.0
11204,11,large,400,200,115000.0,20000.0
11204,15,large,400,200,115000.0,20000.0
11204,21,large,400,200,115000.0,20000.0
11204,23,large,400,200,115000.0,20000.0
11204,32,large,400,200,115000.0,20000.0
11204,42,large,400,200,115000.0,20000.0
11204,45,large,400,200,115000.0,20000.0
11204,51,large,400,200,115000.0,20000.0
11204,53,large,400,200,115000.0,20000.0
11204,54,large,400,200,115000.0,20000.0
11204,55,large,400,200,115000.0,20000.0
11204,57,large,400,200,115000.0,20000.0
11204,67,large,400,200,115000.0,20000.0
11204,68,large,400,200,115000.0,20000.0
11204,89,large,400,200,115000.0,20000.0
11204,90,large,400,200,115000.0,20000.0
11204,91,large,400,200,115000.0,20000.0
11204,94,large,400,200,115000.0,20000.0
11204,96,large,400,200,115000.0,20000.0
11205,0,large,400,200,115000.0,20000.0
11205,1,large,400,200,115000.0,20000.0
11205,2,large,400,200,115000.0,20000.0
11205,3,large,400,200,115000.0,20000.0
11205,4,large,400,200,115000.0,20000.0
11205,5,large,400,200,115000.0,20000.0
11205,52,large,400,200,115000.0,20000.0
11205,54,large,400,200,115000.0,20000.0
11205,56,large,400,200,115000.0,20000.0
11205,58,large,400,200,115000.0,20000.0
11205,60,medium,200,100,95000.0,10000.0
11205,75,large,400,200,115000.0,20000.0
11205,76,large,400,200,115000.0,20000.0
11205,78,large,400,200,115000.0,20000.0
11205,79,large,400,200,115000.0,20000.0
11205,80,large,400,200,115000.0,20000.0
11206,1,large,400,200,115000.0,20000.0
11206,22,large,400,200,115000.0,20000.0
11206,32,large,400,200,115000.0,20000.0
11206,36,large,400,200,115000.0,20000.0
11206,40,large,400,200,115000.0,20000.0
11206,41,large,400,200,115000.0,20000.0
11206,43,large,400,200,115000.0,20000.0
11206,45,large,400,200,115000.0,20000.0
11206,48,large,400,200,115000.0,20000.0
11206,50,large,400,200,115000.0,20000.0
11206,52,large,400,200,115000.0,20000.0
11206,53,large,400,200,115000.0,20000.0
11206,55,large,400,200,115000.0,20000.0
11206,59,large,400,200,115000.0,20000.0
11206,60,large,400,200,115000.0,20000.0
11206,61,large,400,200,115000.0,20000.0
11206,63,large,400,200,115000.0,20000.0
11206,65,large,400,200,115000.0,20000.0
11206,77,large,400,200,115000.0,20000.0
11206,80,large,400,200,115000.0,20000.0
11206,81,large,400,200,115000.0,20000.0
11206,82,large,400,200,115000.0,20000.0
11206,91,large,400,200,115000.0,20000.0
11207,0,large,400,200,115000.0,20000.0
11207,10,large,400,200,115000.0,20000.0
11207,15,large,400,200,115000.0,20000.0
11207,16,large,400,200,115000.0,20000.0
11207,22,large,400,200,115000.0,20000.0
11207,24,large,400,200,115000.0,20000.0
11207,51,large,400,200,115000.0,20000.0
11207,54,large,400,200,115000.0,20000.0
11207,56,large,400,200,115000.0,20000.0
11207,57,large,400,200,115000.0,20000.0
11207,62,large,400,200,115000.0,20000.0
11207,65,large,400,200,115000.0,20000.0
11207,74,large,400,200,115000.0,20000.0
11207,81,large,400,200,115000.0,20000.0
11207,90,large,400,200,115000.0,20000.0
11207,91,large,400,200,115000.0,20000.0
11207,95,large,400,200,115000.0,20000.0
11207,96,large,400,200,115000.0,20000.0
11207,99,large,400,200,115000.0,20000.0
11208,7,large,400,200,115000.0,20000.0
11208,8,large,400,200,115000.0,20000.0
11208,9,large,400,200,115000.0,20000.0
11208,15,large,400,200,115000.0,20000.0
11208,16,large,400,200,115000.0,20000.0
11208,29,large,400,200,115000.0,20000.0
11208,31,large,400,200,115000.0,20000.0
11208,34,large,400,200,115000.0,20000.0
11208,57,large,400,200,115000.0,20000.0
11208,58,large,400,200,115000.0,20000.0
11208,64,large,400,200,115000.0,20000.0
11208,70,large,400,200,115000.0,20000.0
11208,74,large,400,200,115000.0,20000.0
11208,75,large,400,200,115000.0,20000.0
11208,77,large,400,200,115000.0,20000.0
11208,79,large,400,200,115000.0,20000.0
11208,82,large,400,200,115000.0,20000.0
11208,84,large,400,200,115000.0,20000.0
11208,87,large,400,200,115000.0,20000.0
11208,89,large,400,200,115000.0,20000.0
11208,90,large,400,200,115000.0,20000.0
11208,91,large,400,200,115000.0,20000.0
11208,92,large,400,200,115000.0,20000.0
11208,94,large,400,200,115000.0,20000.0
11208,95,large,400,200,115000.0,20000.0
11208,97,large,400,200,115000.0,20000.0
11209,26,medium,200,100,95000.0,10000.0
11209,44,large,400,200,115000.0,20000.0
11209,46,large,400,200,115000.0,20000.0
11209,48,large,400,200,115000.0,20000.0
11209,59,large,400,200,115000.0,20000.0
11209,62,large,400,200,115000.0,20000.0
11209,63,large,400,200,115000.0,20000.0
11209,68,large,400,200,115000.0,20000.0
11209,70,large,400,200,115000.0,20000.0
11209,74,large,400,200,115000.0,20000.0
11209,75,large,400,200,115000.0,20000.0
11209,76,large,400,200,115000.0,20000.0
11209,80,large,400,200,115000.0,20000.0
11209,81,large,400,200,115000.0,20000.0
11210,2,large,400,200,115000.0,20000.0
11210,4,large,400,200,115000.0,20000.0
11210,6,large,400,200,115000.0,20000.0
11210,9,large,400,200,115000.0,20000.0
11210,11,large,400,200,115000.0,20000.0
11210,12,large,400,200,115000.0,20000.0
11210,13,large,400,200,115000.0,20000.0
11210,14,large,400,200,115000.0,20000.0
11210,15,large,400,200,115000.0,20000.0
11210,17,large,400,200,115000.0,20000.0
11210,90,large,400,200,115000.0,20000.0
11211,0,large,400,200,115000.0,20000.0
11211,17,large,400,200,115000.0,20000.0
11211,18,large,400,200,115000.0,20000.0
11211,19,large,400,200,115000.0,20000.0
11211,22,large,400,200,115000.0,20000.0
11211,25,large,400,200,115000.0,20000.0
11211,31,large,400,200,115000.0,20000.0
11211,37,large,400,200,115000.0,20000.0
11211,40,large,400,200,115000.0,20000.0
11211,41,large,400,200,115000.0,20000.0
11211,42,large,400,200,115000.0,20000.0
11211,46,large,400,200,115000.0,20000.0
11211,83,large,400,200,115000.0,20000.0
11211,89,large,400,200,115000.0,20000.0
11211,96,large,400,200,115000.0,20000.0
11212,1,large,400,200,115000.0,20000.0
11212,9,large,400,200,115000.0,20000.0
11212,23,large,400,200,115000.0,20000.0
11212,31,large,400,200,115000.0,20000.0
11212,57,large,400,200,115000.0,20000.0
11212,63,large,400,200,115000.0,20000.0
11212,71,large,400,200,115000.0,20000.0
11212,72,large,400,200,115000.0,20000.0
11212,74,large,400,200,115000.0,20000.0
11212,75,large,400,200,115000.0,20000.0
11212,76,large,400,200,115000.0,20000.0
11212,78,large,400,200,115000.0,20000.0
11212,80,large,400,200,115000.0,20000.0
11212,83,large,400,200,115000.0,20000.0
11212,84,large,400,200,115000.0,20000.0
11212,85,large,400,200,115000.0,20000.0
11212,89,large,400,200,115000.0,20000.0
11212,91,large,400,200,115000.0,20000.0
11213,1,large,400,200,115000.0,20000.0
11213,2,large,400,200,115000.0,20000.0
11213,5,large,400,200,115000.0,20000.0
11213,6,large,400,200,115000.0,20000.0
11213,8,large,400,200,115000.0,20000.0
11213,10,large,400,200,115000.0,20000.0
11213,11,large,400,200,115000.0,20000.0
11213,12,large,400,200,115000.0,20000.0
11213,14,large,400,200,115000.0,20000.0
11213,15,large,400,200,115000.0,20000.0
11213,16,large,400,200,115000.0,20000.0
11213,19,large,400,200,115000.0,20000.0
11213,20,large,400,200,115000.0,20000.0
11213,21,large,400,200,115000.0,20000.0
11213,26,large,400,200,115000.0,20000.0
11214,1,large,400,200,115000.0,20000.0
11214,14,large,400,200,115000.0,20000.0
11214,23,large,400,200,115000.0,20000.0
11214,31,large,400,200,115000.0,20000.0
11214,32,large,400,200,115000.0,20000.0
11214,33,large,400,200,115000.0,20000.0
11214,34,large,400,200,115000.0,20000.0
11214,41,large,400,200,115000.0,20000.0
11214,42,large,400,200,115000.0,20000.0
11214,49,medium,200,100,95000.0,10000.0
11214,50,large,400,200,115000.0,20000.0
11214,67,large,400,200,115000.0,20000.0
11214,78,large,400,200,115000.0,20000.0
11214,89,large,400,200,115000.0,20000.0
11214,93,large,400,200,115000.0,20000.0
11214,95,large,400,200,115000.0,20000.0
11214,97,large,400,200,115000.0,20000.0
11215,0,large,400,200,115000.0,20000.0
11215,8,large,400,200,115000.0,20000.0
11215,20,large,400,200,115000.0,20000.0
11215,25,large,400,200,115000.0,20000.0
11215,26,large,400,200,115000.0,20000.0
11215,36,large,400,200,115000.0,20000.0
11215,41,large,400,200,115000.0,20000.0
11215,52,large,400,200,115000.0,20000.0
11215,53,large,400,200,115000.0,20000.0
11215,62,large,400,200,115000.0,20000.0
11215,63,large,400,200,115000.0,20000.0
11215,71,large,400,200,115000.0,20000.0
11215,73,large,400,200,115000.0,20000.0
11215,87,large,400,200,115000.0,20000.0
11215,93,large,400,200,115000.0,20000.0
11215,94,large,400,200,115000.0,20000.0
11215,97,large,400,200,115000.0,20000.0
11215,99,large,400,200,115000.0,20000.0
11216,3,large,400,200,115000.0,20000.0
11216,28,large,400,200,115000.0,20000.0
11216,29,large,400,200,115000.0,20000.0
11216,30,large,400,200,115000.0,20000.0
11216,41,large,400,200,115000.0,20000.0
11216,68,large,400,200,115000.0,20000.0
11216,86,large,400,200,115000.0,20000.0
11216,90,large,400,200,115000.0,20000.0
11216,95,large,400,200,115000.0,20000.0
11216,96,large,400,200,115000.0,20000.0
11217,4,large,400,200,115000.0,20000.0
11217,13,large,400,200,115000.0,20000.0
11217,16,large,400,200,115000.0,20000.0
11217,22,large,400,200,115000.0,20000.0
11217,23,large,400,200,115000.0,20000.0
11217,26,large,400,200,115000.0,20000.0
11217,28,large,400,200,115000.0,20000.0
11217,29,large,400,200,115000.0,20000.0
11217,30,large,400,200,115000.0,20000.0
11217,32,large,400,200,115000.0,20000.0
11217,33,large,400,200,115000.0,20000.0
11217,61,large,400,200,115000.0,20000.0
11218,0,large,400,200,115000.0,20000.0
11218,1,large,400,200,115000.0,20000.0
11218,10,large,400,200,115000.0,20000.0
11218,13,large,400,200,115000.0,20000.0
11218,14,large,400,200,115000.0,20000.0
11218,15,large,400,200,115000.0,20000.0
11218,16,large,400,200,115000.0,20000.0
11218,17,large,400,200,115000.0,20000.0
11218,20,large,400,200,115000.0,20000.0
11218,23,large,400,200,115000.0,20000.0
11218,37,large,400,200,115000.0,20000.0
11218,49,large,400,200,115000.0,20000.0
11218,59,large,400,200,115000.0,20000.0
11218,63,large,400,200,115000.0,20000.0
11218,98,large,400,200,115000.0,20000.0
11219,0,large,400,200,115000.0,20000.0
11219,5,large,400,200,115000.0,20000.0
11219,12,large,400,200,115000.0,20000.0
11219,15,large,400,200,115000.0,20000.0
11219,16,large,400,200,115000.0,20000.0
11219,17,large,400,200,115000.0,20000.0
11219,22,large,400,200,115000.0,20000.0
11219,23,large,400,200,115000.0,20000.0
11219,25,large,400,200,115000.0,20000.0
11219,29,large,400,200,115000.0,20000.0
11219,30,large,400,200,115000.0,20000.0
11219,34,large,400,200,115000.0,20000.0
11219,35,large,400,200,115000.0,20000.0
11219,41,large,400,200,115000.0,20000.0
11219,43,large,400,200,115000.0,20000.0
11219,44,large,400,200,115000.0,20000.0
11219,46,large,400,200,115000.0,20000.0
11219,47,large,400,200,115000.0,20000.0
11219,49,large,400,200,115000.0,20000.0
11219,50,large,400,200,115000.0,20000.0
11219,54,large,400,200,115000.0,20000.0
11219,60,large,400,200,115000.0,20000.0
11219,61,large,400,200,115000.0,20000.0
11219,64,large,400,200,115000.0,20000.0
11219,65,large,400,200,115000.0,20000.0
11219,70,large,400,200,115000.0,20000.0
11219,77,large,400,200,115000.0,20000.0
11219,80,large,400,200,115000.0,20000.0
11219,81,large,400,200,115000.0,20000.0
11219,83,large,400,200,115000.0,20000.0
11219,84,large,400,200,115000.0,20000.0
11219,85,large,400,200,115000.0,20000.0
11219,86,large,400,200,115000.0,20000.0
11219,87,large,400,200,115000.0,20000.0
11219,88,large,400,200,115000.0,20000.0
11219,91,large,400,200,115000.0,20000.0
11219,93,large,400,200,115000.0,20000.0
11219,94,large,400,200,115000.0,20000.0
11219,96,large,400,200,115000.0,20000.0
11219,97,large,400,200,115000.0,20000.0
11220,1,large,400,200,115000.0,20000.0
11220,4,large,400,200,115000.0,20000.0
11220,6,large,400,200,115000.0,20000.0
11220,18,large,400,200,115000.0,20000.0
11220,25,large,400,200,115000.0,20000.0
11220,30,large,400,200,115000.0,20000.0
11220,33,large,400,200,115000.0,20000.0
11220,36,large,400,200,115000.0,20000.0
11220,39,large,400,200,115000.0,20000.0
11220,43,large,400,200,115000.0,20000.0
11220,54,large,400,200,115000.0,20000.0
11220,55,large,400,200,115000.0,20000.0
11220,59,large,400,200,115000.0,20000.0
11220,60,medium,200,100,95000.0,10000.0
11220,63,large,400,200,115000.0,20000.0
11220,71,large,400,200,115000.0,20000.0
11220,72,large,400,200,115000.0,20000.0
11220,87,large,400,200,115000.0,20000.0
11220,99,large,400,200,115000.0,20000.0
11221,0,large,400,200,115000.0,20000.0
11221,2,large,400,200,115000.0,20000.0
11221,22,large,400,200,115000.0,20000.0
11221,26,large,400,200,115000.0,20000.0
11221,36,large,400,200,115000.0,20000.0
11221,48,large,400,200,115000.0,20000.0
11221,56,large,400,200,115000.0,20000.0
11221,57,large,400,200,115000.0,20000.0
11221,58,large,400,200,115000.0,20000.0
11221,59,large,400,200,115000.0,20000.0
11221,60,large,400,200,115000.0,20000.0
11221,69,large,400,200,115000.0,20000.0
11221,72,large,400,200,115000.0,20000.0
11221,99,large,400,200,115000.0,20000.0
11222,1,large,400,200,115000.0,20000.0
11222,22,large,400,200,115000.0,20000.0
11222,25,large,400,200,115000.0,20000.0
11222,78,large,400,200,115000.0,20000.0
11222,80,large,400,200,115000.0,20000.0
11222,81,large,400,200,115000.0,20000.0
11222,97,large,400,200,115000.0,20000.0
11222,98,large,400,200,115000.0,20000.0
11223,2,large,400,200,115000.0,20000.0
11223,9,large,400,200,115000.0,20000.0
11223,14,large,400,200,115000.0,20000.0
11223,17,large,400,200,115000.0,20000.0
11223,18,large,400,200,115000.0,20000.0
11223,21,large,400,200,115000.0,20000.0
11223,33,large,400,200,115000.0,20000.0
11223,48,large,400,200,115000.0,20000.0
11223,50,large,400,200,115000.0,20000.0
11223,57,large,400,200,115000.0,20000.0
11223,67,large,400,200,115000.0,20000.0
11223,68,large,400,200,115000.0,20000.0
11223,70,large,400,200,115000.0,20000.0
11223,76,large,400,200,115000.0,20000.0
11223,77,large,400,200,115000.0,20000.0
11223,79,large,400,200,115000.0,20000.0
11223,83,large,400,200,115000.0,20000.0
11223,84,large,400,200,115000.0,20000.0
11223,87,large,400,200,115000.0,20000.0
11223,91,large,400,200,115000.0,20000.0
11223,93,large,400,200,115000.0,20000.0
11223,97,large,400,200,115000.0,20000.0
11224,0,large,400,200,115000.0,20000.0
11224,22,large,400,200,115000.0,20000.0
11224,47,large,400,200,115000.0,20000.0
11224,51,large,400,200,115000.0,20000.0
11224,56,large,400,200,115000.0,20000.0
11224,61,large,400,200,115000.0,20000.0
11224,64,large,400,200,115000.0,20000.0
11225,1,large,400,200,115000.0,20000.0
11225,3,large,400,200,115000.0,20000.0
11225,11,large,400,200,115000.0,20000.0
11225,24,large,400,200,115000.0,20000.0
11225,30,large,400,200,115000.0,20000.0
11225,53,large,400,200,115000.0,20000.0
11225,55,large,400,200,115000.0,20000.0
11225,68,large,400,200,115000.0,20000.0
11225,74,large,400,200,115000.0,20000.0
11225,76,large,400,200,115000.0,20000.0
11226,0,large,400,200,115000.0,20000.0
11226,2,large,400,200,115000.0,20000.0
11226,7,large,400,200,115000.0,20000.0
11226,9,large,400,200,115000.0,20000.0
11226,11,large,400,200,115000.0,20000.0
11226,26,large,400,200,115000.0,20000.0
11226,29,large,400,200,115000.0,20000.0
11226,30,large,400,200,115000.0,20000.0
11226,31,large,400,200,115000.0,20000.0
11226,36,large,400,200,115000.0,20000.0
11226,38,large,400,200,115000.0,20000.0
11226,43,large,400,200,115000.0,20000.0
11226,48,large,400,200,115000.0,20000.0
11226,60,large,400,200,115000.0,20000.0
11226,64,large,400,200,115000.0,20000.0
11226,78,large,400,200,115000.0,20000.0
11226,84,large,400,200,115000.0,20000.0
11226,88,large,400,200,115000.0,20000.0
11228,1,large,400,200,115000.0,20000.0
11228,2,large,400,200,115000.0,20000.0
11228,25,large,400,200,115000.0,20000.0
11228,46,large,400,200,115000.0,20000.0
11228,67,large,400,200,115000.0,20000.0
11228,68,large,400,200,115000.0,20000.0
11228,98,large,400,200,115000.0,20000.0
11229,0,large,400,200,115000.0,20000.0
11229,14,large,400,200,115000.0,20000.0
11229,19,large,400,200,115000.0,20000.0
11229,22,large,400,200,115000.0,20000.0
11229,23,large,400,200,115000.0,20000.0
11229,30,large,400,200,115000.0,20000.0
11229,43,large,400,200,115000.0,20000.0
11229,52,large,400,200,115000.0,20000.0
11229,53,large,400,200,115000.0,20000.0
11229,67,large,400,200,115000.0,20000.0
11229,68,large,400,200,115000.0,20000.0
11229,70,large,400,200,115000.0,20000.0
11229,78,large,400,200,115000.0,20000.0
11229,80,large,400,200,115000.0,20000.0
11229,95,large,400,200,115000.0,20000.0
11230,1,large,400,200,115000.0,20000.0
11230,3,large,400,200,115000.0,20000.0
11230,5,large,400,200,115000.0,20000.0
11230,11,small,100,50,65000.0,5000.0
11230,27,large,400,200,115000.0,20000.0
11230,32,large,400,200,115000.0,20000.0
11230,33,large,400,200,115000.0,20000.0
11230,34,large,400,200,115000.0,20000.0
11230,38,large,400,200,115000.0,20000.0
11230,39,large,400,200,115000.0,20000.0
11230,43,large,400,200,115000.0,20000.0
11230,48,large,400,200,115000.0,20000.0
11230,49,large,400,200,115000.0,20000.0
11230,51,large,400,200,115000.0,20000.0
11230,52,large,400,200,115000.0,20000.0
11230,54,large,400,200,115000.0,20000.0
11230,56,large,400,200,115000.0,20000.0
11230,66,large,400,200,115000.0,20000.0
11230,67,large,400,200,115000.0,20000.0
11230,71,large,400,200,115000.0,20000.0
11230,74,large,400,200,115000.0,20000.0
11230,82,large,400,200,115000.0,20000.0
11230,83,large,400,200,115000.0,20000.0
11230,85,large,400,200,115000.0,20000.0
11230,90,large,400,200,115000.0,20000.0
11230,92,large,400,200,115000.0,20000.0
11230,99,large,400,200,115000.0,20000.0
11231,0,large,400,200,115000.0,20000.0
11231,5,large,400,200,115000.0,20000.0
11231,14,large,400,200,115000.0,20000.0
11231,16,large,400,200,115000.0,20000.0
11231,23,large,400,200,115000.0,20000.0
11231,31,large,400,200,115000.0,20000.0
11231,33,large,400,200,115000.0,20000.0
11231,79,large,400,200,115000.0,20000.0
11231,82,large,400,200,115000.0,20000.0
11231,98,large,400,200,115000.0,20000.0
11232,31,large,400,200,115000.0,20000.0
11232,45,large,400,200,115000.0,20000.0
11232,59,large,400,200,115000.0,20000.0
11232,83,medium,200,100,95000.0,10000.0
11232,94,large,400,200,115000.0,20000.0
11233,1,large,400,200,115000.0,20000.0
11233,17,large,400,200,115000.0,20000.0
11233,18,large,400,200,115000.0,20000.0
11233,20,large,400,200,115000.0,20000.0
11233,39,large,400,200,115000.0,20000.0
11233,45,large,400,200,115000.0,20000.0
11233,46,large,400,200,115000.0,20000.0
11233,60,large,400,200,115000.0,20000.0
11233,63,large,400,200,115000.0,20000.0
11233,64,large,400,200,115000.0,20000.0
11233,70,large,400,200,115000.0,20000.0
11233,71,large,400,200,115000.0,20000.0
11233,81,large,400,200,115000.0,20000.0
11233,82,large,400,200,115000.0,20000.0
11233,83,large,400,200,115000.0,20000.0
11233,84,large,400,200,115000.0,20000.0
11233,85,large,400,200,115000.0,20000.0
11233,94,large,400,200,115000.0,20000.0
11234,2,large,400,200,115000.0,20000.0
11234,3,large,400,200,115000.0,20000.0
11234,4,large,400,200,115000.0,20000.0
11234,5,large,400,200,115000.0,20000.0
11234,6,large,400,200,115000.0,20000.0
11234,9,large,400,200,115000.0,20000.0
11234,18,large,400,200,115000.0,20000.0
11234,28,large,400,200,115000.0,20000.0
11234,34,large,400,200,115000.0,20000.0
11234,42,large,400,200,115000.0,20000.0
11234,50,large,400,200,115000.0,20000.0
11234,57,large,400,200,115000.0,20000.0
11234,72,large,400,200,115000.0,20000.0
11234,85,large,400,200,115000.0,20000.0
11234,88,large,400,200,115000.0,20000.0
11235,0,large,400,200,115000.0,20000.0
11235,11,large,400,200,115000.0,20000.0
11235,20,large,400,200,115000.0,20000.0
11235,28,large,400,200,115000.0,20000.0
11235,29,large,400,200,115000.0,20000.0
11235,32,large,400,200,115000.0,20000.0
11235,44,large,400,200,115000.0,20000.0
11235,49,large,400,200,115000.0,20000.0
11235,58,large,400,200,115000.0,20000.0
11235,62,large,400,200,115000.0,20000.0
11235,64,large,400,200,115000.0,20000.0
11235,84,large,400,200,115000.0,20000.0
11235,94,large,400,200,115000.0,20000.0
11235,98,large,400,200,115000.0,20000.0
11236,0,large,400,200,115000.0,20000.0
11236,1,large,400,200,115000.0,20000.0
11236,2,large,400,200,115000.0,20000.0
11236,4,large,400,200,115000.0,20000.0
11236,6,large,400,200,115000.0,20000.0
11236,7,large,400,200,115000.0,20000.0
11236,9,large,400,200,115000.0,20000.0
11236,13,large,400,200,115000.0,20000.0
11236,14,large,400,200,115000.0,20000.0
11236,15,large,400,200,115000.0,20000.0
11236,16,large,400,200,115000.0,20000.0
11236,19,large,400,200,115000.0,20000.0
11236,22,large,400,200,115000.0,20000.0
11236,40,large,400,200,115000.0,20000.0
11236,41,large,400,200,115000.0,20000.0
11236,73,large,400,200,115000.0,20000.0
11236,98,large,400,200,115000.0,20000.0
11237,11,large,400,200,115000.0,20000.0
11237,29,large,400,200,115000.0,20000.0
11237,30,large,400,200,115000.0,20000.0
11237,38,large,400,200,115000.0,20000.0
11237,67,large,400,200,115000.0,20000.0
11237,90,large,400,200,115000.0,20000.0
11238,20,large,400,200,115000.0,20000.0
11238,23,large,400,200,115000.0,20000.0
11238,27,large,400,200,115000.0,20000.0
11238,36,large,400,200,115000.0,20000.0
11238,45,large,400,200,115000.0,20000.0
11238,52,large,400,200,115000.0,20000.0
11238,69,large,400,200,115000.0,20000.0
11238,78,large,400,200,115000.0,20000.0
11238,80,large,400,200,115000.0,20000.0
11238,81,large,400,200,115000.0,20000.0
11238,87,large,400,200,115000.0,20000.0
11238,91,large,400,200,115000.0,20000.0
11238,93,large,400,200,115000.0,20000.0
11238,95,large,400,200,115000.0,20000.0
11239,9,large,400,200,115000.0,20000.0
11239,20,small,100,50,65000.0,5000.0
11249,2,large,400,200,115000.0,20000.0
11249,3,large,400,200,115000.0,20000.0
11249,5,large,400,200,115000.0,20000.0
11249,7,large,400,200,115000.0,20000.0
11249,8,large,400,200,115000.0,20000.0
11249,9,large,400,200,115000.0,20000.0
11249,10,large,400,200,115000.0,20000.0
11249,11,large,400,200,115000.0,20000.0
11249,12,large,400,200,115000.0,20000.0
11249,47,large,400,200,115000.0,20000.0
11249,59,large,400,200,115000.0,20000.0
11249,62,large,400,200,115000.0,20000.0
11249,66,large,400,200,115000.0,20000.0
11249,77,large,400,200,115000.0,20000.0
11249,92,large,400,200,115000.0,20000.0
11249,97,large,400,200,115000.0,20000.0
11354,1,large,400,200,115000.0,20000.0
11354,2,large,400,200,115000.0,20000.0
11354,4,large,400,200,115000.0,20000.0
11354,6,large,400,200,115000.0,20000.0
11354,8,large,400,200,115000.0,20000.0
11354,9,large,400,200,115000.0,20000.0
11354,10,large,400,200,115000.0,20000.0
11354,73,large,400,200,115000.0,20000.0
11355,0,large,400,200,115000.0,20000.0
11355,3,large,400,200,115000.0,20000.0
11355,5,large,400,200,115000.0,20000.0
11355,6,large,400,200,115000.0,20000.0
11355,9,large,400,200,115000.0,20000.0
11355,11,large,400,200,115000.0,20000.0
11355,16,large,400,200,115000.0,20000.0
11355,54,large,400,200,115000.0,20000.0
11355,60,large,400,200,115000.0,20000.0
11355,71,large,400,200,115000.0,20000.0
11355,98,large,400,200,115000.0,20000.0
11356,3,large,400,200,115000.0,20000.0
11356,11,large,400,200,115000.0,20000.0
11356,24,large,400,200,115000.0,20000.0
11356,26,large,400,200,115000.0,20000.0
11356,29,large,400,200,115000.0,20000.0
11356,82,large,400,200,115000.0,20000.0
11356,95,medium,200,100,95000.0,10000.0
11357,10,large,400,200,115000.0,20000.0
11357,15,large,400,200,115000.0,20000.0
11357,23,large,400,200,115000.0,20000.0
11357,42,large,400,200,115000.0,20000.0
11357,53,large,400,200,115000.0,20000.0
11357,77,large,400,200,115000.0,20000.0
11357,94,large,400,200,115000.0,20000.0
11358,4,large,400,200,115000.0,20000.0
11358,5,large,400,200,115000.0,20000.0
11358,13,medium,200,100,95000.0,10000.0
11358,27,large,400,200,115000.0,20000.0
11358,28,large,400,200,115000.0,20000.0
11358,49,large,400,200,115000.0,20000.0
11358,50,large,400,200,115000.0,20000.0
11360,1,large,400,200,115000.0,20000.0
11360,50,large,400,200,115000.0,20000.0
11360,72,large,400,200,115000.0,20000.0
11361,0,large,400,200,115000.0,20000.0
11361,1,large,400,200,115000.0,20000.0
11361,2,large,400,200,115000.0,20000.0
11361,57,large,400,200,115000.0,20000.0
11361,95,large,400,200,115000.0,20000.0
11362,49,large,400,200,115000.0,20000.0
11362,50,large,400,200,115000.0,20000.0
11363,64,large,400,200,115000.0,20000.0
11364,1,large,400,200,115000.0,20000.0
11364,4,large,400,200,115000.0,20000.0
11364,36,large,400,200,115000.0,20000.0
11364,70,large,400,200,115000.0,20000.0
11364,73,large,400,200,115000.0,20000.0
11364,77,large,400,200,115000.0,20000.0
11365,1,large,400,200,115000.0,20000.0
11365,2,large,400,200,115000.0,20000.0
11365,3,large,400,200,115000.0,20000.0
11365,49,large,400,200,115000.0,20000.0
11365,70,large,400,200,115000.0,20000.0
11365,74,large,400,200,115000.0,20000.0
11365,82,large,400,200,115000.0,20000.0
11365,85,large,400,200,115000.0,20000.0
11365,92,large,400,200,115000.0,20000.0
11366,4,large,400,200,115000.0,20000.0
11366,33,large,400,200,115000.0,20000.0
11366,76,large,400,200,115000.0,20000.0
11367,5,large,400,200,115000.0,20000.0
11367,13,large,400,200,115000.0,20000.0
11367,24,large,400,200,115000.0,20000.0
11367,29,large,400,200,115000.0,20000.0
11367,37,large,400,200,115000.0,20000.0
11367,44,large,400,200,115000.0,20000.0
11367,59,large,400,200,115000.0,20000.0
11367,79,large,400,200,115000.0,20000.0
11367,85,large,400,200,115000.0,20000.0
11367,86,large,400,200,115000.0,20000.0
11367,92,large,400,200,115000.0,20000.0
11367,98,large,400,200,115000.0,20000.0
11368,0,large,400,200,115000.0,20000.0
11368,1,large,400,200,115000.0,20000.0
11368,3,large,400,200,115000.0,20000.0
11368,7,large,400,200,115000.0,20000.0
11368,9,large,400,200,115000.0,20000.0
11368,13,large,400,200,115000.0,20000.0
11368,15,large,400,200,115000.0,20000.0
11368,18,large,400,200,115000.0,20000.0
11368,22,large,400,200,115000.0,20000.0
11368,29,large,400,200,115000.0,20000.0
11368,32,large,400,200,115000.0,20000.0
11368,33,large,400,200,115000.0,20000.0
11368,38,large,400,200,115000.0,20000.0
11368,41,large,400,200,115000.0,20000.0
11368,49,large,400,200,115000.0,20000.0
11368,51,large,400,200,115000.0,20000.0
11368,53,large,400,200,115000.0,20000.0
11368,72,large,400,200,115000.0,20000.0
11368,76,large,400,200,115000.0,20000.0
11368,80,large,400,200,115000.0,20000.0
11368,83,large,400,200,115000.0,20000.0
11368,84,large,400,200,115000.0,20000.0
11368,91,large,400,200,115000.0,20000.0
11368,94,large,400,200,115000.0,20000.0
11368,99,large,400,200,115000.0,20000.0
11369,0,large,400,200,115000.0,20000.0
11369,15,large,400,200,115000.0,20000.0
11369,24,large,400,200,115000.0,20000.0
11369,56,large,400,200,115000.0,20000.0
11369,88,small,100,50,65000.0,5000.0
11370,1,large,400,200,115000.0,20000.0
11370,62,large,400,200,115000.0,20000.0
11370,85,large,400,200,115000.0,20000.0
11370,86,large,400,200,115000.0,20000.0
11370,97,small,100,50,65000.0,5000.0
11372,1,large,400,200,115000.0,20000.0
11372,2,large,400,200,115000.0,20000.0
11372,8,large,400,200,115000.0,20000.0
11372,23,large,400,200,115000.0,20000.0
11372,35,large,400,200,115000.0,20000.0
11372,38,large,400,200,115000.0,20000.0
11372,51,large,400,200,115000.0,20000.0
11372,66,large,400,200,115000.0,20000.0
11372,80,large,400,200,115000.0,20000.0
11372,84,large,400,200,115000.0,20000.0
11372,93,large,400,200,115000.0,20000.0
11372,97,large,400,200,115000.0,20000.0
11373,3,large,400,200,115000.0,20000.0
11373,4,large,400,200,115000.0,20000.0
11373,7,large,400,200,115000.0,20000.0
11373,16,large,400,200,115000.0,20000.0
11373,26,large,400,200,115000.0,20000.0
11373,29,large,400,200,115000.0,20000.0
11373,51,large,400,200,115000.0,20000.0
11373,55,large,400,200,115000.0,20000.0
11373,56,large,400,200,115000.0,20000.0
11373,58,large,400,200,115000.0,20000.0
11373,76,large,400,200,115000.0,20000.0
11373,78,large,400,200,115000.0,20000.0
11373,82,large,400,200,115000.0,20000.0
11373,84,large,400,200,115000.0,20000.0
11373,86,large,400,200,115000.0,20000.0
11373,88,large,400,200,115000.0,20000.0
11373,96,large,400,200,115000.0,20000.0
11374,2,large,400,200,115000.0,20000.0
11374,6,large,400,200,115000.0,20000.0
11374,8,large,400,200,115000.0,20000.0
11374,9,large,400,200,115000.0,20000.0
11374,25,large,400,200,115000.0,20000.0
11374,64,large,400,200,115000.0,20000.0
11374,65,large,400,200,115000.0,20000.0
11374,77,large,400,200,115000.0,20000.0
11375,3,large,400,200,115000.0,20000.0
11375,20,large,400,200,115000.0,20000.0
11375,31,large,400,200,115000.0,20000.0
11375,32,large,400,200,115000.0,20000.0
11375,33,large,400,200,115000.0,20000.0
11375,34,large,400,200,115000.0,20000.0
11375,51,large,400,200,115000.0,20000.0
11375,77,large,400,200,115000.0,20000.0
11375,86,large,400,200,115000.0,20000.0
11375,87,large,400,200,115000.0,20000.0
11375,88,large,400,200,115000.0,20000.0
11375,89,large,400,200,115000.0,20000.0
11375,93,large,400,200,115000.0,20000.0
11375,99,large,400,200,115000.0,20000.0
11377,16,large,400,200,115000.0,20000.0
11377,20,large,400,200,115000.0,20000.0
11377,35,large,400,200,115000.0,20000.0
11377,37,large,400,200,115000.0,20000.0
11377,41,large,400,200,115000.0,20000.0
11377,42,large,400,200,115000.0,20000.0
11377,48,large,400,200,115000.0,20000.0
11377,57,large,400,200,115000.0,20000.0
11377,65,large,400,200,115000.0,20000.0
11377,67,large,400,200,115000.0,20000.0
11377,79,large,400,200,115000.0,20000.0
11377,80,large,400,200,115000.0,20000.0
11377,82,large,400,200,115000.0,20000.0
11377,85,large,400,200,115000.0,20000.0
11377,86,large,400,200,115000.0,20000.0
11377,98,large,400,200,115000.0,20000.0
11378,2,large,400,200,115000.0,20000.0
11378,3,large,400,200,115000.0,20000.0
11378,4,large,400,200,115000.0,20000.0
11378,23,large,400,200,115000.0,20000.0
11378,24,large,400,200,115000.0,20000.0
11378,25,large,400,200,115000.0,20000.0
11378,47,large,400,200,115000.0,20000.0
11378,48,large,400,200,115000.0,20000.0
11379,2,large,400,200,115000.0,20000.0
11379,3,large,400,200,115000.0,20000.0
11379,19,large,400,200,115000.0,20000.0
11379,21,large,400,200,115000.0,20000.0
11379,58,large,400,200,115000.0,20000.0
11385,0,large,400,200,115000.0,20000.0
11385,1,large,400,200,115000.0,20000.0
11385,2,large,400,200,115000.0,20000.0
11385,4,large,400,200,115000.0,20000.0
11385,5,large,400,200,115000.0,20000.0
11385,7,large,400,200,115000.0,20000.0
11385,9,large,400,200,115000.0,20000.0
11385,12,large,400,200,115000.0,20000.0
11385,14,large,400,200,115000.0,20000.0
11385,16,large,400,200,115000.0,20000.0
11385,17,large,400,200,115000.0,20000.0
11385,19,large,400,200,115000.0,20000.0
11385,21,large,400,200,115000.0,20000.0
11385,22,large,400,200,115000.0,20000.0
11385,26,large,400,200,115000.0,20000.0
11385,40,large,400,200,115000.0,20000.0
11385,62,large,400,200,115000.0,20000.0
11385,79,large,400,200,115000.0,20000.0
11385,83,large,400,200,115000.0,20000.0
11411,10,large,400,200,115000.0,20000.0
11411,60,large,400,200,115000.0,20000.0
11411,73,large,400,200,115000.0,20000.0
11412,0,large,400,200,115000.0,20000.0
11412,2,large,400,200,115000.0,20000.0
11412,4,large,400,200,115000.0,20000.0
11412,5,large,400,200,115000.0,20000.0
11412,17,large,400,200,115000.0,20000.0
11412,28,large,400,200,115000.0,20000.0
11412,48,large,400,200,115000.0,20000.0
11413,0,large,400,200,115000.0,20000.0
11413,10,large,400,200,115000.0,20000.0
11413,39,large,400,200,115000.0,20000.0
11413,60,large,400,200,115000.0,20000.0
11413,73,large,400,200,115000.0,20000.0
11413,85,large,400,200,115000.0,20000.0
11414,2,large,400,200,115000.0,20000.0
11414,4,large,400,200,115000.0,20000.0
11414,24,large,400,200,115000.0,20000.0
11414,25,large,400,200,115000.0,20000.0
11414,48,large,400,200,115000.0,20000.0
11414,50,large,400,200,115000.0,20000.0
11414,99,large,400,200,115000.0,20000.0
11415,0,large,400,200,115000.0,20000.0
11415,23,large,400,200,115000.0,20000.0
11415,50,large,400,200,115000.0,20000.0
11415,99,large,400,200,115000.0,20000.0
11416,0,large,400,200,115000.0,20000.0
11416,4,large,400,200,115000.0,20000.0
11416,5,large,400,200,115000.0,20000.0
11416,6,large,400,200,115000.0,20000.0
11416,17,large,400,200,115000.0,20000.0
11416,56,large,400,200,115000.0,20000.0
11417,1,large,400,200,115000.0,20000.0
11417,9,large,400,200,115000.0,20000.0
11417,23,large,400,200,115000.0,20000.0
11417,50,large,400,200,115000.0,20000.0
11417,73,large,400,200,115000.0,20000.0
11417,85,large,400,200,115000.0,20000.0
11417,98,large,400,200,115000.0,20000.0
11418,1,large,400,200,115000.0,20000.0
11418,8,large,400,200,115000.0,20000.0
11418,37,large,400,200,115000.0,20000.0
11418,61,large,400,200,115000.0,20000.0
11418,83,large,400,200,115000.0,20000.0
11418,89,large,400,200,115000.0,20000.0
11418,90,large,400,200,115000.0,20000.0
11419,1,large,400,200,115000.0,20000.0
11419,26,large,400,200,115000.0,20000.0
11419,27,large,400,200,115000.0,20000.0
11419,72,small,100,50,65000.0,5000.0
11419,75,large,400,200,115000.0,20000.0
11419,80,large,400,200,115000.0,20000.0
11419,93,large,400,200,115000.0,20000.0
11420,0,large,400,200,115000.0,20000.0
11420,1,large,400,200,115000.0,20000.0
11420,36,large,400,200,115000.0,20000.0
11420,58,large,400,200,115000.0,20000.0
11420,72,large,400,200,115000.0,20000.0
11420,78,large,400,200,115000.0,20000.0
11420,94,large,400,200,115000.0,20000.0
11420,96,large,400,200,115000.0,20000.0
11421,0,large,400,200,115000.0,20000.0
11421,8,large,400,200,115000.0,20000.0
11421,45,large,400,200,115000.0,20000.0
11421,48,large,400,200,115000.0,20000.0
11421,49,large,400,200,115000.0,20000.0
11421,58,large,400,200,115000.0,20000.0
11421,76,large,400,200,115000.0,20000.0
11421,87,large,400,200,115000.0,20000.0
11422,11,large,400,200,115000.0,20000.0
11422,13,large,400,200,115000.0,20000.0
11422,14,large,400,200,115000.0,20000.0
11422,41,large,400,200,115000.0,20000.0
11423,1,large,400,200,115000.0,20000.0
11423,57,large,400,200,115000.0,20000.0
11423,62,large,400,200,115000.0,20000.0
11423,67,small,100,50,65000.0,5000.0
11423,69,large,400,200,115000.0,20000.0
11426,24,large,400,200,115000.0,20000.0
11426,59,large,400,200,115000.0,20000.0
11426,69,large,400,200,115000.0,20000.0
11426,76,large,400,200,115000.0,20000.0
11427,1,large,400,200,115000.0,20000.0
11427,24,large,400,200,115000.0,20000.0
11427,46,large,400,200,115000.0,20000.0
11427,48,large,400,200,115000.0,20000.0
11427,85,large,400,200,115000.0,20000.0
11427,97,large,400,200,115000.0,20000.0
11428,51,large,400,200,115000.0,20000.0
11428,52,large,400,200,115000.0,20000.0
11428,72,large,400,200,115000.0,20000.0
11429,15,large,400,200,115000.0,20000.0
11429,40,large,400,200,115000.0,20000.0
11429,48,large,400,200,115000.0,20000.0
11429,54,large,400,200,115000.0,20000.0
11432,1,large,400,200,115000.0,20000.0
11432,19,large,400,200,115000.0,20000.0
11432,34,large,400,200,115000.0,20000.0
11432,38,large,400,200,115000.0,20000.0
11432,43,large,400,200,115000.0,20000.0
11432,44,large,400,200,115000.0,20000.0
11432,61,large,400,200,115000.0,20000.0
11432,68,large,400,200,115000.0,20000.0
11432,73,large,400,200,115000.0,20000.0
11432,80,large,400,200,115000.0,20000.0
11432,93,large,400,200,115000.0,20000.0
11432,95,large,400,200,115000.0,20000.0
11432,96,large,400,200,115000.0,20000.0
11433,0,large,400,200,115000.0,20000.0
11433,21,large,400,200,115000.0,20000.0
11433,39,large,400,200,115000.0,20000.0
11433,52,large,400,200,115000.0,20000.0
11433,71,large,400,200,115000.0,20000.0
11433,77,large,400,200,115000.0,20000.0
11433,87,large,400,200,115000.0,20000.0
11433,90,large,400,200,115000.0,20000.0
11433,98,large,400,200,115000.0,20000.0
11434,0,large,400,200,115000.0,20000.0
11434,1,large,400,200,115000.0,20000.0
11434,2,large,400,200,115000.0,20000.0
11434,5,large,400,200,115000.0,20000.0
11434,6,large,400,200,115000.0,20000.0
11434,13,large,400,200,115000.0,20000.0
11434,15,large,400,200,115000.0,20000.0
11434,16,large,400,200,115000.0,20000.0
11434,19,large,400,200,115000.0,20000.0
11434,48,large,400,200,115000.0,20000.0
11434,55,large,400,200,115000.0,20000.0
11434,78,large,400,200,115000.0,20000.0
11434,79,large,400,200,115000.0,20000.0
11435,2,large,400,200,115000.0,20000.0
11435,3,large,400,200,115000.0,20000.0
11435,4,large,400,200,115000.0,20000.0
11435,6,large,400,200,115000.0,20000.0
11435,7,large,400,200,115000.0,20000.0
11435,9,large,400,200,115000.0,20000.0
11435,11,large,400,200,115000.0,20000.0
11435,12,large,400,200,115000.0,20000.0
11435,13,large,400,200,115000.0,20000.0
11435,14,large,400,200,115000.0,20000.0
11435,16,large,400,200,115000.0,20000.0
11435,74,large,400,200,115000.0,20000.0
11435,76,large,400,200,115000.0,20000.0
11435,85,large,400,200,115000.0,20000.0
11435,86,large,400,200,115000.0,20000.0
11435,94,large,400,200,115000.0,20000.0
11436,4,large,400,200,115000.0,20000.0
11436,28,large,400,200,115000.0,20000.0
11436,99,large,400,200,115000.0,20000.0
11507,12,large,400,200,115000.0,20000.0
11510,1,small,100,50,65000.0,5000.0
11510,68,large,400,200,115000.0,20000.0
11510,70,large,400,200,115000.0,20000.0
11510,91,large,400,200,115000.0,20000.0
11514,69,small,100,50,65000.0,5000.0
11516,15,large,400,200,115000.0,20000.0
11518,24,small,100,50,65000.0,5000.0
11520,46,large,400,200,115000.0,20000.0
11520,69,large,400,200,115000.0,20000.0
11520,92,large,400,200,115000.0,20000.0
11520,97,large,400,200,115000.0,20000.0
11530,1,large,400,200,115000.0,20000.0
11530,27,large,400,200,115000.0,20000.0
11530,28,large,400,200,115000.0,20000.0
11542,0,large,400,200,115000.0,20000.0
11550,0,large,400,200,115000.0,20000.0
11550,6,large,400,200,115000.0,20000.0
11550,18,large,400,200,115000.0,20000.0
11550,34,large,400,200,115000.0,20000.0
11550,38,large,400,200,115000.0,20000.0
11550,40,large,400,200,115000.0,20000.0
11550,54,large,400,200,115000.0,20000.0
11550,58,large,400,200,115000.0,20000.0
11550,63,large,400,200,115000.0,20000.0
11550,71,large,400,200,115000.0,20000.0
11550,79,large,400,200,115000.0,20000.0
11552,0,large,400,200,115000.0,20000.0
11552,10,medium,200,100,95000.0,10000.0
11552,82,large,400,200,115000.0,20000.0
11552,89,large,400,200,115000.0,20000.0
11553,0,large,400,200,115000.0,20000.0
11553,1,large,400,200,115000.0,20000.0
11553,61,large,400,200,115000.0,20000.0
11553,75,large,400,200,115000.0,20000.0
11553,96,large,400,200,115000.0,20000.0
11553,98,large,400,200,115000.0,20000.0
11554,15,large,400,200,115000.0,20000.0
11554,47,large,400,200,115000.0,20000.0
11554,56,large,400,200,115000.0,20000.0
11554,82,large,400,200,115000.0,20000.0
11554,86,large,400,200,115000.0,20000.0
11557,3,medium,200,100,95000.0,10000.0
11558,1,large,400,200,115000.0,20000.0
11558,47,small,100,50,65000.0,5000.0
11560,1,large,400,200,115000.0,20000.0
11561,2,large,400,200,115000.0,20000.0
11561,3,large,400,200,115000.0,20000.0
11561,42,medium,200,100,95000.0,10000.0
11561,53,large,400,200,115000.0,20000.0
11563,0,medium,200,100,95000.0,10000.0
11565,22,large,400,200,115000.0,20000.0
11566,28,large,400,200,115000.0,20000.0
11566,47,large,400,200,115000.0,20000.0
11570,66,large,400,200,115000.0,20000.0
11570,99,large,400,200,115000.0,20000.0
11572,27,medium,200,100,95000.0,10000.0
11575,1,large,400,200,115000.0,20000.0
11575,2,large,400,200,115000.0,20000.0
11575,27,large,400,200,115000.0,20000.0
11575,67,large,400,200,115000.0,20000.0
11579,0,large,400,200,115000.0,20000.0
11580,1,large,400,200,115000.0,20000.0
11580,2,large,400,200,115000.0,20000.0
11580,45,large,400,200,115000.0,20000.0
11581,0,large,400,200,115000.0,20000.0
11581,38,large,400,200,115000.0,20000.0
11581,78,large,400,200,115000.0,20000.0
11581,99,small,100,50,65000.0,5000.0
11590,0,large,400,200,115000.0,20000.0
11590,2,large,400,200,115000.0,20000.0
11590,3,large,400,200,115000.0,20000.0
11590,28,large,400,200,115000.0,20000.0
11590,43,large,400,200,115000.0,20000.0
11590,47,small,100,50,65000.0,5000.0
11590,70,large,400,200,115000.0,20000.0
11590,72,large,400,200,115000.0,20000.0
11596,0,large,400,200,115000.0,20000.0
11598,6,large,400,200,115000.0,20000.0
11598,76,large,400,200,115000.0,20000.0
11691,2,large,400,200,115000.0,20000.0
11691,4,large,400,200,115000.0,20000.0
11691,8,large,400,200,115000.0,20000.0
11691,9,large,400,200,115000.0,20000.0
11691,10,large,400,200,115000.0,20000.0
11691,12,large,400,200,115000.0,20000.0
11691,24,large,400,200,115000.0,20000.0
11691,25,large,400,200,115000.0,20000.0
11691,28,large,400,200,115000.0,20000.0
11691,29,large,400,200,115000.0,20000.0
11691,33,large,400,200,115000.0,20000.0
11691,51,large,400,200,115000.0,20000.0
11691,54,large,400,200,115000.0,20000.0
11691,61,large,400,200,115000.0,20000.0
11691,64,large,400,200,115000.0,20000.0
11691,70,large,400,200,115000.0,20000.0
11691,71,large,400,200,115000.0,20000.0
11691,88,large,400,200,115000.0,20000.0
11691,94,large,400,200,115000.0,20000.0
11692,1,large,400,200,115000.0,20000.0
11692,46,large,400,200,115000.0,20000.0
11692,59,large,400,200,115000.0,20000.0
11692,64,large,400,200,115000.0,20000.0
11692,66,large,400,200,115000.0,20000.0
11692,90,medium,200,100,95000.0,10000.0
11693,23,large,400,200,115000.0,20000.0
11693,46,large,400,200,115000.0,20000.0
11694,2,large,400,200,115000.0,20000.0
11694,23,large,400,200,115000.0,20000.0
11694,24,large,400,200,115000.0,20000.0
11694,47,large,400,200,115000.0,20000.0
11701,1,large,400,200,115000.0,20000.0
11701,28,large,400,200,115000.0,20000.0
11701,87,large,400,200,115000.0,20000.0
11702,81,large,400,200,115000.0,20000.0
11702,84,large,400,200,115000.0,20000.0
11703,2,large,400,200,115000.0,20000.0
11703,82,large,400,200,115000.0,20000.0
11704,0,large,400,200,115000.0,20000.0
11704,1,large,400,200,115000.0,20000.0
11704,76,large,400,200,115000.0,20000.0
11704,82,large,400,200,115000.0,20000.0
11704,90,large,400,200,115000.0,20000.0
11705,97,large,400,200,115000.0,20000.0
11706,0,large,400,200,115000.0,20000.0
11706,57,large,400,200,115000.0,20000.0
11706,70,large,400,200,115000.0,20000.0
11706,82,large,400,200,115000.0,20000.0
11706,83,large,400,200,115000.0,20000.0
11706,84,large,400,200,115000.0,20000.0
11706,87,large,400,200,115000.0,20000.0
11706,90,large,400,200,115000.0,20000.0
11709,8,small,100,50,65000.0,5000.0
11709,99,medium,200,100,95000.0,10000.0
11710,53,large,400,200,115000.0,20000.0
11710,76,medium,200,100,95000.0,10000.0
11710,99,large,400,200,115000.0,20000.0
11713,0,large,400,200,115000.0,20000.0
11713,43,small,100,50,65000.0,5000.0
11714,50,large,400,200,115000.0,20000.0
11714,89,large,400,200,115000.0,20000.0
11715,87,medium,200,100,95000.0,10000.0
11715,99,small,100,50,65000.0,5000.0
11716,56,medium,200,100,95000.0,10000.0
11717,31,large,400,200,115000.0,20000.0
11717,33,large,400,200,115000.0,20000.0
11717,44,large,400,200,115000.0,20000.0
11717,57,large,400,200,115000.0,20000.0
11717,58,large,400,200,115000.0,20000.0
11717,64,large,400,200,115000.0,20000.0
11717,70,large,400,200,115000.0,20000.0
11717,84,large,400,200,115000.0,20000.0
11717,89,large,400,200,115000.0,20000.0
11717,98,large,400,200,115000.0,20000.0
11719,71,small,100,50,65000.0,5000.0
11720,1,large,400,200,115000.0,20000.0
11720,2,medium,200,100,95000.0,10000.0
11720,23,large,400,200,115000.0,20000.0
11720,24,large,400,200,115000.0,20000.0
11720,96,large,400,200,115000.0,20000.0
11721,2,small,100,50,65000.0,5000.0
11722,0,large,400,200,115000.0,20000.0
11722,1,large,400,200,115000.0,20000.0
11722,9,large,400,200,115000.0,20000.0
11722,11,large,400,200,115000.0,20000.0
11722,29,large,400,200,115000.0,20000.0
11722,82,large,400,200,115000.0,20000.0
11722,91,large,400,200,115000.0,20000.0
11722,98,large,400,200,115000.0,20000.0
11724,0,medium,200,100,95000.0,10000.0
11726,2,large,400,200,115000.0,20000.0
11726,23,large,400,200,115000.0,20000.0
11726,26,large,400,200,115000.0,20000.0
11726,49,large,400,200,115000.0,20000.0
11726,92,large,400,200,115000.0,20000.0
11727,0,large,400,200,115000.0,20000.0
11727,2,large,400,200,115000.0,20000.0
11727,3,large,400,200,115000.0,20000.0
11727,87,large,400,200,115000.0,20000.0
11729,75,large,400,200,115000.0,20000.0
11729,78,small,100,50,65000.0,5000.0
11729,91,large,400,200,115000.0,20000.0
11729,99,large,400,200,115000.0,20000.0
11730,40,large,400,200,115000.0,20000.0
11730,99,large,400,200,115000.0,20000.0
11731,1,large,400,200,115000.0,20000.0
11731,2,large,400,200,115000.0,20000.0
11731,24,large,400,200,115000.0,20000.0
11731,47,large,400,200,115000.0,20000.0
11733,92,small,100,50,65000.0,5000.0
11735,0,large,400,200,115000.0,20000.0
11735,31,medium,200,100,95000.0,10000.0
11738,1,large,400,200,115000.0,20000.0
11738,13,small,100,50,65000.0,5000.0
11738,23,large,400,200,115000.0,20000.0
11738,51,large,400,200,115000.0,20000.0
11740,0,large,400,200,115000.0,20000.0
11741,61,large,400,200,115000.0,20000.0
11741,73,large,400,200,115000.0,20000.0
11741,94,large,400,200,115000.0,20000.0
11741,98,large,400,200,115000.0,20000.0
11742,1,large,400,200,115000.0,20000.0
11742,5,medium,200,100,95000.0,10000.0
11746,1,large,400,200,115000.0,20000.0
11746,4,large,400,200,115000.0,20000.0
11746,60,large,400,200,115000.0,20000.0
11746,90,large,400,200,115000.0,20000.0
11751,81,large,400,200,115000.0,20000.0
11751,82,large,400,200,115000.0,20000.0
11753,44,large,400,200,115000.0,20000.0
11753,78,medium,200,100,95000.0,10000.0
11754,2,medium,200,100,95000.0,10000.0
11754,22,large,400,200,115000.0,20000.0
11755,10,large,400,200,115000.0,20000.0
11755,21,medium,200,100,95000.0,10000.0
11756,8,large,400,200,115000.0,20000.0
11756,36,large,400,200,115000.0,20000.0
11756,80,large,400,200,115000.0,20000.0
11757,1,large,400,200,115000.0,20000.0
11757,71,large,400,200,115000.0,20000.0
11757,83,large,400,200,115000.0,20000.0
11757,92,large,400,200,115000.0,20000.0
11757,98,large,400,200,115000.0,20000.0
11758,2,large,400,200,115000.0,20000.0
11758,3,large,400,200,115000.0,20000.0
11758,40,large,400,200,115000.0,20000.0
11758,47,large,400,200,115000.0,20000.0
11758,54,large,400,200,115000.0,20000.0
11762,1,large,400,200,115000.0,20000.0
11762,2,large,400,200,115000.0,20000.0
11762,50,large,400,200,115000.0,20000.0
11762,58,small,100,50,65000.0,5000.0
11762,74,large,400,200,115000.0,20000.0
11763,80,large,400,200,115000.0,20000.0
11763,99,small,100,50,65000.0,5000.0
11765,45,small,100,50,65000.0,5000.0
11766,97,large,400,200,115000.0,20000.0
11767,0,large,400,200,115000.0,20000.0
11767,70,medium,200,100,95000.0,10000.0
11769,67,small,100,50,65000.0,5000.0
11769,80,small,100,50,65000.0,5000.0
11771,0,large,400,200,115000.0,20000.0
11771,50,large,400,200,115000.0,20000.0
11771,80,medium,200,100,95000.0,10000.0
11772,10,large,400,200,115000.0,20000.0
11772,11,large,400,200,115000.0,20000.0
11772,66,large,400,200,115000.0,20000.0
11772,77,medium,200,100,95000.0,10000.0
11772,98,large,400,200,115000.0,20000.0
11776,0,large,400,200,115000.0,20000.0
11776,1,large,400,200,115000.0,20000.0
11776,20,large,400,200,115000.0,20000.0
11776,23,medium,200,100,95000.0,10000.0
11777,6,medium,200,100,95000.0,10000.0
11778,0,large,400,200,115000.0,20000.0
11778,22,large,400,200,115000.0,20000.0
11778,49,small,100,50,65000.0,5000.0
11780,0,large,400,200,115000.0,20000.0
11780,77,medium,200,100,95000.0,10000.0
11782,50,large,400,200,115000.0,20000.0
11782,74,large,400,200,115000.0,20000.0
11783,79,large,400,200,115000.0,20000.0
11784,2,large,400,200,115000.0,20000.0
11784,3,large,400,200,115000.0,20000.0
11784,24,large,400,200,115000.0,20000.0
11784,25,large,400,200,115000.0,20000.0
11784,70,large,400,200,115000.0,20000.0
11786,65,medium,200,100,95000.0,10000.0
11788,69,medium,200,100,95000.0,10000.0
11790,23,large,400,200,115000.0,20000.0
11792,57,medium,200,100,95000.0,10000.0
11793,0,large,400,200,115000.0,20000.0
11793,1,large,400,200,115000.0,20000.0
11793,76,small,100,50,65000.0,5000.0
11795,81,large,400,200,115000.0,20000.0
11795,90,large,400,200,115000.0,20000.0
11796,38,large,400,200,115000.0,20000.0
11798,1,large,400,200,115000.0,20000.0
11798,10,large,400,200,115000.0,20000.0
11798,51,large,400,200,115000.0,20000.0
11801,0,large,400,200,115000.0,20000.0
11901,19,large,400,200,115000.0,20000.0
11901,52,large,400,200,115000.0,20000.0
11901,76,large,400,200,115000.0,20000.0
11901,82,large,400,200,115000.0,20000.0
11901,93,large,400,200,115000.0,20000.0
11932,59,small,100,50,65000.0,5000.0
11933,5,large,400,200,115000.0,20000.0
11934,1,large,400,200,115000.0,20000.0
11935,49,small,100,50,65000.0,5000.0
11937,1,large,400,200,115000.0,20000.0
11937,5,medium,200,100,95000.0,10000.0
11937,54,large,400,200,115000.0,20000.0
11937,99,large,400,200,115000.0,20000.0
11940,1,large,400,200,115000.0,20000.0
11941,44,medium,200,100,95000.0,10000.0
11946,22,large,400,200,115000.0,20000.0
11946,44,large,400,200,115000.0,20000.0
11946,45,large,400,200,115000.0,20000.0
11949,22,large,400,200,115000.0,20000.0
11949,72,small,100,50,65000.0,5000.0
11950,64,large,400,200,115000.0,20000.0
11950,73,large,400,200,115000.0,20000.0
11950,97,medium,200,100,95000.0,10000.0
11950,99,large,400,200,115000.0,20000.0
11951,1,large,400,200,115000.0,20000.0
11951,2,large,400,200,115000.0,20000.0
11951,23,large,400,200,115000.0,20000.0
11951,39,medium,200,100,95000.0,10000.0
11954,34,small,100,50,65000.0,5000.0
11954,99,medium,200,100,95000.0,10000.0
11955,43,small,100,50,65000.0,5000.0
11959,91,small,100,50,65000.0,5000.0
11961,52,medium,200,100,95000.0,10000.0
11961,84,large,400,200,115000.0,20000.0
11963,30,large,400,200,115000.0,20000.0
11967,1,large,400,200,115000.0,20000.0
11967,2,large,400,200,115000.0,20000.0
11967,4,large,400,200,115000.0,20000.0
11967,92,medium,200,100,95000.0,10000.0
11968,11,large,400,200,115000.0,20000.0
11971,99,medium,200,100,95000.0,10000.0
11977,52,small,100,50,65000.0,5000.0
12009,0,large,400,200,115000.0,20000.0
12009,65,medium,200,100,95000.0,10000.0
12010,32,large,400,200,115000.0,20000.0
12010,48,large,400,200,115000.0,20000.0
12010,99,large,400,200,115000.0,20000.0
12018,22,large,400,200,115000.0,20000.0
12018,45,large,400,200,115000.0,20000.0
12019,21,large,400,200,115000.0,20000.0
12019,39,large,400,200,115000.0,20000.0
12020,99,medium,200,100,95000.0,10000.0
12022,99,small,100,50,65000.0,5000.0
12027,17,small,100,50,65000.0,5000.0
12028,99,small,100,50,65000.0,5000.0
12037,28,large,400,200,115000.0,20000.0
12045,98,small,100,50,65000.0,5000.0
12047,1,large,400,200,115000.0,20000.0
12047,73,large,400,200,115000.0,20000.0
12051,33,large,400,200,115000.0,20000.0
12053,37,small,100,50,65000.0,5000.0
12054,50,large,400,200,115000.0,20000.0
12057,57,medium,200,100,95000.0,10000.0
12061,1,medium,200,100,95000.0,10000.0
12061,23,large,400,200,115000.0,20000.0
12067,11,small,100,50,65000.0,5000.0
12068,2,small,100,50,65000.0,5000.0
12074,20,large,400,200,115000.0,20000.0
12077,40,large,400,200,115000.0,20000.0
12077,83,small,100,50,65000.0,5000.0
12078,33,large,400,200,115000.0,20000.0
12078,51,large,400,200,115000.0,20000.0
12078,52,large,400,200,115000.0,20000.0
12083,12,medium,200,100,95000.0,10000.0
12084,26,large,400,200,115000.0,20000.0
12090,6,small,100,50,65000.0,5000.0
12090,53,large,400,200,115000.0,20000.0
12093,3,small,100,50,65000.0,5000.0
12095,52,large,400,200,115000.0,20000.0
12116,91,small,100,50,65000.0,5000.0
12117,95,medium,200,100,95000.0,10000.0
12118,2,large,400,200,115000.0,20000.0
12118,55,medium,200,100,95000.0,10000.0
12118,97,large,400,200,115000.0,20000.0
12120,64,small,100,50,65000.0,5000.0
12122,7,small,100,50,65000.0,5000.0
12123,77,large,400,200,115000.0,20000.0
12124,12,small,100,50,65000.0,5000.0
12134,44,medium,200,100,95000.0,10000.0
12134,94,small,100,50,65000.0,5000.0
12136,11,small,100,50,65000.0,5000.0
12137,73,medium,200,100,95000.0,10000.0
12138,14,medium,200,100,95000.0,10000.0
12140,9,small,100,50,65000.0,5000.0
12140,51,small,100,50,65000.0,5000.0
12143,11,small,100,50,65000.0,5000.0
12143,48,small,100,50,65000.0,5000.0
12144,72,large,400,200,115000.0,20000.0
12144,73,large,400,200,115000.0,20000.0
12144,90,medium,200,100,95000.0,10000.0
12148,1,medium,200,100,95000.0,10000.0
12148,3,small,100,50,65000.0,5000.0
12149,59,small,100,50,65000.0,5000.0
12149,67,small,100,50,65000.0,5000.0
12151,29,small,100,50,65000.0,5000.0
12154,0,medium,200,100,95000.0,10000.0
12155,46,small,100,50,65000.0,5000.0
12158,55,medium,200,100,95000.0,10000.0
12158,90,small,100,50,65000.0,5000.0
12159,0,medium,200,100,95000.0,10000.0
12160,90,small,100,50,65000.0,5000.0
12167,19,medium,200,100,95000.0,10000.0
12170,12,large,400,200,115000.0,20000.0
12180,49,large,400,200,115000.0,20000.0
12180,96,large,400,200,115000.0,20000.0
12182,28,medium,200,100,95000.0,10000.0
12182,99,large,400,200,115000.0,20000.0
12183,24,large,400,200,115000.0,20000.0
12184,25,large,400,200,115000.0,20000.0
12186,97,medium,200,100,95000.0,10000.0
12187,73,small,100,50,65000.0,5000.0
12188,61,small,100,50,65000.0,5000.0
12188,84,large,400,200,115000.0,20000.0
12189,52,large,400,200,115000.0,20000.0
12189,75,large,400,200,115000.0,20000.0
12190,1,small,100,50,65000.0,5000.0
12196,2,medium,200,100,95000.0,10000.0
12197,98,small,100,50,65000.0,5000.0
12198,20,medium,200,100,95000.0,10000.0
12202,51,large,400,200,115000.0,20000.0
12202,60,small,100,50,65000.0,5000.0
12202,99,large,400,200,115000.0,20000.0
12204,82,large,400,200,115000.0,20000.0
12204,83,large,400,200,115000.0,20000.0
12204,84,large,400,200,115000.0,20000.0
12205,31,small,100,50,65000.0,5000.0
12205,77,large,400,200,115000.0,20000.0
12209,32,large,400,200,115000.0,20000.0
12209,36,medium,200,100,95000.0,10000.0
12211,0,large,400,200,115000.0,20000.0
12211,46,large,400,200,115000.0,20000.0
12302,0,large,400,200,115000.0,20000.0
12302,1,large,400,200,115000.0,20000.0
12302,58,medium,200,100,95000.0,10000.0
12303,1,large,400,200,115000.0,20000.0
12303,3,large,400,200,115000.0,20000.0
12304,6,large,400,200,115000.0,20000.0
12304,14,large,400,200,115000.0,20000.0
12306,47,small,100,50,65000.0,5000.0
12306,49,large,400,200,115000.0,20000.0
12306,56,large,400,200,115000.0,20000.0
12306,68,large,400,200,115000.0,20000.0
12306,73,large,400,200,115000.0,20000.0
12307,36,large,400,200,115000.0,20000.0
12307,71,large,400,200,115000.0,20000.0
12308,76,large,400,200,115000.0,20000.0
12308,99,large,400,200,115000.0,20000.0
12309,22,large,400,200,115000.0,20000.0
12309,37,small,100,50,65000.0,5000.0
12309,51,large,400,200,115000.0,20000.0
12309,56,large,400,200,115000.0,20000.0
12309,60,large,400,200,115000.0,20000.0
12309,69,large,400,200,115000.0,20000.0
12401,15,large,400,200,115000.0,20000.0
12401,42,large,400,200,115000.0,20000.0
12401,45,small,100,50,65000.0,5000.0
12401,55,large,400,200,115000.0,20000.0
12401,58,large,400,200,115000.0,20000.0
12404,3,large,400,200,115000.0,20000.0
12405,36,small,100,50,65000.0,5000.0
12413,44,small,100,50,65000.0,5000.0
12414,90,large,400,200,115000.0,20000.0
12414,94,large,400,200,115000.0,20000.0
12419,0,medium,200,100,95000.0,10000.0
12428,46,small,100,50,65000.0,5000.0
12428,48,medium,200,100,95000.0,10000.0
12431,22,medium,200,100,95000.0,10000.0
12434,0,medium,200,100,95000.0,10000.0
12446,2,large,400,200,115000.0,20000.0
12451,30,small,100,50,65000.0,5000.0
12455,52,small,100,50,65000.0,5000.0
12457,19,small,100,50,65000.0,5000.0
12457,97,small,100,50,65000.0,5000.0
12461,1,small,100,50,65000.0,5000.0
12463,79,small,100,50,65000.0,5000.0
12466,36,medium,200,100,95000.0,10000.0
12477,43,medium,200,100,95000.0,10000.0
12484,95,small,100,50,65000.0,5000.0
12485,49,small,100,50,65000.0,5000.0
12498,88,small,100,50,65000.0,5000.0
12508,43,small,100,50,65000.0,5000.0
12518,23,large,400,200,115000.0,20000.0
12521,41,small,100,50,65000.0,5000.0
12522,63,medium,200,100,95000.0,10000.0
12524,68,small,100,50,65000.0,5000.0
12524,69,large,400,200,115000.0,20000.0
12526,91,medium,200,100,95000.0,10000.0
12528,52,large,400,200,115000.0,20000.0
12531,0,small,100,50,65000.0,5000.0
12533,46,medium,200,100,95000.0,10000.0
12533,97,large,400,200,115000.0,20000.0
12533,99,large,400,200,115000.0,20000.0
12534,22,large,400,200,115000.0,20000.0
12540,50,large,400,200,115000.0,20000.0
12540,60,small,100,50,65000.0,5000.0
12542,80,small,100,50,65000.0,5000.0
12542,99,small,100,50,65000.0,5000.0
12545,41,small,100,50,65000.0,5000.0
12546,66,small,100,50,65000.0,5000.0
12547,78,small,100,50,65000.0,5000.0
12549,59,small,100,50,65000.0,5000.0
12550,6,large,400,200,115000.0,20000.0
12550,8,large,400,200,115000.0,20000.0
12550,23,large,400,200,115000.0,20000.0
12550,58,large,400,200,115000.0,20000.0
12550,74,large,400,200,115000.0,20000.0
12550,83,small,100,50,65000.0,5000.0
12553,0,large,400,200,115000.0,20000.0
12561,65,large,400,200,115000.0,20000.0
12564,73,medium,200,100,95000.0,10000.0
12564,99,small,100,50,65000.0,5000.0
12565,95,medium,200,100,95000.0,10000.0
12566,22,large,400,200,115000.0,20000.0
12566,45,large,400,200,115000.0,20000.0
12569,50,large,400,200,115000.0,20000.0
12569,56,medium,200,100,95000.0,10000.0
12570,22,large,400,200,115000.0,20000.0
12570,45,large,400,200,115000.0,20000.0
12571,3,small,100,50,65000.0,5000.0
12571,99,medium,200,100,95000.0,10000.0
12572,30,small,100,50,65000.0,5000.0
12575,38,small,100,50,65000.0,5000.0
12577,39,small,100,50,65000.0,5000.0
12578,30,small,100,50,65000.0,5000.0
12580,10,large,400,200,115000.0,20000.0
12581,57,medium,200,100,95000.0,10000.0
12582,13,small,100,50,65000.0,5000.0
12582,99,medium,200,100,95000.0,10000.0
12583,78,small,100,50,65000.0,5000.0
12585,46,small,100,50,65000.0,5000.0
12586,0,large,400,200,115000.0,20000.0
12586,1,medium,200,100,95000.0,10000.0
12586,45,large,400,200,115000.0,20000.0
12589,60,small,100,50,65000.0,5000.0
12589,72,large,400,200,115000.0,20000.0
12589,98,large,400,200,115000.0,20000.0
12589,99,large,400,200,115000.0,20000.0
12590,77,large,400,200,115000.0,20000.0
12590,99,medium,200,100,95000.0,10000.0
12601,0,large,400,200,115000.0,20000.0
12601,4,large,400,200,115000.0,20000.0
12601,10,large,400,200,115000.0,20000.0
12601,61,large,400,200,115000.0,20000.0
12603,24,large,400,200,115000.0,20000.0
12603,29,large,400,200,115000.0,20000.0
12603,67,large,400,200,115000.0,20000.0
12603,82,large,400,200,115000.0,20000.0
12701,79,large,400,200,115000.0,20000.0
12719,22,small,100,50,65000.0,5000.0
12720,81,small,100,50,65000.0,5000.0
12721,1,medium,200,100,95000.0,10000.0
12721,23,large,400,200,115000.0,20000.0
12721,45,large,400,200,115000.0,20000.0
12723,3,small,100,50,65000.0,5000.0
12725,94,small,100,50,65000.0,5000.0
12726,14,medium,200,100,95000.0,10000.0
12729,28,large,400,200,115000.0,20000.0
12732,15,small,100,50,65000.0,5000.0
12737,22,small,100,50,65000.0,5000.0
12738,0,small,100,50,65000.0,5000.0
12740,99,small,100,50,65000.0,5000.0
12747,0,medium,200,100,95000.0,10000.0
12748,14,small,100,50,65000.0,5000.0
12754,0,large,400,200,115000.0,20000.0
12754,72,large,400,200,115000.0,20000.0
12758,52,small,100,50,65000.0,5000.0
12764,4,small,100,50,65000.0,5000.0
12771,88,large,400,200,115000.0,20000.0
12771,99,small,100,50,65000.0,5000.0
12775,1,medium,200,100,95000.0,10000.0
12789,88,medium,200,100,95000.0,10000.0
12790,40,large,400,200,115000.0,20000.0
12791,62,small,100,50,65000.0,5000.0
12801,9,large,400,200,115000.0,20000.0
12801,20,large,400,200,115000.0,20000.0
12803,49,large,400,200,115000.0,20000.0
12803,59,large,400,200,115000.0,20000.0
12804,98,large,400,200,115000.0,20000.0
12804,99,medium,200,100,95000.0,10000.0
12809,24,large,400,200,115000.0,20000.0
12814,0,small,100,50,65000.0,5000.0
12816,47,small,100,50,65000.0,5000.0
12817,2,small,100,50,65000.0,5000.0
12821,97,small,100,50,65000.0,5000.0
12822,49,large,400,200,115000.0,20000.0
12822,65,medium,200,100,95000.0,10000.0
12828,8,large,400,200,115000.0,20000.0
12831,0,large,400,200,115000.0,20000.0
12831,20,medium,200,100,95000.0,10000.0
12831,31,large,400,200,115000.0,20000.0
12831,46,large,400,200,115000.0,20000.0
12832,5,large,400,200,115000.0,20000.0
12833,76,large,400,200,115000.0,20000.0
12834,8,large,400,200,115000.0,20000.0
12839,93,medium,200,100,95000.0,10000.0
12839,99,large,400,200,115000.0,20000.0
12842,98,small,100,50,65000.0,5000.0
12845,83,large,400,200,115000.0,20000.0
12846,99,small,100,50,65000.0,5000.0
12865,7,large,400,200,115000.0,20000.0
12866,14,large,400,200,115000.0,20000.0
12866,77,large,400,200,115000.0,20000.0
12870,98,small,100,50,65000.0,5000.0
12871,71,medium,200,100,95000.0,10000.0
12871,99,small,100,50,65000.0,5000.0
12883,70,large,400,200,115000.0,20000.0
12885,2,medium,200,100,95000.0,10000.0
12887,25,large,400,200,115000.0,20000.0
12901,20,large,400,200,115000.0,20000.0
12901,58,large,400,200,115000.0,20000.0
12901,97,large,400,200,115000.0,20000.0
12912,99,small,100,50,65000.0,5000.0
12914,98,small,100,50,65000.0,5000.0
12916,37,small,100,50,65000.0,5000.0
12916,69,small,100,50,65000.0,5000.0
12918,96,medium,200,100,95000.0,10000.0
12919,70,medium,200,100,95000.0,10000.0
12920,57,medium,200,100,95000.0,10000.0
12921,19,large,400,200,115000.0,20000.0
12923,9,small,100,50,65000.0,5000.0
12926,5,large,400,200,115000.0,20000.0
12929,27,small,100,50,65000.0,5000.0
12934,94,medium,200,100,95000.0,10000.0
12935,7,small,100,50,65000.0,5000.0
12936,90,small,100,50,65000.0,5000.0
12937,50,medium,200,100,95000.0,10000.0
12941,19,small,100,50,65000.0,5000.0
12944,65,small,100,50,65000.0,5000.0
12946,1,small,100,50,65000.0,5000.0
12950,85,small,100,50,65000.0,5000.0
12953,1,medium,200,100,95000.0,10000.0
12953,2,large,400,200,115000.0,20000.0
12956,86,small,100,50,65000.0,5000.0
12958,50,small,100,50,65000.0,5000.0
12959,97,small,100,50,65000.0,5000.0
12960,48,small,100,50,65000.0,5000.0
12960,99,small,100,50,65000.0,5000.0
12962,75,large,400,200,115000.0,20000.0
12972,49,large,400,200,115000.0,20000.0
12972,64,medium,200,100,95000.0,10000.0
12974,47,medium,200,100,95000.0,10000.0
12981,99,small,100,50,65000.0,5000.0
12983,42,large,400,200,115000.0,20000.0
12986,65,small,100,50,65000.0,5000.0
12992,39,large,400,200,115000.0,20000.0
12996,24,small,100,50,65000.0,5000.0
13020,13,small,100,50,65000.0,5000.0
13021,32,large,400,200,115000.0,20000.0
13021,40,large,400,200,115000.0,20000.0
13021,60,large,400,200,115000.0,20000.0
13027,0,large,400,200,115000.0,20000.0
13027,1,large,400,200,115000.0,20000.0
13027,72,large,400,200,115000.0,20000.0
13027,75,large,400,200,115000.0,20000.0
13027,94,large,400,200,115000.0,20000.0
13029,26,large,400,200,115000.0,20000.0
13029,45,large,400,200,115000.0,20000.0
13030,7,large,400,200,115000.0,20000.0
13031,0,large,400,200,115000.0,20000.0
13031,7,large,400,200,115000.0,20000.0
13032,39,small,100,50,65000.0,5000.0
13032,51,large,400,200,115000.0,20000.0
13033,49,medium,200,100,95000.0,10000.0
13035,75,small,100,50,65000.0,5000.0
13036,53,large,400,200,115000.0,20000.0
13036,62,medium,200,100,95000.0,10000.0
13037,51,medium,200,100,95000.0,10000.0
13037,58,large,400,200,115000.0,20000.0
13039,9,large,400,200,115000.0,20000.0
13039,95,small,100,50,65000.0,5000.0
13041,58,large,400,200,115000.0,20000.0
13044,29,large,400,200,115000.0,20000.0
13045,95,large,400,200,115000.0,20000.0
13045,99,small,100,50,65000.0,5000.0
13052,0,medium,200,100,95000.0,10000.0
13053,14,small,100,50,65000.0,5000.0
13054,45,small,100,50,65000.0,5000.0
13060,7,large,400,200,115000.0,20000.0
13063,93,small,100,50,65000.0,5000.0
13066,1,large,400,200,115000.0,20000.0
13066,74,large,400,200,115000.0,20000.0
13068,36,medium,200,100,95000.0,10000.0
13069,11,large,400,200,115000.0,20000.0
13069,29,large,400,200,115000.0,20000.0
13069,61,large,400,200,115000.0,20000.0
13069,79,large,400,200,115000.0,20000.0
13071,72,small,100,50,65000.0,5000.0
13073,3,medium,200,100,95000.0,10000.0
13073,61,large,400,200,115000.0,20000.0
13074,20,large,400,200,115000.0,20000.0
13076,99,medium,200,100,95000.0,10000.0
13077,34,large,400,200,115000.0,20000.0
13078,0,large,400,200,115000.0,20000.0
13078,22,large,400,200,115000.0,20000.0
13080,5,large,400,200,115000.0,20000.0
13084,65,medium,200,100,95000.0,10000.0
13088,39,large,400,200,115000.0,20000.0
13090,55,small,100,50,65000.0,5000.0
13090,90,large,400,200,115000.0,20000.0
13090,98,large,400,200,115000.0,20000.0
13090,99,large,400,200,115000.0,20000.0
13092,84,large,400,200,115000.0,20000.0
13101,65,medium,200,100,95000.0,10000.0
13104,39,large,400,200,115000.0,20000.0
13108,6,small,100,50,65000.0,5000.0
13112,5,medium,200,100,95000.0,10000.0
13114,47,large,400,200,115000.0,20000.0
13116,91,small,100,50,65000.0,5000.0
13118,25,medium,200,100,95000.0,10000.0
13120,39,medium,200,100,95000.0,10000.0
13126,62,large,400,200,115000.0,20000.0
13126,65,large,400,200,115000.0,20000.0
13126,92,large,400,200,115000.0,20000.0
13126,98,large,400,200,115000.0,20000.0
13131,84,large,400,200,115000.0,20000.0
13132,99,medium,200,100,95000.0,10000.0
13135,97,large,400,200,115000.0,20000.0
13142,8,large,400,200,115000.0,20000.0
13143,25,small,100,50,65000.0,5000.0
13145,3,medium,200,100,95000.0,10000.0
13146,40,medium,200,100,95000.0,10000.0
13148,2,large,400,200,115000.0,20000.0
13148,92,small,100,50,65000.0,5000.0
13152,26,large,400,200,115000.0,20000.0
13153,76,small,100,50,65000.0,5000.0
13155,15,small,100,50,65000.0,5000.0
13159,9,large,400,200,115000.0,20000.0
13160,95,small,100,50,65000.0,5000.0
13160,99,small,100,50,65000.0,5000.0
13164,81,large,400,200,115000.0,20000.0
13165,1,medium,200,100,95000.0,10000.0
13165,49,large,400,200,115000.0,20000.0
13166,90,large,400,200,115000.0,20000.0
13167,36,small,100,50,65000.0,5000.0
13167,99,small,100,50,65000.0,5000.0
13202,0,large,400,200,115000.0,20000.0
13203,25,large,400,200,115000.0,20000.0
13203,26,small,100,50,65000.0,5000.0
13204,1,large,400,200,115000.0,20000.0
13204,11,large,400,200,115000.0,20000.0
13204,38,large,400,200,115000.0,20000.0
13205,2,large,400,200,115000.0,20000.0
13205,19,medium,200,100,95000.0,10000.0
13205,34,large,400,200,115000.0,20000.0
13205,96,large,400,200,115000.0,20000.0
13206,0,large,400,200,115000.0,20000.0
13206,49,large,400,200,115000.0,20000.0
13206,55,small,100,50,65000.0,5000.0
13206,73,large,400,200,115000.0,20000.0
13207,57,large,400,200,115000.0,20000.0
13207,64,large,400,200,115000.0,20000.0
13207,99,large,400,200,115000.0,20000.0
13208,9,large,400,200,115000.0,20000.0
13208,21,large,400,200,115000.0,20000.0
13208,40,large,400,200,115000.0,20000.0
13208,51,large,400,200,115000.0,20000.0
13208,77,large,400,200,115000.0,20000.0
13209,93,large,400,200,115000.0,20000.0
13209,95,large,400,200,115000.0,20000.0
13209,96,large,400,200,115000.0,20000.0
13210,21,large,400,200,115000.0,20000.0
13210,40,small,100,50,65000.0,5000.0
13210,71,large,400,200,115000.0,20000.0
13211,61,large,400,200,115000.0,20000.0
13212,49,large,400,200,115000.0,20000.0
13212,73,large,400,200,115000.0,20000.0
13214,1,small,100,50,65000.0,5000.0
13215,84,large,400,200,115000.0,20000.0
13219,51,large,400,200,115000.0,20000.0
13219,95,large,400,200,115000.0,20000.0
13303,55,small,100,50,65000.0,5000.0
13304,72,medium,200,100,95000.0,10000.0
13309,96,large,400,200,115000.0,20000.0
13315,73,small,100,50,65000.0,5000.0
13316,63,large,400,200,115000.0,20000.0
13317,61,small,100,50,65000.0,5000.0
13317,84,large,400,200,115000.0,20000.0
13318,40,small,100,50,65000.0,5000.0
13321,71,small,100,50,65000.0,5000.0
13323,20,medium,200,100,95000.0,10000.0
13327,84,large,400,200,115000.0,20000.0
13329,5,medium,200,100,95000.0,10000.0
13329,99,small,100,50,65000.0,5000.0
13332,52,medium,200,100,95000.0,10000.0
13332,84,large,400,200,115000.0,20000.0
13338,13,small,100,50,65000.0,5000.0
13339,53,large,400,200,115000.0,20000.0
13339,65,large,400,200,115000.0,20000.0
13340,49,large,400,200,115000.0,20000.0
13340,54,small,100,50,65000.0,5000.0
13343,42,small,100,50,65000.0,5000.0
13346,37,small,100,50,65000.0,5000.0
13348,63,small,100,50,65000.0,5000.0
13350,97,large,400,200,115000.0,20000.0
13355,48,medium,200,100,95000.0,10000.0
13357,21,large,400,200,115000.0,20000.0
13357,22,large,400,200,115000.0,20000.0
13365,74,large,400,200,115000.0,20000.0
13365,99,large,400,200,115000.0,20000.0
13367,44,large,400,200,115000.0,20000.0
13368,11,small,100,50,65000.0,5000.0
13402,78,small,100,50,65000.0,5000.0
13403,52,medium,200,100,95000.0,10000.0
13403,84,large,400,200,115000.0,20000.0
13407,37,large,400,200,115000.0,20000.0
13408,82,small,100,50,65000.0,5000.0
13409,77,small,100,50,65000.0,5000.0
13411,62,medium,200,100,95000.0,10000.0
13413,78,large,400,200,115000.0,20000.0
13416,96,medium,200,100,95000.0,10000.0
13417,83,small,100,50,65000.0,5000.0
13417,99,small,100,50,65000.0,5000.0
13421,89,large,400,200,115000.0,20000.0
13421,96,medium,200,100,95000.0,10000.0
13431,19,medium,200,100,95000.0,10000.0
13435,33,small,100,50,65000.0,5000.0
13439,93,large,400,200,115000.0,20000.0
13440,3,large,400,200,115000.0,20000.0
13440,6,small,100,50,65000.0,5000.0
13440,8,large,400,200,115000.0,20000.0
13440,10,large,400,200,115000.0,20000.0
13440,34,large,400,200,115000.0,20000.0
13440,56,large,400,200,115000.0,20000.0
13440,99,large,400,200,115000.0,20000.0
13452,88,large,400,200,115000.0,20000.0
13456,84,large,400,200,115000.0,20000.0
13459,13,medium,200,100,95000.0,10000.0
13460,82,large,400,200,115000.0,20000.0
13461,17,large,400,200,115000.0,20000.0
13469,59,small,100,50,65000.0,5000.0
13473,32,small,100,50,65000.0,5000.0
13478,61,medium,200,100,95000.0,10000.0
13480,89,medium,200,100,95000.0,10000.0
13491,83,large,400,200,115000.0,20000.0
13492,27,large,400,200,115000.0,20000.0
13495,81,medium,200,100,95000.0,10000.0
13501,4,large,400,200,115000.0,20000.0
13501,5,large,400,200,115000.0,20000.0
13501,19,large,400,200,115000.0,20000.0
13501,40,large,400,200,115000.0,20000.0
13501,60,medium,200,100,95000.0,10000.0
13501,88,large,400,200,115000.0,20000.0
13502,4,large,400,200,115000.0,20000.0
13502,5,large,400,200,115000.0,20000.0
13502,12,large,400,200,115000.0,20000.0
13502,46,small,100,50,65000.0,5000.0
13502,53,large,400,200,115000.0,20000.0
13502,83,large,400,200,115000.0,20000.0
13502,98,large,400,200,115000.0,20000.0
13601,1,large,400,200,115000.0,20000.0
13601,3,large,400,200,115000.0,20000.0
13601,15,large,400,200,115000.0,20000.0
13601,29,large,400,200,115000.0,20000.0
13601,50,large,400,200,115000.0,20000.0
13605,67,large,400,200,115000.0,20000.0
13606,13,small,100,50,65000.0,5000.0
13608,98,medium,200,100,95000.0,10000.0
13611,83,small,100,50,65000.0,5000.0
13612,43,small,100,50,65000.0,5000.0
13612,99,small,100,50,65000.0,5000.0
13613,86,small,100,50,65000.0,5000.0
13616,5,small,100,50,65000.0,5000.0
13617,11,large,400,200,115000.0,20000.0
13619,5,medium,200,100,95000.0,10000.0
13619,20,large,400,200,115000.0,20000.0
13620,78,medium,200,100,95000.0,10000.0
13622,18,medium,200,100,95000.0,10000.0
13624,96,small,100,50,65000.0,5000.0
13624,99,medium,200,100,95000.0,10000.0
13626,18,medium,200,100,95000.0,10000.0
13634,57,medium,200,100,95000.0,10000.0
13637,23,large,400,200,115000.0,20000.0
13637,46,medium,200,100,95000.0,10000.0
13642,84,large,400,200,115000.0,20000.0
13642,89,large,400,200,115000.0,20000.0
13646,10,medium,200,100,95000.0,10000.0
13648,54,small,100,50,65000.0,5000.0
13652,0,medium,200,100,95000.0,10000.0
13654,53,medium,200,100,95000.0,10000.0
13655,2,medium,200,100,95000.0,10000.0
13656,79,large,400,200,115000.0,20000.0
13658,96,small,100,50,65000.0,5000.0
13658,99,small,100,50,65000.0,5000.0
13660,71,medium,200,100,95000.0,10000.0
13662,0,large,400,200,115000.0,20000.0
13662,3,small,100,50,65000.0,5000.0
13662,20,large,400,200,115000.0,20000.0
13668,19,medium,200,100,95000.0,10000.0
13669,8,large,400,200,115000.0,20000.0
13669,17,large,400,200,115000.0,20000.0
13669,49,large,400,200,115000.0,20000.0
13673,87,large,400,200,115000.0,20000.0
13676,16,small,100,50,65000.0,5000.0
13676,23,large,400,200,115000.0,20000.0
13685,97,small,100,50,65000.0,5000.0
13691,71,large,400,200,115000.0,20000.0
13694,49,medium,200,100,95000.0,10000.0
13730,20,medium,200,100,95000.0,10000.0
13732,61,small,100,50,65000.0,5000.0
13732,84,large,400,200,115000.0,20000.0
13733,8,small,100,50,65000.0,5000.0
13733,68,medium,200,100,95000.0,10000.0
13739,50,small,100,50,65000.0,5000.0
13743,32,small,100,50,65000.0,5000.0
13746,96,small,100,50,65000.0,5000.0
13750,67,small,100,50,65000.0,5000.0
13751,78,small,100,50,65000.0,5000.0
13753,53,small,100,50,65000.0,5000.0
13754,52,small,100,50,65000.0,5000.0
13757,96,small,100,50,65000.0,5000.0
13760,0,large,400,200,115000.0,20000.0
13760,3,large,400,200,115000.0,20000.0
13760,19,large,400,200,115000.0,20000.0
13760,46,large,400,200,115000.0,20000.0
13778,61,small,100,50,65000.0,5000.0
13778,84,large,400,200,115000.0,20000.0
13782,62,small,100,50,65000.0,5000.0
13784,85,small,100,50,65000.0,5000.0
13787,94,medium,200,100,95000.0,10000.0
13790,13,large,400,200,115000.0,20000.0
13790,80,large,400,200,115000.0,20000.0
13795,84,small,100,50,65000.0,5000.0
13795,85,small,100,50,65000.0,5000.0
13796,29,small,100,50,65000.0,5000.0
13802,59,small,100,50,65000.0,5000.0
13803,6,small,100,50,65000.0,5000.0
13803,54,large,400,200,115000.0,20000.0
13807,11,small,100,50,65000.0,5000.0
13808,18,small,100,50,65000.0,5000.0
13810,95,small,100,50,65000.0,5000.0
13811,87,large,400,200,115000.0,20000.0
13812,13,small,100,50,65000.0,5000.0
13815,26,large,400,200,115000.0,20000.0
13815,89,large,400,200,115000.0,20000.0
13820,9,small,100,50,65000.0,5000.0
13825,97,medium,200,100,95000.0,10000.0
13827,66,large,400,200,115000.0,20000.0
13830,96,large,400,200,115000.0,20000.0
13839,0,medium,200,100,95000.0,10000.0
13849,85,small,100,50,65000.0,5000.0
13849,92,medium,200,100,95000.0,10000.0
13850,99,medium,200,100,95000.0,10000.0
13856,43,large,400,200,115000.0,20000.0
13862,40,small,100,50,65000.0,5000.0
13863,12,small,100,50,65000.0,5000.0
13864,64,medium,200,100,95000.0,10000.0
13865,17,medium,200,100,95000.0,10000.0
13865,81,large,400,200,115000.0,20000.0
13901,17,large,400,200,115000.0,20000.0
13901,93,large,400,200,115000.0,20000.0
13901,98,large,400,200,115000.0,20000.0
13903,49,large,400,200,115000.0,20000.0
13903,50,large,400,200,115000.0,20000.0
13904,22,large,400,200,115000.0,20000.0
13904,45,large,400,200,115000.0,20000.0
13905,2,medium,200,100,95000.0,10000.0
13905,19,large,400,200,115000.0,20000.0
13905,63,large,400,200,115000.0,20000.0
14001,82,large,400,200,115000.0,20000.0
14004,82,large,400,200,115000.0,20000.0
14004,84,large,400,200,115000.0,20000.0
14005,50,medium,200,100,95000.0,10000.0
14006,61,small,100,50,65000.0,5000.0
14006,84,large,400,200,115000.0,20000.0
14009,81,large,400,200,115000.0,20000.0
14011,28,small,100,50,65000.0,5000.0
14011,72,large,400,200,115000.0,20000.0
14012,31,large,400,200,115000.0,20000.0
14020,5,large,400,200,115000.0,20000.0
14020,97,large,400,200,115000.0,20000.0
14024,22,medium,200,100,95000.0,10000.0
14025,43,small,100,50,65000.0,5000.0
14031,23,large,400,200,115000.0,20000.0
14032,0,large,400,200,115000.0,20000.0
14032,35,medium,200,100,95000.0,10000.0
14036,74,large,400,200,115000.0,20000.0
14040,64,small,100,50,65000.0,5000.0
14042,89,large,400,200,115000.0,20000.0
14043,76,medium,200,100,95000.0,10000.0
14047,1,small,100,50,65000.0,5000.0
14048,61,large,400,200,115000.0,20000.0
14051,16,small,100,50,65000.0,5000.0
14051,23,large,400,200,115000.0,20000.0
14051,75,large,400,200,115000.0,20000.0
14052,71,large,400,200,115000.0,20000.0
14057,31,large,400,200,115000.0,20000.0
14058,28,large,400,200,115000.0,20000.0
14059,0,large,400,200,115000.0,20000.0
14059,27,medium,200,100,95000.0,10000.0
14063,34,small,100,50,65000.0,5000.0
14066,58,small,100,50,65000.0,5000.0
14067,74,medium,200,100,95000.0,10000.0
14070,35,medium,200,100,95000.0,10000.0
14070,48,large,400,200,115000.0,20000.0
14072,94,large,400,200,115000.0,20000.0
14075,16,large,400,200,115000.0,20000.0
14075,46,large,400,200,115000.0,20000.0
14075,69,large,400,200,115000.0,20000.0
14080,52,medium,200,100,95000.0,10000.0
14082,99,small,100,50,65000.0,5000.0
14085,64,large,400,200,115000.0,20000.0
14086,17,large,400,200,115000.0,20000.0
14086,21,large,400,200,115000.0,20000.0
14086,99,large,400,200,115000.0,20000.0
14091,23,medium,200,100,95000.0,10000.0
14092,95,small,100,50,65000.0,5000.0
14094,71,large,400,200,115000.0,20000.0
14094,77,large,400,200,115000.0,20000.0
14094,86,large,400,200,115000.0,20000.0
14094,94,large,400,200,115000.0,20000.0
14094,95,large,400,200,115000.0,20000.0
14103,2,large,400,200,115000.0,20000.0
14103,79,medium,200,100,95000.0,10000.0
14105,61,small,100,50,65000.0,5000.0
14105,84,large,400,200,115000.0,20000.0
14108,23,large,400,200,115000.0,20000.0
14108,45,medium,200,100,95000.0,10000.0
14111,49,medium,200,100,95000.0,10000.0
14120,0,large,400,200,115000.0,20000.0
14120,31,large,400,200,115000.0,20000.0
14120,59,large,400,200,115000.0,20000.0
14120,68,large,400,200,115000.0,20000.0
14120,83,large,400,200,115000.0,20000.0
14127,95,large,400,200,115000.0,20000.0
14132,45,large,400,200,115000.0,20000.0
14136,33,large,400,200,115000.0,20000.0
14138,0,small,100,50,65000.0,5000.0
14145,18,small,100,50,65000.0,5000.0
14145,19,small,100,50,65000.0,5000.0
14171,76,small,100,50,65000.0,5000.0
14172,50,medium,200,100,95000.0,10000.0
14174,67,small,100,50,65000.0,5000.0
14201,23,large,400,200,115000.0,20000.0
14204,50,large,400,200,115000.0,20000.0
14206,51,large,400,200,115000.0,20000.0
14206,74,large,400,200,115000.0,20000.0
14206,76,large,400,200,115000.0,20000.0
14207,0,large,400,200,115000.0,20000.0
14207,8,large,400,200,115000.0,20000.0
14207,51,large,400,200,115000.0,20000.0
14207,56,large,400,200,115000.0,20000.0
14207,57,large,400,200,115000.0,20000.0
14208,39,medium,200,100,95000.0,10000.0
14208,45,large,400,200,115000.0,20000.0
14210,93,large,400,200,115000.0,20000.0
14211,12,medium,200,100,95000.0,10000.0
14211,16,large,400,200,115000.0,20000.0
14211,30,large,400,200,115000.0,20000.0
14211,77,large,400,200,115000.0,20000.0
14211,80,large,400,200,115000.0,20000.0
14211,94,large,400,200,115000.0,20000.0
14212,81,large,400,200,115000.0,20000.0
14212,83,large,400,200,115000.0,20000.0
14212,84,large,400,200,115000.0,20000.0
14213,1,large,400,200,115000.0,20000.0
14213,4,large,400,200,115000.0,20000.0
14213,12,large,400,200,115000.0,20000.0
14213,19,large,400,200,115000.0,20000.0
14213,24,large,400,200,115000.0,20000.0
14213,58,large,400,200,115000.0,20000.0
14214,4,large,400,200,115000.0,20000.0
14214,18,small,100,50,65000.0,5000.0
14214,89,large,400,200,115000.0,20000.0
14215,0,large,400,200,115000.0,20000.0
14215,19,large,400,200,115000.0,20000.0
14215,20,large,400,200,115000.0,20000.0
14215,21,large,400,200,115000.0,20000.0
14215,29,large,400,200,115000.0,20000.0
14215,37,large,400,200,115000.0,20000.0
14215,42,large,400,200,115000.0,20000.0
14215,74,large,400,200,115000.0,20000.0
14216,3,large,400,200,115000.0,20000.0
14216,26,large,400,200,115000.0,20000.0
14216,46,large,400,200,115000.0,20000.0
14216,47,large,400,200,115000.0,20000.0
14216,89,small,100,50,65000.0,5000.0
14217,0,large,400,200,115000.0,20000.0
14217,65,medium,200,100,95000.0,10000.0
14218,1,large,400,200,115000.0,20000.0
14218,52,large,400,200,115000.0,20000.0
14218,73,large,400,200,115000.0,20000.0
14219,47,large,400,200,115000.0,20000.0
14220,0,large,400,200,115000.0,20000.0
14220,8,small,100,50,65000.0,5000.0
14220,50,large,400,200,115000.0,20000.0
14220,51,large,400,200,115000.0,20000.0
14221,45,large,400,200,115000.0,20000.0
14221,60,large,400,200,115000.0,20000.0
14221,71,large,400,200,115000.0,20000.0
14221,83,large,400,200,115000.0,20000.0
14222,1,large,400,200,115000.0,20000.0
14222,49,large,400,200,115000.0,20000.0
14223,1,large,400,200,115000.0,20000.0
14223,44,medium,200,100,95000.0,10000.0
14223,76,large,400,200,115000.0,20000.0
14224,9,large,400,200,115000.0,20000.0
14224,86,large,400,200,115000.0,20000.0
14224,92,large,400,200,115000.0,20000.0
14225,1,large,400,200,115000.0,20000.0
14225,2,large,400,200,115000.0,20000.0
14225,51,large,400,200,115000.0,20000.0
14225,52,large,400,200,115000.0,20000.0
14226,15,large,400,200,115000.0,20000.0
14226,86,large,400,200,115000.0,20000.0
14227,49,large,400,200,115000.0,20000.0
14227,95,large,400,200,115000.0,20000.0
14228,99,large,400,200,115000.0,20000.0
14301,47,large,400,200,115000.0,20000.0
14301,88,small,100,50,65000.0,5000.0
14303,69,medium,200,100,95000.0,10000.0
14303,99,large,400,200,115000.0,20000.0
14304,40,large,400,200,115000.0,20000.0
14304,89,large,400,200,115000.0,20000.0
14304,91,medium,200,100,95000.0,10000.0
14305,34,large,400,200,115000.0,20000.0
14305,42,large,400,200,115000.0,20000.0
14305,43,medium,200,100,95000.0,10000.0
14411,7,small,100,50,65000.0,5000.0
14411,54,large,400,200,115000.0,20000.0
14416,57,small,100,50,65000.0,5000.0
14416,86,medium,200,100,95000.0,10000.0
14420,99,large,400,200,115000.0,20000.0
14423,82,large,400,200,115000.0,20000.0
14424,96,large,400,200,115000.0,20000.0
14425,0,small,100,50,65000.0,5000.0
14425,9,large,400,200,115000.0,20000.0
14425,22,large,400,200,115000.0,20000.0
14433,6,small,100,50,65000.0,5000.0
14433,53,large,400,200,115000.0,20000.0
14437,94,large,400,200,115000.0,20000.0
14445,53,large,400,200,115000.0,20000.0
14450,3,large,400,200,115000.0,20000.0
14450,7,large,400,200,115000.0,20000.0
14450,44,large,400,200,115000.0,20000.0
14450,94,large,400,200,115000.0,20000.0
14456,21,large,400,200,115000.0,20000.0
14456,51,medium,200,100,95000.0,10000.0
14464,22,large,400,200,115000.0,20000.0
14464,45,large,400,200,115000.0,20000.0
14468,0,large,400,200,115000.0,20000.0
14468,43,large,400,200,115000.0,20000.0
14470,45,large,400,200,115000.0,20000.0
14472,0,large,400,200,115000.0,20000.0
14472,22,large,400,200,115000.0,20000.0
14476,79,medium,200,100,95000.0,10000.0
14481,89,small,100,50,65000.0,5000.0
14486,19,small,100,50,65000.0,5000.0
14505,87,large,400,200,115000.0,20000.0
14521,52,large,400,200,115000.0,20000.0
14525,98,medium,200,100,95000.0,10000.0
14526,3,large,400,200,115000.0,20000.0
14526,24,large,400,200,115000.0,20000.0
14526,50,large,400,200,115000.0,20000.0
14532,0,large,400,200,115000.0,20000.0
14536,82,small,100,50,65000.0,5000.0
14541,84,large,400,200,115000.0,20000.0
14544,14,small,100,50,65000.0,5000.0
14545,74,small,100,50,65000.0,5000.0
14546,61,small,100,50,65000.0,5000.0
14546,84,large,400,200,115000.0,20000.0
14560,0,small,100,50,65000.0,5000.0
14568,62,large,400,200,115000.0,20000.0
14569,13,medium,200,100,95000.0,10000.0
14580,8,large,400,200,115000.0,20000.0
14580,14,large,400,200,115000.0,20000.0
14580,59,large,400,200,115000.0,20000.0
14580,62,large,400,200,115000.0,20000.0
14586,52,medium,200,100,95000.0,10000.0
14586,84,large,400,200,115000.0,20000.0
14589,52,medium,200,100,95000.0,10000.0
14589,84,large,400,200,115000.0,20000.0
14590,7,small,100,50,65000.0,5000.0
14590,99,medium,200,100,95000.0,10000.0
14608,40,medium,200,100,95000.0,10000.0
14609,5,large,400,200,115000.0,20000.0
14609,45,large,400,200,115000.0,20000.0
14609,47,large,400,200,115000.0,20000.0
14609,93,large,400,200,115000.0,20000.0
14612,1,large,400,200,115000.0,20000.0
14612,10,large,400,200,115000.0,20000.0
14612,11,large,400,200,115000.0,20000.0
14612,22,medium,200,100,95000.0,10000.0
14612,52,large,400,200,115000.0,20000.0
14617,40,small,100,50,65000.0,5000.0
14617,47,large,400,200,115000.0,20000.0
14621,0,large,400,200,115000.0,20000.0
14621,1,large,400,200,115000.0,20000.0
14621,4,large,400,200,115000.0,20000.0
14621,16,large,400,200,115000.0,20000.0
14621,44,large,400,200,115000.0,20000.0
14621,49,large,400,200,115000.0,20000.0
14621,82,small,100,50,65000.0,5000.0
14622,23,large,400,200,115000.0,20000.0
14622,72,large,400,200,115000.0,20000.0
14717,59,small,100,50,65000.0,5000.0
14727,82,large,400,200,115000.0,20000.0
14741,53,medium,200,100,95000.0,10000.0
14747,84,large,400,200,115000.0,20000.0
14767,79,medium,200,100,95000.0,10000.0
14770,93,medium,200,100,95000.0,10000.0
14772,33,large,400,200,115000.0,20000.0
14805,97,small,100,50,65000.0,5000.0
14806,21,medium,200,100,95000.0,10000.0
