zip_code,facility_id,initial_capacity_0_12,expand_slots,expand_segment
10001,297,84.0,8.0,0%-10%
10001,4025,16.0,-0.0,0%-10%
10001,4900,17.0,0.0,0%-10%
10001,5949,8.0,0.0,0%-10%
10001,6079,79.0,1.0,0%-10%
10001,10983,88.0,8.0,0%-10%
10001,11708,8.0,-0.0,0%-10%
10001,12595,17.0,-0.0,0%-10%
10001,12599,292.0,29.0,0%-10%
10002,134,41.0,4.0,0%-10%
10002,469,306.0,28.0,0%-10%
10002,542,141.0,13.0,0%-10%
10002,603,36.0,3.0,0%-10%
10002,627,14.0,0.0,0%-10%
10002,633,8.0,0.0,0%-10%
10002,753,172.0,17.0,0%-10%
10002,937,235.0,23.0,0%-10%
10002,1069,6.0,0.0,0%-10%
10002,1400,75.0,7.0,0%-10%
10002,1447,8.0,0.0,0%-10%
10002,1641,198.0,19.0,0%-10%
10002,1940,7.0,0.0,0%-10%
10002,2277,16.0,1.0,0%-10%
10002,2587,114.0,11.0,0%-10%
10002,2697,8.0,0.0,0%-10%
10002,2752,8.0,0.0,0%-10%
10002,2918,8.0,0.0,0%-10%
10002,3446,110.0,10.0,0%-10%
10002,3560,16.0,1.0,0%-10%
10002,3609,8.0,0.0,0%-10%
10002,3767,217.0,21.0,0%-10%
10002,3933,188.0,17.0,0%-10%
10002,4290,40.0,4.0,0%-10%
10002,4511,8.0,0.0,0%-10%
10002,5136,60.0,6.0,0%-10%
10002,5165,41.0,4.0,0%-10%
10002,5304,12.0,0.0,0%-10%
10002,5477,8.0,0.0,0%-10%
10002,5896,8.0,0.0,0%-10%
10002,6564,111.0,10.0,0%-10%
10002,6845,107.0,10.0,0%-10%
10002,7529,8.0,-0.0,0%-10%
10002,7960,200.0,20.0,0%-10%
10002,8014,285.0,26.0,0%-10%
10002,8358,160.0,16.0,0%-10%
10002,8651,16.0,1.0,0%-10%
10002,8716,5.0,0.0,0%-10%
10002,8887,16.0,1.0,0%-10%
10002,9057,114.0,11.0,0%-10%
10002,9211,61.0,6.0,0%-10%
10002,9325,8.0,0.0,0%-10%
10002,9330,221.0,22.0,0%-10%
10002,9426,14.0,0.0,0%-10%
10002,10177,242.0,22.0,0%-10%
10002,10451,260.0,24.0,0%-10%
10002,10544,47.0,4.0,0%-10%
10002,10685,8.0,0.0,0%-10%
10002,11312,8.0,0.0,0%-10%
10002,11315,77.0,7.0,0%-10%
10002,11471,202.0,20.0,0%-10%
10002,11718,16.0,1.0,0%-10%
10002,11805,159.0,14.0,0%-10%
10002,12089,140.0,13.0,0%-10%
10002,13109,10.0,1.0,0%-10%
10002,14870,7.0,0.0,0%-10%
10002,15171,110.0,10.0,0%-10%
10003,1980,217.0,20.0,0%-10%
10003,6247,191.0,-0.0,0%-10%
10003,7364,57.0,-0.0,0%-10%
10003,7784,483.0,48.0,0%-10%
10003,9413,457.0,45.0,0%-10%
10003,10737,111.0,-0.0,0%-10%
10003,12410,479.0,47.0,0%-10%
10004,3798,13.0,2.0,15%-20%
10004,10890,250.0,37.0,10%-15%
10005,5143,39.0,0.0,0%-10%
10006,14868,156.0,-0.0,0%-10%
10007,3060,17.0,-0.0,0%-10%
10007,4537,87.0,-0.0,0%-10%
10007,9839,180.0,4.0,0%-10%
10009,136,16.0,-0.0,0%-10%
10009,683,81.0,-0.0,0%-10%
10009,934,16.0,-0.0,0%-10%
10009,1404,12.0,0.0,0%-10%
10009,1581,231.0,19.0,0%-10%
10009,1912,53.0,3.0,0%-10%
10009,2181,38.0,1.0,0%-10%
10009,2426,6.0,0.0,0%-10%
10009,3854,80.0,-0.0,0%-10%
10009,4542,329.0,28.0,0%-10%
10009,4607,157.0,12.0,0%-10%
10009,4955,134.0,10.0,0%-10%
10009,5011,8.0,0.0,0%-10%
10009,6986,300.0,26.0,0%-10%
10009,7463,8.0,0.0,0%-10%
10009,7981,16.0,-0.0,0%-10%
10009,9150,6.0,0.0,0%-10%
10009,10560,16.0,-0.0,0%-10%
10009,10633,85.0,-0.0,0%-10%
10009,10855,8.0,0.0,0%-10%
10009,11868,16.0,-0.0,0%-10%
10009,11886,160.0,13.0,0%-10%
10009,11951,8.0,0.0,0%-10%
10010,5855,60.0,0.0,0%-10%
10010,10534,34.0,0.0,0%-10%
10010,11325,140.0,0.0,0%-10%
10011,1372,176.0,17.0,0%-10%
10011,4766,61.0,5.0,0%-10%
10011,8354,400.0,40.0,0%-10%
10011,8519,380.0,38.0,0%-10%
10011,11892,672.0,67.0,0%-10%
10011,12835,261.0,39.0,10%-15%
10011,15344,6.0,0.0,0%-10%
10012,11589,8.0,0.0,0%-10%
10012,11872,16.0,0.0,0%-10%
10013,1998,30.0,0.0,0%-10%
10013,2930,161.0,12.0,0%-10%
10013,3296,10.0,0.0,0%-10%
10013,4351,218.0,21.0,0%-10%
10013,4638,16.0,0.0,0%-10%
10014,4888,140.0,-0.0,0%-10%
10014,5638,281.0,-0.0,0%-10%
10014,7712,585.0,58.0,0%-10%
10014,10793,57.0,-0.0,0%-10%
10014,13439,574.0,14.0,0%-10%
10014,14576,74.0,-0.0,0%-10%
10016,2311,16.0,-0.0,0%-10%
10016,5254,480.0,-0.0,0%-10%
10016,6611,327.0,-0.0,0%-10%
10017,7,60.0,4.0,0%-10%
10017,9468,47.0,2.0,0%-10%
10019,76,62.0,-0.0,0%-10%
10019,1160,8.0,-0.0,0%-10%
10019,1322,8.0,-0.0,0%-10%
10019,1579,8.0,-0.0,0%-10%
10019,2536,6.0,0.0,0%-10%
10019,4554,8.0,-0.0,0%-10%
10019,5203,100.0,-0.0,0%-10%
10019,5280,127.0,11.0,0%-10%
10019,7333,11.0,0.0,0%-10%
10019,7552,8.0,0.0,0%-10%
10019,8050,229.0,22.0,0%-10%
10019,9462,16.0,-0.0,0%-10%
10020,657,32.0,-0.0,0%-10%
10020,4065,12.0,0.0,0%-10%
10021,2211,460.0,-0.0,0%-10%
10022,8608,16.0,0.0,0%-10%
10023,1151,300.0,45.0,10%-15%
10023,2098,96.0,14.0,10%-15%
10023,2767,8.0,-0.0,0%-10%
10023,3314,16.0,2.0,10%-15%
10023,5318,92.0,18.0,15%-20%
10023,8541,226.0,33.0,10%-15%
10023,10516,201.0,30.0,10%-15%
10023,14111,40.0,6.0,10%-15%
10023,14547,120.0,18.0,10%-15%
10024,375,16.0,-0.0,0%-10%
10024,968,120.0,9.0,0%-10%
10024,2731,66.0,4.0,0%-10%
10024,3826,120.0,9.0,0%-10%
10024,5965,16.0,-0.0,0%-10%
10024,6288,16.0,-0.0,0%-10%
10024,7574,16.0,-0.0,0%-10%
10024,8299,116.0,-0.0,0%-10%
10024,9416,8.0,0.0,0%-10%
10024,10928,161.0,13.0,0%-10%
10024,11455,16.0,-0.0,0%-10%
10024,11507,16.0,-0.0,0%-10%
10024,13995,16.0,-0.0,0%-10%
10024,14447,540.0,48.0,0%-10%
10025,158,16.0,-0.0,0%-10%
10025,314,8.0,0.0,0%-10%
10025,1282,8.0,-0.0,0%-10%
10025,1351,14.0,-0.0,0%-10%
10025,1900,16.0,-0.0,0%-10%
10025,1961,40.0,3.0,0%-10%
10025,2661,8.0,-0.0,0%-10%
10025,2859,139.0,11.0,0%-10%
10025,3430,12.0,0.0,0%-10%
10025,3726,280.0,25.0,0%-10%
10025,4205,8.0,-0.0,0%-10%
10025,4287,7.0,-0.0,0%-10%
10025,4355,16.0,-0.0,0%-10%
10025,5516,120.0,10.0,0%-10%
10025,5799,16.0,-0.0,0%-10%
10025,6262,8.0,-0.0,0%-10%
10025,6955,16.0,-0.0,0%-10%
10025,7152,134.0,11.0,0%-10%
10025,7167,8.0,-0.0,0%-10%
10025,7178,8.0,-0.0,0%-10%
10025,7596,16.0,-0.0,0%-10%
10025,9667,40.0,3.0,0%-10%
10025,9817,8.0,-0.0,0%-10%
10025,10047,101.0,8.0,0%-10%
10025,10064,189.0,16.0,0%-10%
10025,10253,126.0,10.0,0%-10%
10025,10680,199.0,17.0,0%-10%
10025,11295,8.0,-0.0,0%-10%
10025,11441,126.0,10.0,0%-10%
10025,11501,5.0,0.0,0%-10%
10025,11684,16.0,1.0,0%-10%
10025,11948,12.0,0.0,0%-10%
10025,12098,100.0,9.0,0%-10%
10025,12439,560.0,52.0,0%-10%
10025,13918,37.0,3.0,0%-10%
10025,14800,128.0,11.0,0%-10%
10026,417,16.0,-0.0,0%-10%
10026,850,14.0,0.0,0%-10%
10026,945,12.0,0.0,0%-10%
10026,1048,16.0,-0.0,0%-10%
10026,1403,8.0,-0.0,0%-10%
10026,2026,12.0,0.0,0%-10%
10026,2064,8.0,-0.0,0%-10%
10026,2486,8.0,-0.0,0%-10%
10026,2707,195.0,16.0,0%-10%
10026,2947,16.0,-0.0,0%-10%
10026,3422,8.0,-0.0,0%-10%
10026,4161,134.0,10.0,0%-10%
10026,4233,14.0,0.0,0%-10%
10026,4873,170.0,14.0,0%-10%
10026,5345,12.0,0.0,0%-10%
10026,5427,8.0,-0.0,0%-10%
10026,5856,14.0,0.0,0%-10%
10026,6336,12.0,0.0,0%-10%
10026,6687,16.0,-0.0,0%-10%
10026,6764,8.0,-0.0,0%-10%
10026,7719,16.0,-0.0,0%-10%
10026,9055,100.0,7.0,0%-10%
10026,9131,16.0,-0.0,0%-10%
10026,9239,16.0,-0.0,0%-10%
10026,9446,83.0,-0.0,0%-10%
10026,9464,102.0,7.0,0%-10%
10026,9947,16.0,-0.0,0%-10%
10026,10055,16.0,-0.0,0%-10%
10026,10245,16.0,-0.0,0%-10%
10026,10302,16.0,-0.0,0%-10%
10026,10939,16.0,-0.0,0%-10%
10026,11254,8.0,0.0,0%-10%
10026,11436,16.0,-0.0,0%-10%
10026,11447,8.0,-0.0,0%-10%
10026,11660,229.0,19.0,0%-10%
10026,12036,70.0,-0.0,0%-10%
10026,12472,8.0,-0.0,0%-10%
10026,12496,8.0,-0.0,0%-10%
10026,12843,16.0,-0.0,0%-10%
10026,14018,16.0,-0.0,0%-10%
10026,14804,16.0,-0.0,0%-10%
10026,15360,14.0,0.0,0%-10%
10026,15508,183.0,15.0,0%-10%
10027,229,60.0,4.0,0%-10%
10027,587,136.0,10.0,0%-10%
10027,774,16.0,-0.0,0%-10%
10027,911,14.0,0.0,0%-10%
10027,986,8.0,-0.0,0%-10%
10027,1241,16.0,-0.0,0%-10%
10027,1931,14.0,0.0,0%-10%
10027,1955,16.0,-0.0,0%-10%
10027,2300,154.0,12.0,0%-10%
10027,2387,16.0,-0.0,0%-10%
10027,2456,78.0,5.0,0%-10%
10027,2519,240.0,20.0,0%-10%
10027,2775,44.0,2.0,0%-10%
10027,3162,443.0,39.0,0%-10%
10027,3445,16.0,-0.0,0%-10%
10027,3519,14.0,0.0,0%-10%
10027,3730,16.0,-0.0,0%-10%
10027,4213,135.0,10.0,0%-10%
10027,4487,8.0,0.0,0%-10%
10027,4770,16.0,-0.0,0%-10%
10027,5686,8.0,0.0,0%-10%
10027,5877,179.0,14.0,0%-10%
10027,5913,14.0,0.0,0%-10%
10027,6034,16.0,-0.0,0%-10%
10027,6272,8.0,0.0,0%-10%
10027,6832,109.0,8.0,0%-10%
10027,7004,16.0,-0.0,0%-10%
10027,7252,8.0,0.0,0%-10%
10027,7284,40.0,2.0,0%-10%
10027,7567,149.0,11.0,0%-10%
10027,7640,120.0,9.0,0%-10%
10027,7967,142.0,11.0,0%-10%
10027,8235,90.0,6.0,0%-10%
10027,8318,291.0,25.0,0%-10%
10027,8540,16.0,-0.0,0%-10%
10027,9222,16.0,-0.0,0%-10%
10027,9299,43.0,2.0,0%-10%
10027,9495,80.0,-0.0,0%-10%
10027,9565,16.0,-0.0,0%-10%
10027,9830,16.0,-0.0,0%-10%
10027,9939,14.0,0.0,0%-10%
10027,10498,53.0,3.0,0%-10%
10027,10577,16.0,-0.0,0%-10%
10027,10953,16.0,-0.0,0%-10%
10027,10978,14.0,0.0,0%-10%
10027,11180,16.0,-0.0,0%-10%
10027,11403,136.0,10.0,0%-10%
10027,11500,7.0,0.0,0%-10%
10027,12021,114.0,8.0,0%-10%
10027,12085,65.0,4.0,0%-10%
10027,12259,16.0,-0.0,0%-10%
10027,12688,77.0,5.0,0%-10%
10027,12833,16.0,-0.0,0%-10%
10027,12919,10.0,-0.0,0%-10%
10027,13677,5.0,0.0,0%-10%
10027,14236,16.0,-0.0,0%-10%
10027,14564,140.0,11.0,0%-10%
10027,14778,115.0,8.0,0%-10%
10027,15112,75.0,5.0,0%-10%
10028,7434,16.0,-0.0,0%-10%
10028,7905,16.0,-0.0,0%-10%
10028,14268,316.0,27.0,0%-10%
10029,160,77.0,6.0,0%-10%
10029,232,97.0,8.0,0%-10%
10029,234,74.0,6.0,0%-10%
10029,363,199.0,17.0,0%-10%
10029,699,8.0,-0.0,0%-10%
10029,1016,185.0,16.0,0%-10%
10029,1304,6.0,0.0,0%-10%
10029,1646,16.0,-0.0,0%-10%
10029,1781,7.0,0.0,0%-10%
10029,2429,145.0,12.0,0%-10%
10029,2520,290.0,26.0,0%-10%
10029,2829,72.0,-0.0,0%-10%
10029,3192,6.0,0.0,0%-10%
10029,3269,40.0,3.0,0%-10%
10029,3356,8.0,-0.0,0%-10%
10029,3410,4.0,0.0,0%-10%
10029,3423,8.0,-0.0,0%-10%
10029,3427,48.0,3.0,0%-10%
10029,3504,16.0,-0.0,0%-10%
10029,4485,160.0,14.0,0%-10%
10029,4916,100.0,8.0,0%-10%
10029,4987,163.0,14.0,0%-10%
10029,5028,230.0,20.0,0%-10%
10029,5409,8.0,-0.0,0%-10%
10029,5668,16.0,-0.0,0%-10%
10029,5741,12.0,0.0,0%-10%
10029,5882,8.0,-0.0,0%-10%
10029,6013,8.0,-0.0,0%-10%
10029,6057,14.0,0.0,0%-10%
10029,6109,5.0,0.0,0%-10%
10029,6206,8.0,-0.0,0%-10%
10029,6811,61.0,5.0,0%-10%
10029,6937,140.0,12.0,0%-10%
10029,6975,8.0,-0.0,0%-10%
10029,7049,89.0,7.0,0%-10%
10029,7619,16.0,-0.0,0%-10%
10029,8351,8.0,-0.0,0%-10%
10029,8366,14.0,0.0,0%-10%
10029,8378,16.0,-0.0,0%-10%
10029,8724,16.0,-0.0,0%-10%
10029,9062,8.0,0.0,0%-10%
10029,9335,16.0,-0.0,0%-10%
10029,9356,6.0,0.0,0%-10%
10029,9439,8.0,0.0,0%-10%
10029,9535,60.0,5.0,0%-10%
10029,9589,80.0,8.0,0%-10%
10029,9695,7.0,-0.0,0%-10%
10029,9813,8.0,-0.0,0%-10%
10029,9863,8.0,-0.0,0%-10%
10029,10168,12.0,0.0,0%-10%
10029,10199,16.0,-0.0,0%-10%
10029,10280,5.0,0.0,0%-10%
10029,10326,80.0,7.0,0%-10%
10029,10549,56.0,4.0,0%-10%
10029,11037,16.0,-0.0,0%-10%
10029,11147,10.0,-0.0,0%-10%
10029,11339,14.0,-0.0,0%-10%
10029,12072,16.0,-0.0,0%-10%
10029,12165,8.0,0.0,0%-10%
10029,12205,16.0,-0.0,0%-10%
10029,12802,8.0,-0.0,0%-10%
10029,14107,160.0,14.0,0%-10%
10029,14507,127.0,12.0,0%-10%
10029,14522,115.0,10.0,0%-10%
10029,14760,8.0,-0.0,0%-10%
10029,15455,8.0,-0.0,0%-10%
10029,15472,60.0,6.0,0%-10%
10029,15582,16.0,1.0,0%-10%
10030,224,8.0,0.0,0%-10%
10030,286,50.0,3.0,0%-10%
10030,815,8.0,0.0,0%-10%
10030,1433,8.0,-0.0,0%-10%
10030,1825,16.0,-0.0,0%-10%
10030,1944,120.0,9.0,0%-10%
10030,2814,6.0,0.0,0%-10%
10030,3096,8.0,-0.0,0%-10%
10030,3705,180.0,15.0,0%-10%
10030,3801,16.0,-0.0,0%-10%
10030,5145,80.0,-0.0,0%-10%
10030,6434,16.0,-0.0,0%-10%
10030,6530,83.0,-0.0,0%-10%
10030,7102,16.0,-0.0,0%-10%
10030,7759,14.0,0.0,0%-10%
10030,8799,14.0,0.0,0%-10%
10030,9227,140.0,11.0,0%-10%
10030,10271,16.0,-0.0,0%-10%
10030,10896,225.0,-0.0,0%-10%
10030,11304,119.0,8.0,0%-10%
10030,11635,14.0,0.0,0%-10%
10030,11790,8.0,-0.0,0%-10%
10030,12290,16.0,-0.0,0%-10%
10030,12322,16.0,-0.0,0%-10%
10030,12598,58.0,3.0,0%-10%
10030,12695,3.0,0.0,0%-10%
10030,14766,8.0,-0.0,0%-10%
10030,15101,6.0,0.0,0%-10%
10031,611,10.0,-0.0,0%-10%
10031,877,16.0,-0.0,0%-10%
10031,1625,16.0,-0.0,0%-10%
10031,1735,7.0,-0.0,0%-10%
10031,1814,16.0,-0.0,0%-10%
10031,2083,8.0,0.0,0%-10%
10031,2240,8.0,-0.0,0%-10%
10031,2564,297.0,26.0,0%-10%
10031,2968,16.0,-0.0,0%-10%
10031,3015,16.0,-0.0,0%-10%
10031,3489,16.0,-0.0,0%-10%
10031,4060,8.0,-0.0,0%-10%
10031,4096,16.0,-0.0,0%-10%
10031,4108,16.0,-0.0,0%-10%
10031,4138,16.0,-0.0,0%-10%
10031,4156,16.0,-0.0,0%-10%
10031,5004,16.0,-0.0,0%-10%
10031,5284,8.0,-0.0,0%-10%
10031,5349,8.0,-0.0,0%-10%
10031,5406,8.0,0.0,0%-10%
10031,5430,14.0,0.0,0%-10%
10031,5433,79.0,6.0,0%-10%
10031,5483,16.0,-0.0,0%-10%
10031,5524,80.0,6.0,0%-10%
10031,5635,6.0,0.0,0%-10%
10031,6550,7.0,0.0,0%-10%
10031,6591,16.0,-0.0,0%-10%
10031,6622,16.0,-0.0,0%-10%
10031,6637,16.0,-0.0,0%-10%
10031,6760,16.0,-0.0,0%-10%
10031,6998,8.0,-0.0,0%-10%
10031,7457,145.0,12.0,0%-10%
10031,7467,16.0,-0.0,0%-10%
10031,7510,8.0,0.0,0%-10%
10031,7558,12.0,0.0,0%-10%
10031,7698,8.0,-0.0,0%-10%
10031,7826,16.0,-0.0,0%-10%
10031,7922,16.0,-0.0,0%-10%
10031,8158,16.0,-0.0,0%-10%
10031,8189,16.0,-0.0,0%-10%
10031,8727,8.0,-0.0,0%-10%
10031,9060,16.0,-0.0,0%-10%
10031,9195,14.0,0.0,0%-10%
10031,9298,16.0,-0.0,0%-10%
10031,9515,16.0,-0.0,0%-10%
10031,9562,120.0,10.0,0%-10%
10031,10217,6.0,0.0,0%-10%
10031,11038,8.0,-0.0,0%-10%
10031,11423,16.0,-0.0,0%-10%
10031,11449,16.0,-0.0,0%-10%
10031,11522,16.0,-0.0,0%-10%
10031,12674,12.0,0.0,0%-10%
10031,12719,6.0,0.0,0%-10%
10031,12935,12.0,0.0,0%-10%
10031,13314,16.0,-0.0,0%-10%
10031,14347,16.0,-0.0,0%-10%
10031,14421,16.0,-0.0,0%-10%
10031,14980,16.0,-0.0,0%-10%
10031,15310,150.0,13.0,0%-10%
10031,15592,16.0,-0.0,0%-10%
10032,800,16.0,-0.0,0%-10%
10032,803,16.0,-0.0,0%-10%
10032,975,16.0,-0.0,0%-10%
10032,1149,8.0,0.0,0%-10%
10032,1471,10.0,-0.0,0%-10%
10032,1564,54.0,4.0,0%-10%
10032,1627,8.0,0.0,0%-10%
10032,1812,16.0,-0.0,0%-10%
10032,1899,16.0,-0.0,0%-10%
10032,2081,100.0,8.0,0%-10%
10032,2126,16.0,-0.0,0%-10%
10032,2208,120.0,10.0,0%-10%
10032,2214,16.0,-0.0,0%-10%
10032,2239,16.0,-0.0,0%-10%
10032,2388,12.0,0.0,0%-10%
10032,2717,16.0,-0.0,0%-10%
10032,2841,8.0,0.0,0%-10%
10032,3154,8.0,0.0,0%-10%
10032,3739,65.0,6.0,0%-10%
10032,3950,16.0,1.0,0%-10%
10032,4244,38.0,3.0,0%-10%
10032,4563,16.0,1.0,0%-10%
10032,4667,16.0,1.0,0%-10%
10032,4754,16.0,1.0,0%-10%
10032,4755,58.0,5.0,0%-10%
10032,4810,480.0,44.0,0%-10%
10032,4840,209.0,19.0,0%-10%
10032,4919,8.0,0.0,0%-10%
10032,5125,16.0,1.0,0%-10%
10032,5206,14.0,0.0,0%-10%
10032,5588,16.0,1.0,0%-10%
10032,5604,16.0,1.0,0%-10%
10032,5791,16.0,1.0,0%-10%
10032,6106,16.0,1.0,0%-10%
10032,6257,16.0,1.0,0%-10%
10032,6289,16.0,1.0,0%-10%
10032,6382,16.0,1.0,0%-10%
10032,6404,14.0,0.0,0%-10%
10032,6803,16.0,1.0,0%-10%
10032,6950,138.0,12.0,0%-10%
10032,7044,16.0,1.0,0%-10%
10032,7080,12.0,0.0,0%-10%
10032,7124,16.0,1.0,0%-10%
10032,7316,116.0,10.0,0%-10%
10032,7726,10.0,1.0,0%-10%
10032,7816,16.0,1.0,0%-10%
10032,8277,16.0,1.0,0%-10%
10032,8476,486.0,44.0,0%-10%
10032,8627,16.0,1.0,0%-10%
10032,8678,16.0,1.0,0%-10%
10032,8680,16.0,1.0,0%-10%
10032,9343,16.0,1.0,0%-10%
10032,9574,16.0,1.0,0%-10%
10032,9875,16.0,1.0,0%-10%
10032,9907,16.0,1.0,0%-10%
10032,10108,8.0,0.0,0%-10%
10032,10136,16.0,1.0,0%-10%
10032,10574,16.0,1.0,0%-10%
10032,11301,8.0,0.0,0%-10%
10032,11360,16.0,1.0,0%-10%
10032,11372,218.0,20.0,0%-10%
10032,11419,16.0,1.0,0%-10%
10032,11628,16.0,1.0,0%-10%
10032,11629,16.0,1.0,0%-10%
10032,11765,16.0,1.0,0%-10%
10032,11768,16.0,1.0,0%-10%
10032,12140,16.0,1.0,0%-10%
10032,12174,140.0,13.0,0%-10%
10032,12310,8.0,0.0,0%-10%
10032,12551,13.0,0.0,0%-10%
10032,12932,16.0,1.0,0%-10%
10032,13240,16.0,1.0,0%-10%
10032,13391,16.0,1.0,0%-10%
10032,13453,12.0,0.0,0%-10%
10032,13503,7.0,0.0,0%-10%
10032,13550,16.0,1.0,0%-10%
10032,13903,16.0,1.0,0%-10%
10032,14070,16.0,1.0,0%-10%
10032,14172,16.0,1.0,0%-10%
10032,14582,16.0,1.0,0%-10%
10032,15254,16.0,1.0,0%-10%
10032,15468,16.0,1.0,0%-10%
10033,120,152.0,13.0,0%-10%
10033,164,16.0,-0.0,0%-10%
10033,191,16.0,-0.0,0%-10%
10033,201,14.0,0.0,0%-10%
10033,370,16.0,-0.0,0%-10%
10033,480,16.0,-0.0,0%-10%
10033,578,16.0,-0.0,0%-10%
10033,642,14.0,0.0,0%-10%
10033,799,154.0,13.0,0%-10%
10033,873,14.0,0.0,0%-10%
10033,928,16.0,-0.0,0%-10%
10033,1172,16.0,-0.0,0%-10%
10033,1376,6.0,0.0,0%-10%
10033,1458,145.0,12.0,0%-10%
10033,1478,16.0,-0.0,0%-10%
10033,1575,16.0,-0.0,0%-10%
10033,1588,8.0,-0.0,0%-10%
10033,1598,12.0,0.0,0%-10%
10033,1751,16.0,-0.0,0%-10%
10033,1808,16.0,-0.0,0%-10%
10033,1876,16.0,-0.0,0%-10%
10033,2287,16.0,-0.0,0%-10%
10033,2373,16.0,-0.0,0%-10%
10033,2441,16.0,-0.0,0%-10%
10033,2845,16.0,-0.0,0%-10%
10033,3032,12.0,0.0,0%-10%
10033,3200,16.0,-0.0,0%-10%
10033,3323,16.0,-0.0,0%-10%
10033,3535,16.0,-0.0,0%-10%
10033,3831,8.0,-0.0,0%-10%
10033,3840,7.0,-0.0,0%-10%
10033,4056,12.0,0.0,0%-10%
10033,4392,366.0,32.0,0%-10%
10033,4620,16.0,-0.0,0%-10%
10033,5173,16.0,-0.0,0%-10%
10033,5550,16.0,-0.0,0%-10%
10033,5725,16.0,-0.0,0%-10%
10033,5775,14.0,0.0,0%-10%
10033,5978,199.0,17.0,0%-10%
10033,6193,16.0,-0.0,0%-10%
10033,6415,16.0,-0.0,0%-10%
10033,6625,8.0,0.0,0%-10%
10033,6731,16.0,-0.0,0%-10%
10033,6876,14.0,0.0,0%-10%
10033,6923,4.0,0.0,0%-10%
10033,6977,16.0,-0.0,0%-10%
10033,7160,8.0,-0.0,0%-10%
10033,7305,16.0,-0.0,0%-10%
10033,7452,150.0,13.0,0%-10%
10033,7571,133.0,11.0,0%-10%
10033,7724,8.0,-0.0,0%-10%
10033,7940,16.0,-0.0,0%-10%
10033,8595,16.0,-0.0,0%-10%
10033,8643,8.0,0.0,0%-10%
10033,8849,16.0,-0.0,0%-10%
10033,8886,8.0,0.0,0%-10%
10033,8944,16.0,-0.0,0%-10%
10033,8973,16.0,-0.0,0%-10%
10033,9618,6.0,0.0,0%-10%
10033,9787,181.0,16.0,0%-10%
10033,9923,16.0,-0.0,0%-10%
10033,10114,16.0,-0.0,0%-10%
10033,10227,16.0,-0.0,0%-10%
10033,10281,16.0,-0.0,0%-10%
10033,10355,8.0,-0.0,0%-10%
10033,10640,16.0,-0.0,0%-10%
10033,10784,16.0,-0.0,0%-10%
10033,10796,248.0,9.0,0%-10%
10033,10842,16.0,-0.0,0%-10%
10033,10959,16.0,-0.0,0%-10%
10033,11299,12.0,0.0,0%-10%
10033,11537,5.0,0.0,0%-10%
10033,11636,7.0,0.0,0%-10%
10033,11998,16.0,-0.0,0%-10%
10033,12605,16.0,-0.0,0%-10%
10033,12689,16.0,-0.0,0%-10%
10033,12928,16.0,-0.0,0%-10%
10033,13186,16.0,-0.0,0%-10%
10033,13570,16.0,-0.0,0%-10%
10033,13618,12.0,0.0,0%-10%
10033,13812,16.0,-0.0,0%-10%
10033,13872,16.0,-0.0,0%-10%
10033,14425,30.0,2.0,0%-10%
10033,14581,16.0,-0.0,0%-10%
10033,14723,16.0,-0.0,0%-10%
10033,14758,16.0,-0.0,0%-10%
10033,14943,10.0,-0.0,0%-10%
10033,14982,16.0,-0.0,0%-10%
10033,15063,16.0,-0.0,0%-10%
10033,15154,16.0,-0.0,0%-10%
10033,15187,16.0,-0.0,0%-10%
10034,713,16.0,-0.0,0%-10%
10034,792,16.0,-0.0,0%-10%
10034,932,8.0,-0.0,0%-10%
10034,989,30.0,2.0,0%-10%
10034,1125,16.0,1.0,0%-10%
10034,1408,16.0,1.0,0%-10%
10034,1664,16.0,1.0,0%-10%
10034,1670,16.0,1.0,0%-10%
10034,2129,16.0,1.0,0%-10%
10034,2687,14.0,-0.0,0%-10%
10034,2688,126.0,11.0,0%-10%
10034,2796,14.0,0.0,0%-10%
10034,3157,16.0,1.0,0%-10%
10034,3583,388.0,35.0,0%-10%
10034,3805,16.0,1.0,0%-10%
10034,3889,7.0,0.0,0%-10%
10034,4064,16.0,1.0,0%-10%
10034,4210,16.0,1.0,0%-10%
10034,4253,16.0,1.0,0%-10%
10034,4282,16.0,1.0,0%-10%
10034,4337,16.0,1.0,0%-10%
10034,4411,16.0,1.0,0%-10%
10034,5350,260.0,24.0,0%-10%
10034,5521,16.0,1.0,0%-10%
10034,5665,16.0,1.0,0%-10%
10034,5909,677.0,62.0,0%-10%
10034,6147,16.0,1.0,0%-10%
10034,6212,16.0,1.0,0%-10%
10034,6458,16.0,1.0,0%-10%
10034,6581,16.0,1.0,0%-10%
10034,6646,105.0,9.0,0%-10%
10034,6681,16.0,1.0,0%-10%
10034,6868,8.0,0.0,0%-10%
10034,6963,16.0,1.0,0%-10%
10034,7072,131.0,12.0,0%-10%
10034,7098,14.0,-0.0,0%-10%
10034,7145,16.0,1.0,0%-10%
10034,7247,14.0,-0.0,0%-10%
10034,7319,140.0,13.0,0%-10%
10034,7693,16.0,1.0,0%-10%
10034,8074,16.0,1.0,0%-10%
10034,8128,14.0,0.0,0%-10%
10034,8446,12.0,0.0,0%-10%
10034,8468,16.0,1.0,0%-10%
10034,8719,16.0,1.0,0%-10%
10034,8792,16.0,1.0,0%-10%
10034,8840,16.0,1.0,0%-10%
10034,8914,16.0,1.0,0%-10%
10034,9455,16.0,1.0,0%-10%
10034,9674,14.0,0.0,0%-10%
10034,9793,8.0,0.0,0%-10%
10034,10317,16.0,1.0,0%-10%
10034,10576,16.0,1.0,0%-10%
10034,10620,16.0,1.0,0%-10%
10034,10682,16.0,1.0,0%-10%
10034,10763,180.0,17.0,0%-10%
10034,10798,16.0,1.0,0%-10%
10034,11050,14.0,0.0,0%-10%
10034,11093,12.0,0.0,0%-10%
10034,11444,16.0,1.0,0%-10%
10034,11651,16.0,1.0,0%-10%
10034,11674,60.0,6.0,0%-10%
10034,12061,16.0,1.0,0%-10%
10034,12524,16.0,1.0,0%-10%
10034,12723,16.0,1.0,0%-10%
10034,12816,10.0,1.0,0%-10%
10034,13293,16.0,1.0,0%-10%
10034,13970,14.0,-0.0,0%-10%
10034,14104,16.0,1.0,0%-10%
10034,14296,16.0,1.0,0%-10%
10034,14602,10.0,1.0,0%-10%
10034,14634,16.0,1.0,0%-10%
10034,14645,16.0,1.0,0%-10%
10034,14666,16.0,1.0,0%-10%
10034,14785,16.0,1.0,0%-10%
10034,14807,16.0,1.0,0%-10%
10034,14905,16.0,1.0,0%-10%
10034,14973,16.0,1.0,0%-10%
10034,15111,10.0,1.0,0%-10%
10035,58,40.0,4.0,0%-10%
10035,779,39.0,3.0,0%-10%
10035,1238,108.0,10.0,0%-10%
10035,2153,7.0,0.0,0%-10%
10035,2640,8.0,-0.0,0%-10%
10035,2813,6.0,0.0,0%-10%
10035,2821,8.0,-0.0,0%-10%
10035,3937,4.0,0.0,0%-10%
10035,4452,38.0,3.0,0%-10%
10035,4609,120.0,11.0,0%-10%
10035,4623,65.0,6.0,0%-10%
10035,5113,7.0,-0.0,0%-10%
10035,5207,61.0,6.0,0%-10%
10035,5341,80.0,8.0,0%-10%
10035,6135,16.0,1.0,0%-10%
10035,6662,126.0,12.0,0%-10%
10035,6677,8.0,0.0,0%-10%
10035,7073,16.0,1.0,0%-10%
10035,7424,7.0,-0.0,0%-10%
10035,8448,7.0,-0.0,0%-10%
10035,9961,252.0,23.0,0%-10%
10035,10717,16.0,1.0,0%-10%
10035,10837,245.0,24.0,0%-10%
10035,11754,227.0,22.0,0%-10%
10035,11881,200.0,20.0,0%-10%
10035,12622,8.0,-0.0,0%-10%
10035,13520,191.0,19.0,0%-10%
10035,13967,12.0,0.0,0%-10%
10035,13976,16.0,1.0,0%-10%
10035,14041,137.0,13.0,0%-10%
10036,2060,228.0,-0.0,0%-10%
10036,3279,249.0,23.0,0%-10%
10036,9798,209.0,-0.0,0%-10%
10037,118,16.0,0.0,0%-10%
10037,1630,16.0,-0.0,0%-10%
10037,1635,8.0,-0.0,0%-10%
10037,2206,170.0,14.0,0%-10%
10037,2938,16.0,0.0,0%-10%
10037,3313,104.0,-0.0,0%-10%
10037,3437,130.0,-0.0,0%-10%
10037,4520,8.0,-0.0,0%-10%
10037,4772,12.0,0.0,0%-10%
10037,5295,8.0,-0.0,0%-10%
10037,6021,14.0,-0.0,0%-10%
10037,6537,16.0,-0.0,0%-10%
10037,8467,8.0,-0.0,0%-10%
10037,9641,8.0,-0.0,0%-10%
10037,10018,16.0,-0.0,0%-10%
10037,11178,8.0,0.0,0%-10%
10037,11556,16.0,-0.0,0%-10%
10037,12612,12.0,0.0,0%-10%
10038,72,100.0,15.0,10%-15%
10038,451,86.0,12.0,10%-15%
10038,1937,138.0,20.0,10%-15%
10038,2885,39.0,5.0,10%-15%
10038,6706,8.0,1.0,10%-15%
10038,7605,89.0,13.0,10%-15%
10038,8335,298.0,44.0,10%-15%
10038,9732,5.0,0.0,0%-10%
10038,14744,39.0,5.0,10%-15%
10039,236,14.0,0.0,0%-10%
10039,759,16.0,-0.0,0%-10%
10039,1088,12.0,0.0,0%-10%
10039,1215,240.0,20.0,0%-10%
10039,1522,16.0,-0.0,0%-10%
10039,1676,16.0,-0.0,0%-10%
10039,2562,16.0,-0.0,0%-10%
10039,2648,7.0,0.0,0%-10%
10039,2694,94.0,-0.0,0%-10%
10039,3655,16.0,-0.0,0%-10%
10039,4895,16.0,-0.0,0%-10%
10039,5270,80.0,-0.0,0%-10%
10039,6604,8.0,-0.0,0%-10%
10039,6755,160.0,13.0,0%-10%
10039,6905,7.0,-0.0,0%-10%
10039,7937,14.0,0.0,0%-10%
10039,8776,243.0,20.0,0%-10%
10039,8965,8.0,-0.0,0%-10%
10039,9780,16.0,-0.0,0%-10%
10039,10189,8.0,-0.0,0%-10%
10039,10517,28.0,-0.0,0%-10%
10039,10657,7.0,-0.0,0%-10%
10039,10692,240.0,20.0,0%-10%
10039,10863,16.0,-0.0,0%-10%
10039,11136,8.0,0.0,0%-10%
10039,11885,8.0,0.0,0%-10%
10039,11915,16.0,-0.0,0%-10%
10039,12063,16.0,-0.0,0%-10%
10039,12484,9.0,0.0,0%-10%
10039,12908,16.0,-0.0,0%-10%
10039,13198,10.0,-0.0,0%-10%
10039,13247,10.0,-0.0,0%-10%
10039,13571,16.0,-0.0,0%-10%
10039,14861,16.0,-0.0,0%-10%
10040,299,14.0,0.0,0%-10%
10040,539,16.0,-0.0,0%-10%
10040,1028,16.0,-0.0,0%-10%
10040,1176,16.0,-0.0,0%-10%
10040,1397,16.0,-0.0,0%-10%
10040,1613,14.0,0.0,0%-10%
10040,1731,8.0,-0.0,0%-10%
10040,1922,14.0,0.0,0%-10%
10040,2275,16.0,-0.0,0%-10%
10040,2309,16.0,-0.0,0%-10%
10040,2362,14.0,0.0,0%-10%
10040,2446,16.0,-0.0,0%-10%
10040,2461,8.0,-0.0,0%-10%
10040,2509,16.0,-0.0,0%-10%
10040,2757,16.0,-0.0,0%-10%
10040,2929,16.0,-0.0,0%-10%
10040,2979,16.0,-0.0,0%-10%
10040,3024,8.0,-0.0,0%-10%
10040,3447,16.0,-0.0,0%-10%
10040,4200,16.0,-0.0,0%-10%
10040,4330,16.0,-0.0,0%-10%
10040,4522,8.0,0.0,0%-10%
10040,4534,10.0,-0.0,0%-10%
10040,4562,7.0,0.0,0%-10%
10040,4830,16.0,-0.0,0%-10%
10040,4836,16.0,-0.0,0%-10%
10040,4848,16.0,-0.0,0%-10%
10040,5107,14.0,0.0,0%-10%
10040,5456,16.0,-0.0,0%-10%
10040,5464,16.0,-0.0,0%-10%
10040,5987,246.0,20.0,0%-10%
10040,6047,175.0,14.0,0%-10%
10040,6126,16.0,-0.0,0%-10%
10040,6316,16.0,-0.0,0%-10%
10040,6488,16.0,-0.0,0%-10%
10040,6542,16.0,-0.0,0%-10%
10040,6693,16.0,-0.0,0%-10%
10040,6710,16.0,-0.0,0%-10%
10040,6775,16.0,-0.0,0%-10%
10040,6823,16.0,-0.0,0%-10%
10040,6830,16.0,-0.0,0%-10%
10040,6947,16.0,-0.0,0%-10%
10040,7376,16.0,-0.0,0%-10%
10040,7481,16.0,-0.0,0%-10%
10040,8078,16.0,-0.0,0%-10%
10040,8145,14.0,0.0,0%-10%
10040,8170,16.0,-0.0,0%-10%
10040,8218,64.0,4.0,0%-10%
10040,8309,16.0,-0.0,0%-10%
10040,8463,298.0,25.0,0%-10%
10040,8733,10.0,-0.0,0%-10%
10040,8888,16.0,-0.0,0%-10%
10040,9051,16.0,-0.0,0%-10%
10040,9174,16.0,-0.0,0%-10%
10040,9234,16.0,-0.0,0%-10%
10040,9318,14.0,0.0,0%-10%
10040,9436,123.0,9.0,0%-10%
10040,9613,16.0,-0.0,0%-10%
10040,9781,472.0,42.0,0%-10%
10040,10152,16.0,-0.0,0%-10%
10040,10497,16.0,-0.0,0%-10%
10040,10767,16.0,-0.0,0%-10%
10040,11005,16.0,-0.0,0%-10%
10040,11152,16.0,-0.0,0%-10%
10040,11430,8.0,-0.0,0%-10%
10040,11816,11.0,0.0,0%-10%
10040,11924,8.0,-0.0,0%-10%
10040,12009,83.0,-0.0,0%-10%
10040,12191,14.0,0.0,0%-10%
10040,12240,16.0,-0.0,0%-10%
10040,12610,16.0,-0.0,0%-10%
10040,12655,12.0,0.0,0%-10%
10040,13128,9.0,0.0,0%-10%
10040,13561,16.0,-0.0,0%-10%
10040,13636,8.0,-0.0,0%-10%
10040,13825,16.0,-0.0,0%-10%
10040,13867,16.0,-0.0,0%-10%
10040,13953,10.0,-0.0,0%-10%
10040,14044,8.0,-0.0,0%-10%
10040,14109,16.0,-0.0,0%-10%
10040,14123,10.0,-0.0,0%-10%
10040,14360,16.0,-0.0,0%-10%
10040,14738,16.0,-0.0,0%-10%
10040,15031,16.0,-0.0,0%-10%
10040,15088,14.0,0.0,0%-10%
10040,15225,16.0,-0.0,0%-10%
10044,6283,151.0,11.0,0%-10%
10044,6730,45.0,0.0,0%-10%
10044,6991,157.0,15.0,0%-10%
10044,12963,120.0,0.0,0%-10%
10044,13283,16.0,-0.0,0%-10%
10065,3052,13.0,1.0,0%-10%
10065,12272,62.0,6.0,0%-10%
10065,13479,202.0,20.0,0%-10%
10065,13963,99.0,14.0,10%-15%
10065,14164,469.0,46.0,0%-10%
10069,392,16.0,0.0,0%-10%
10075,11626,235.0,29.0,10%-15%
10128,2415,90.0,0.0,0%-10%
10128,8473,186.0,11.0,0%-10%
10128,15339,25.0,0.0,0%-10%
10280,6900,509.0,12.0,0%-10%
10282,2492,269.0,29.0,10%-15%
10282,9210,10.0,0.0,0%-10%
10301,449,130.0,11.0,0%-10%
10301,861,16.0,-0.0,0%-10%
10301,868,16.0,-0.0,0%-10%
10301,1470,16.0,-0.0,0%-10%
10301,3163,16.0,-0.0,0%-10%
10301,3799,16.0,-0.0,0%-10%
10301,3906,16.0,-0.0,0%-10%
10301,4115,16.0,-0.0,0%-10%
10301,4404,16.0,-0.0,0%-10%
10301,5431,164.0,14.0,0%-10%
10301,5817,200.0,17.0,0%-10%
10301,6103,195.0,18.0,0%-10%
10301,6585,60.0,6.0,0%-10%
10301,6999,76.0,7.0,0%-10%
10301,7388,16.0,1.0,0%-10%
10301,7441,300.0,28.0,0%-10%
10301,7879,16.0,1.0,0%-10%
10301,7991,8.0,0.0,0%-10%
10301,8104,326.0,30.0,0%-10%
10301,9030,16.0,1.0,0%-10%
10301,9640,16.0,1.0,0%-10%
10301,9964,16.0,1.0,0%-10%
10301,10173,16.0,1.0,0%-10%
10301,10257,10.0,1.0,0%-10%
10301,10715,16.0,1.0,0%-10%
10301,10824,16.0,1.0,0%-10%
10301,10867,16.0,1.0,0%-10%
10301,13087,16.0,1.0,0%-10%
10301,13417,16.0,1.0,0%-10%
10301,14505,16.0,1.0,0%-10%
10301,14731,100.0,9.0,0%-10%
10301,15426,16.0,1.0,0%-10%
10302,356,16.0,-0.0,0%-10%
10302,648,16.0,-0.0,0%-10%
10302,2839,16.0,-0.0,0%-10%
10302,3197,120.0,10.0,0%-10%
10302,3255,16.0,-0.0,0%-10%
10302,3923,16.0,-0.0,0%-10%
10302,5487,16.0,-0.0,0%-10%
10302,6798,16.0,-0.0,0%-10%
10302,7338,16.0,-0.0,0%-10%
10302,7504,16.0,-0.0,0%-10%
10302,7729,16.0,-0.0,0%-10%
10302,8602,134.0,11.0,0%-10%
10302,8803,16.0,-0.0,0%-10%
10302,9696,240.0,21.0,0%-10%
10302,9865,16.0,-0.0,0%-10%
10302,11497,16.0,-0.0,0%-10%
10302,13881,16.0,-0.0,0%-10%
10302,14234,16.0,-0.0,0%-10%
10302,15553,10.0,-0.0,0%-10%
10303,169,16.0,-0.0,0%-10%
10303,654,16.0,-0.0,0%-10%
10303,679,16.0,-0.0,0%-10%
10303,695,16.0,-0.0,0%-10%
10303,1202,16.0,-0.0,0%-10%
10303,1315,16.0,-0.0,0%-10%
10303,1545,191.0,-0.0,0%-10%
10303,1908,16.0,-0.0,0%-10%
10303,2402,16.0,-0.0,0%-10%
10303,2737,20.0,0.0,0%-10%
10303,3175,16.0,-0.0,0%-10%
10303,3304,16.0,-0.0,0%-10%
10303,3608,16.0,-0.0,0%-10%
10303,3668,16.0,-0.0,0%-10%
10303,4509,10.0,-0.0,0%-10%
10303,5002,16.0,-0.0,0%-10%
10303,5032,16.0,-0.0,0%-10%
10303,5450,8.0,0.0,0%-10%
10303,5492,140.0,11.0,0%-10%
10303,5674,16.0,-0.0,0%-10%
10303,5740,240.0,20.0,0%-10%
10303,6003,16.0,-0.0,0%-10%
10303,6125,16.0,-0.0,0%-10%
10303,6302,14.0,0.0,0%-10%
10303,6465,40.0,2.0,0%-10%
10303,6531,160.0,13.0,0%-10%
10303,7153,16.0,-0.0,0%-10%
10303,7748,16.0,-0.0,0%-10%
10303,7925,51.0,3.0,0%-10%
10303,8296,16.0,-0.0,0%-10%
10303,8535,8.0,-0.0,0%-10%
10303,8555,16.0,-0.0,0%-10%
10303,8653,16.0,-0.0,0%-10%
10303,9036,16.0,-0.0,0%-10%
10303,9132,16.0,-0.0,0%-10%
10303,9422,149.0,11.0,0%-10%
10303,9563,16.0,-0.0,0%-10%
10303,10060,16.0,-0.0,0%-10%
10303,10721,16.0,-0.0,0%-10%
10303,11039,16.0,-0.0,0%-10%
10303,11535,16.0,-0.0,0%-10%
10303,11926,16.0,-0.0,0%-10%
10303,12514,12.0,0.0,0%-10%
10303,12522,10.0,-0.0,0%-10%
10303,12785,16.0,-0.0,0%-10%
10303,12857,16.0,-0.0,0%-10%
10303,13309,16.0,-0.0,0%-10%
10303,13447,16.0,-0.0,0%-10%
10303,15151,16.0,-0.0,0%-10%
10303,15602,16.0,-0.0,0%-10%
10304,205,16.0,-0.0,0%-10%
10304,789,145.0,11.0,0%-10%
10304,835,14.0,0.0,0%-10%
10304,1036,16.0,-0.0,0%-10%
10304,1540,16.0,-0.0,0%-10%
10304,1810,30.0,1.0,0%-10%
10304,2209,16.0,-0.0,0%-10%
10304,2638,100.0,7.0,0%-10%
10304,2872,8.0,-0.0,0%-10%
10304,3036,248.0,-0.0,0%-10%
10304,3458,12.0,0.0,0%-10%
10304,3828,16.0,-0.0,0%-10%
10304,4063,16.0,-0.0,0%-10%
10304,4242,16.0,-0.0,0%-10%
10304,4374,8.0,0.0,0%-10%
10304,4388,16.0,-0.0,0%-10%
10304,5499,437.0,38.0,0%-10%
10304,6805,21.0,-0.0,0%-10%
10304,7264,16.0,-0.0,0%-10%
10304,7411,14.0,0.0,0%-10%
10304,8314,16.0,-0.0,0%-10%
10304,8720,16.0,-0.0,0%-10%
10304,8994,8.0,-0.0,0%-10%
10304,9824,16.0,-0.0,0%-10%
10304,9950,16.0,-0.0,0%-10%
10304,10207,16.0,-0.0,0%-10%
10304,10213,112.0,8.0,0%-10%
10304,10308,16.0,-0.0,0%-10%
10304,11013,154.0,12.0,0%-10%
10304,11355,16.0,-0.0,0%-10%
10304,11728,16.0,-0.0,0%-10%
10304,11954,16.0,-0.0,0%-10%
10304,12303,16.0,-0.0,0%-10%
10304,12434,16.0,-0.0,0%-10%
10304,12533,209.0,17.0,0%-10%
10304,13108,16.0,-0.0,0%-10%
10304,13736,16.0,-0.0,0%-10%
10304,13982,8.0,-0.0,0%-10%
10304,14119,100.0,7.0,0%-10%
10304,14737,14.0,0.0,0%-10%
10304,15282,10.0,-0.0,0%-10%
10304,15497,16.0,-0.0,0%-10%
10305,382,16.0,-0.0,0%-10%
10305,497,16.0,-0.0,0%-10%
10305,857,16.0,-0.0,0%-10%
10305,1030,143.0,12.0,0%-10%
10305,2272,34.0,1.0,0%-10%
10305,2371,16.0,-0.0,0%-10%
10305,3665,144.0,12.0,0%-10%
10305,4775,69.0,5.0,0%-10%
10305,5412,16.0,-0.0,0%-10%
10305,7875,68.0,5.0,0%-10%
10305,8340,18.0,1.0,0%-10%
10305,8589,16.0,1.0,0%-10%
10305,9226,14.0,-0.0,0%-10%
10305,10853,16.0,1.0,0%-10%
10305,12306,16.0,1.0,0%-10%
10305,13861,6.0,0.0,0%-10%
10305,14574,16.0,1.0,0%-10%
10305,14989,114.0,10.0,0%-10%
10305,15028,16.0,1.0,0%-10%
10305,15196,16.0,1.0,0%-10%
10306,115,16.0,-0.0,0%-10%
10306,557,16.0,-0.0,0%-10%
10306,1650,30.0,2.0,0%-10%
10306,1958,16.0,-0.0,0%-10%
10306,2721,36.0,2.0,0%-10%
10306,2923,16.0,-0.0,0%-10%
10306,3018,170.0,15.0,0%-10%
10306,3287,66.0,5.0,0%-10%
10306,3748,16.0,-0.0,0%-10%
10306,4174,16.0,-0.0,0%-10%
10306,8725,12.0,0.0,0%-10%
10306,9672,120.0,11.0,0%-10%
10306,11102,16.0,1.0,0%-10%
10306,12865,16.0,1.0,0%-10%
10306,14716,16.0,1.0,0%-10%
10307,4427,62.0,6.0,0%-10%
10307,8249,146.0,21.0,10%-15%
10307,14681,51.0,5.0,0%-10%
10308,3449,16.0,0.0,0%-10%
10308,3936,144.0,14.0,0%-10%
10308,6398,95.0,9.0,0%-10%
10308,6914,16.0,0.0,0%-10%
10308,14298,16.0,0.0,0%-10%
10308,14310,8.0,-0.0,0%-10%
10308,15188,152.0,15.0,0%-10%
10309,294,122.0,18.0,10%-15%
10309,5177,120.0,18.0,10%-15%
10309,9225,13.0,1.0,0%-10%
10309,11118,33.0,4.0,10%-15%
10309,14888,9.0,0.0,0%-10%
10310,222,14.0,0.0,0%-10%
10310,269,16.0,-0.0,0%-10%
10310,1155,8.0,0.0,0%-10%
10310,1512,16.0,-0.0,0%-10%
10310,1597,16.0,-0.0,0%-10%
10310,4163,128.0,-0.0,0%-10%
10310,4550,30.0,1.0,0%-10%
10310,5500,16.0,-0.0,0%-10%
10310,5898,16.0,-0.0,0%-10%
10310,6228,16.0,-0.0,0%-10%
10310,6660,37.0,1.0,0%-10%
10310,6780,80.0,-0.0,0%-10%
10310,6899,10.0,-0.0,0%-10%
10310,7231,14.0,0.0,0%-10%
10310,8645,16.0,-0.0,0%-10%
10310,8821,16.0,-0.0,0%-10%
10310,9642,16.0,-0.0,0%-10%
10310,9893,110.0,8.0,0%-10%
10310,9955,16.0,-0.0,0%-10%
10310,10483,16.0,-0.0,0%-10%
10310,10838,143.0,11.0,0%-10%
10310,11543,290.0,25.0,0%-10%
10310,12319,74.0,5.0,0%-10%
10310,12448,16.0,-0.0,0%-10%
10310,12961,12.0,0.0,0%-10%
10310,13329,16.0,-0.0,0%-10%
10310,15152,10.0,-0.0,0%-10%
10311,8758,123.0,-0.0,0%-10%
10312,629,16.0,-0.0,0%-10%
10312,5549,16.0,-0.0,0%-10%
10312,6484,111.0,8.0,0%-10%
10312,6567,16.0,-0.0,0%-10%
10312,6719,16.0,-0.0,0%-10%
10312,7128,100.0,7.0,0%-10%
10312,7182,16.0,-0.0,0%-10%
10312,7820,127.0,-0.0,0%-10%
10312,7995,400.0,35.0,0%-10%
10312,9241,44.0,2.0,0%-10%
10312,10895,16.0,-0.0,0%-10%
10312,11119,16.0,-0.0,0%-10%
10312,11241,203.0,-0.0,0%-10%
10312,11505,16.0,-0.0,0%-10%
10312,12687,16.0,-0.0,0%-10%
10312,13525,11.0,0.0,0%-10%
10314,721,16.0,-0.0,0%-10%
10314,2266,16.0,-0.0,0%-10%
10314,3704,155.0,12.0,0%-10%
10314,4329,16.0,-0.0,0%-10%
10314,5519,45.0,2.0,0%-10%
10314,5579,40.0,2.0,0%-10%
10314,5654,16.0,-0.0,0%-10%
10314,6208,890.0,80.0,0%-10%
10314,6341,85.0,-0.0,0%-10%
10314,7568,8.0,0.0,0%-10%
10314,8955,16.0,-0.0,0%-10%
10314,9139,126.0,10.0,0%-10%
10314,9385,47.0,3.0,0%-10%
10314,10744,16.0,-0.0,0%-10%
10314,12126,16.0,-0.0,0%-10%
10314,12713,16.0,-0.0,0%-10%
10314,13350,12.0,0.0,0%-10%
10314,14332,16.0,-0.0,0%-10%
10314,14383,54.0,4.0,0%-10%
10314,14764,16.0,-0.0,0%-10%
10314,14917,16.0,-0.0,0%-10%
10314,15518,16.0,-0.0,0%-10%
10451,28,12.0,0.0,0%-10%
10451,167,8.0,-0.0,0%-10%
10451,188,16.0,1.0,0%-10%
10451,238,14.0,0.0,0%-10%
10451,241,16.0,1.0,0%-10%
10451,446,12.0,0.0,0%-10%
10451,487,8.0,-0.0,0%-10%
10451,495,14.0,0.0,0%-10%
10451,515,53.0,5.0,0%-10%
10451,591,16.0,1.0,0%-10%
10451,801,16.0,1.0,0%-10%
10451,1452,58.0,5.0,0%-10%
10451,1490,35.0,3.0,0%-10%
10451,1839,14.0,0.0,0%-10%
10451,2001,14.0,-0.0,0%-10%
10451,2072,120.0,11.0,0%-10%
10451,2140,16.0,1.0,0%-10%
10451,2171,14.0,-0.0,0%-10%
10451,2264,16.0,1.0,0%-10%
10451,2490,14.0,-0.0,0%-10%
10451,2497,16.0,1.0,0%-10%
10451,2751,16.0,1.0,0%-10%
10451,3042,14.0,-0.0,0%-10%
10451,3254,8.0,-0.0,0%-10%
10451,3297,8.0,-0.0,0%-10%
10451,3425,16.0,1.0,0%-10%
10451,3800,16.0,1.0,0%-10%
10451,3815,14.0,0.0,0%-10%
10451,4185,12.0,0.0,0%-10%
10451,4271,8.0,0.0,0%-10%
10451,4501,16.0,1.0,0%-10%
10451,4544,6.0,0.0,0%-10%
10451,4574,8.0,0.0,0%-10%
10451,4577,16.0,1.0,0%-10%
10451,4600,8.0,-0.0,0%-10%
10451,4631,12.0,0.0,0%-10%
10451,4865,16.0,1.0,0%-10%
10451,5061,225.0,20.0,0%-10%
10451,5073,14.0,-0.0,0%-10%
10451,5189,16.0,1.0,0%-10%
10451,5401,8.0,-0.0,0%-10%
10451,5422,16.0,1.0,0%-10%
10451,5460,12.0,0.0,0%-10%
10451,5509,240.0,22.0,0%-10%
10451,5746,14.0,0.0,0%-10%
10451,5910,260.0,24.0,0%-10%
10451,5957,16.0,1.0,0%-10%
10451,6143,100.0,9.0,0%-10%
10451,6536,16.0,1.0,0%-10%
10451,6541,8.0,0.0,0%-10%
10451,6972,12.0,0.0,0%-10%
10451,7111,12.0,1.0,0%-10%
10451,7198,6.0,0.0,0%-10%
10451,7337,16.0,1.0,0%-10%
10451,7456,16.0,1.0,0%-10%
10451,7547,16.0,1.0,0%-10%
10451,7660,16.0,1.0,0%-10%
10451,7780,12.0,0.0,0%-10%
10451,7961,16.0,1.0,0%-10%
10451,8203,6.0,0.0,0%-10%
10451,8222,16.0,1.0,0%-10%
10451,8356,159.0,14.0,0%-10%
10451,8610,16.0,1.0,0%-10%
10451,8637,16.0,1.0,0%-10%
10451,8997,16.0,1.0,0%-10%
10451,9534,12.0,0.0,0%-10%
10451,9652,71.0,6.0,0%-10%
10451,9727,16.0,1.0,0%-10%
10451,9792,14.0,0.0,0%-10%
10451,9911,8.0,-0.0,0%-10%
10451,9941,12.0,0.0,0%-10%
10451,10006,8.0,-0.0,0%-10%
10451,10096,16.0,1.0,0%-10%
10451,10469,14.0,0.0,0%-10%
10451,10552,120.0,11.0,0%-10%
10451,10787,12.0,0.0,0%-10%
10451,10858,240.0,22.0,0%-10%
10451,11341,16.0,1.0,0%-10%
10451,11545,6.0,0.0,0%-10%
10451,11663,12.0,0.0,0%-10%
10451,11767,14.0,1.0,0%-10%
10451,12148,14.0,0.0,0%-10%
10451,12402,14.0,-0.0,0%-10%
10451,12455,8.0,0.0,0%-10%
10451,12548,16.0,1.0,0%-10%
10451,13079,12.0,0.0,0%-10%
10451,13102,16.0,1.0,0%-10%
10451,13115,69.0,6.0,0%-10%
10451,13179,12.0,0.0,0%-10%
10451,13261,8.0,-0.0,0%-10%
10451,13363,140.0,13.0,0%-10%
10451,13653,16.0,1.0,0%-10%
10451,13947,8.0,-0.0,0%-10%
10451,14023,16.0,1.0,0%-10%
10451,14073,16.0,1.0,0%-10%
10451,14135,10.0,1.0,0%-10%
10451,14208,8.0,-0.0,0%-10%
10451,14259,16.0,1.0,0%-10%
10451,14437,7.0,-0.0,0%-10%
10451,14554,12.0,0.0,0%-10%
10451,14623,8.0,-0.0,0%-10%
10451,14649,16.0,1.0,0%-10%
10451,14728,12.0,0.0,0%-10%
10451,14747,140.0,13.0,0%-10%
10451,14782,16.0,1.0,0%-10%
10451,14826,8.0,-0.0,0%-10%
10451,14951,16.0,1.0,0%-10%
10451,14987,16.0,1.0,0%-10%
10451,15000,10.0,1.0,0%-10%
10451,15298,8.0,0.0,0%-10%
10451,15453,10.0,1.0,0%-10%
10451,15494,16.0,1.0,0%-10%
10451,15572,10.0,1.0,0%-10%
10452,25,10.0,-0.0,0%-10%
10452,34,16.0,-0.0,0%-10%
10452,122,16.0,-0.0,0%-10%
10452,146,7.0,-0.0,0%-10%
10452,176,16.0,-0.0,0%-10%
10452,204,16.0,-0.0,0%-10%
10452,250,16.0,-0.0,0%-10%
10452,260,16.0,-0.0,0%-10%
10452,277,16.0,-0.0,0%-10%
10452,373,16.0,-0.0,0%-10%
10452,447,244.0,21.0,0%-10%
10452,448,8.0,-0.0,0%-10%
10452,479,16.0,-0.0,0%-10%
10452,543,10.0,-0.0,0%-10%
10452,547,16.0,-0.0,0%-10%
10452,596,16.0,1.0,0%-10%
10452,639,14.0,-0.0,0%-10%
10452,647,16.0,1.0,0%-10%
10452,727,363.0,33.0,0%-10%
10452,768,14.0,0.0,0%-10%
10452,778,12.0,0.0,0%-10%
10452,1002,16.0,1.0,0%-10%
10452,1063,14.0,-0.0,0%-10%
10452,1096,16.0,1.0,0%-10%
10452,1099,16.0,1.0,0%-10%
10452,1135,16.0,1.0,0%-10%
10452,1436,7.0,-0.0,0%-10%
10452,1473,16.0,1.0,0%-10%
10452,1484,8.0,-0.0,0%-10%
10452,1486,16.0,1.0,0%-10%
10452,1517,12.0,0.0,0%-10%
10452,1720,12.0,0.0,0%-10%
10452,1736,7.0,-0.0,0%-10%
10452,1916,159.0,14.0,0%-10%
10452,1936,150.0,14.0,0%-10%
10452,1967,70.0,6.0,0%-10%
10452,2052,14.0,0.0,0%-10%
10452,2328,16.0,1.0,0%-10%
10452,2432,14.0,-0.0,0%-10%
10452,2510,266.0,24.0,0%-10%
10452,2517,340.0,31.0,0%-10%
10452,2676,16.0,1.0,0%-10%
10452,2769,16.0,1.0,0%-10%
10452,2901,12.0,0.0,0%-10%
10452,2906,7.0,0.0,0%-10%
10452,3210,14.0,-0.0,0%-10%
10452,3274,16.0,1.0,0%-10%
10452,3277,14.0,-0.0,0%-10%
10452,3369,10.0,1.0,0%-10%
10452,3379,8.0,-0.0,0%-10%
10452,3420,8.0,-0.0,0%-10%
10452,3454,14.0,0.0,0%-10%
10452,3549,14.0,0.0,0%-10%
10452,3559,16.0,1.0,0%-10%
10452,3571,16.0,1.0,0%-10%
10452,3606,16.0,1.0,0%-10%
10452,3649,14.0,0.0,0%-10%
10452,3917,12.0,0.0,0%-10%
10452,3972,14.0,0.0,0%-10%
10452,3992,16.0,1.0,0%-10%
10452,4034,8.0,-0.0,0%-10%
10452,4080,10.0,1.0,0%-10%
10452,4131,16.0,1.0,0%-10%
10452,4164,16.0,1.0,0%-10%
10452,4169,16.0,1.0,0%-10%
10452,4201,14.0,-0.0,0%-10%
10452,4216,14.0,-0.0,0%-10%
10452,4274,16.0,1.0,0%-10%
10452,4278,14.0,0.0,0%-10%
10452,4312,14.0,0.0,0%-10%
10452,4325,16.0,1.0,0%-10%
10452,4365,16.0,1.0,0%-10%
10452,4380,16.0,1.0,0%-10%
10452,4439,12.0,0.0,0%-10%
10452,4440,92.0,8.0,0%-10%
10452,4451,16.0,1.0,0%-10%
10452,4470,14.0,-0.0,0%-10%
10452,4491,16.0,1.0,0%-10%
10452,4561,14.0,0.0,0%-10%
10452,4624,16.0,1.0,0%-10%
10452,4660,16.0,1.0,0%-10%
10452,4702,16.0,1.0,0%-10%
10452,4750,14.0,0.0,0%-10%
10452,4786,10.0,1.0,0%-10%
10452,4804,120.0,11.0,0%-10%
10452,4844,16.0,1.0,0%-10%
10452,4862,16.0,1.0,0%-10%
10452,4908,8.0,-0.0,0%-10%
10452,5081,16.0,1.0,0%-10%
10452,5111,14.0,-0.0,0%-10%
10452,5227,16.0,1.0,0%-10%
10452,5240,16.0,1.0,0%-10%
10452,5276,290.0,27.0,0%-10%
10452,5355,8.0,-0.0,0%-10%
10452,5385,16.0,1.0,0%-10%
10452,5626,16.0,1.0,0%-10%
10452,5700,16.0,1.0,0%-10%
10452,5730,12.0,0.0,0%-10%
10452,5734,7.0,-0.0,0%-10%
10452,5738,16.0,1.0,0%-10%
10452,5754,16.0,1.0,0%-10%
10452,5760,16.0,1.0,0%-10%
10452,5808,8.0,-0.0,0%-10%
10452,5840,8.0,-0.0,0%-10%
10452,5883,16.0,1.0,0%-10%
10452,5958,7.0,-0.0,0%-10%
10452,5966,16.0,1.0,0%-10%
10452,5971,16.0,1.0,0%-10%
10452,6022,12.0,0.0,0%-10%
10452,6023,14.0,0.0,0%-10%
10452,6088,16.0,1.0,0%-10%
10452,6128,14.0,0.0,0%-10%
10452,6178,14.0,0.0,0%-10%
10452,6185,340.0,31.0,0%-10%
10452,6286,8.0,0.0,0%-10%
10452,6337,16.0,1.0,0%-10%
10452,6351,12.0,0.0,0%-10%
10452,6406,16.0,1.0,0%-10%
10452,6513,16.0,1.0,0%-10%
10452,6559,12.0,0.0,0%-10%
10452,6699,16.0,1.0,0%-10%
10452,6873,16.0,1.0,0%-10%
10452,6880,16.0,1.0,0%-10%
10452,6904,12.0,0.0,0%-10%
10452,6918,14.0,0.0,0%-10%
10452,7020,12.0,0.0,0%-10%
10452,7065,16.0,1.0,0%-10%
10452,7169,10.0,1.0,0%-10%
10452,7203,14.0,0.0,0%-10%
10452,7238,16.0,1.0,0%-10%
10452,7254,16.0,1.0,0%-10%
10452,7280,8.0,-0.0,0%-10%
10452,7291,14.0,-0.0,0%-10%
10452,7352,7.0,0.0,0%-10%
10452,7407,8.0,-0.0,0%-10%
10452,7534,14.0,-0.0,0%-10%
10452,7544,16.0,1.0,0%-10%
10452,7573,16.0,1.0,0%-10%
10452,7638,8.0,-0.0,0%-10%
10452,7645,16.0,1.0,0%-10%
10452,7650,16.0,1.0,0%-10%
10452,7767,16.0,1.0,0%-10%
10452,7809,16.0,1.0,0%-10%
10452,7886,12.0,0.0,0%-10%
10452,7903,12.0,0.0,0%-10%
10452,7934,10.0,1.0,0%-10%
10452,7944,10.0,1.0,0%-10%
10452,8046,16.0,1.0,0%-10%
10452,8147,16.0,1.0,0%-10%
10452,8174,5.0,0.0,0%-10%
10452,8260,57.0,5.0,0%-10%
10452,8272,16.0,1.0,0%-10%
10452,8290,8.0,-0.0,0%-10%
10452,8349,12.0,0.0,0%-10%
10452,8516,16.0,1.0,0%-10%
10452,8566,100.0,9.0,0%-10%
10452,8588,16.0,1.0,0%-10%
10452,8616,8.0,0.0,0%-10%
10452,8695,16.0,1.0,0%-10%
10452,8705,16.0,1.0,0%-10%
10452,8745,16.0,1.0,0%-10%
10452,8858,6.0,0.0,0%-10%
10452,8957,10.0,1.0,0%-10%
10452,9086,16.0,1.0,0%-10%
10452,9096,16.0,1.0,0%-10%
10452,9127,16.0,1.0,0%-10%
10452,9192,16.0,1.0,0%-10%
10452,9264,12.0,0.0,0%-10%
10452,9360,14.0,0.0,0%-10%
10452,9394,5.0,0.0,0%-10%
10452,9428,16.0,1.0,0%-10%
10452,9494,14.0,0.0,0%-10%
10452,9499,171.0,16.0,0%-10%
10452,9548,7.0,-0.0,0%-10%
10452,9549,95.0,9.0,0%-10%
10452,9650,14.0,0.0,0%-10%
10452,9712,12.0,0.0,0%-10%
10452,9848,8.0,0.0,0%-10%
10452,10017,8.0,-0.0,0%-10%
10452,10068,12.0,0.0,0%-10%
10452,10079,8.0,0.0,0%-10%
10452,10101,16.0,1.0,0%-10%
10452,10133,14.0,-0.0,0%-10%
10452,10183,16.0,1.0,0%-10%
10452,10192,12.0,0.0,0%-10%
10452,10279,10.0,1.0,0%-10%
10452,10295,8.0,0.0,0%-10%
10452,10321,8.0,-0.0,0%-10%
10452,10535,16.0,1.0,0%-10%
10452,10653,8.0,-0.0,0%-10%
10452,10718,14.0,0.0,0%-10%
10452,10774,12.0,0.0,0%-10%
10452,10823,14.0,0.0,0%-10%
10452,10885,16.0,1.0,0%-10%
10452,10967,16.0,1.0,0%-10%
10452,10972,14.0,0.0,0%-10%
10452,10974,16.0,1.0,0%-10%
10452,11001,16.0,1.0,0%-10%
10452,11002,14.0,-0.0,0%-10%
10452,11057,12.0,0.0,0%-10%
10452,11078,14.0,0.0,0%-10%
10452,11182,8.0,0.0,0%-10%
10452,11206,8.0,-0.0,0%-10%
10452,11221,12.0,0.0,0%-10%
10452,11275,10.0,1.0,0%-10%
10452,11332,16.0,1.0,0%-10%
10452,11337,8.0,-0.0,0%-10%
10452,11356,8.0,-0.0,0%-10%
10452,11368,14.0,-0.0,0%-10%
10452,11427,14.0,-0.0,0%-10%
10452,11470,16.0,1.0,0%-10%
10452,11483,16.0,1.0,0%-10%
10452,11598,52.0,5.0,0%-10%
10452,11621,6.0,0.0,0%-10%
10452,11644,240.0,22.0,0%-10%
10452,11662,6.0,0.0,0%-10%
10452,11703,8.0,0.0,0%-10%
10452,11762,14.0,0.0,0%-10%
10452,11789,16.0,1.0,0%-10%
10452,11817,12.0,0.0,0%-10%
10452,11943,8.0,-0.0,0%-10%
10452,12041,16.0,1.0,0%-10%
10452,12077,16.0,1.0,0%-10%
10452,12081,16.0,1.0,0%-10%
10452,12186,12.0,0.0,0%-10%
10452,12192,47.0,4.0,0%-10%
10452,12400,12.0,0.0,0%-10%
10452,12517,16.0,1.0,0%-10%
10452,12532,12.0,0.0,0%-10%
10452,12543,16.0,1.0,0%-10%
10452,12547,10.0,1.0,0%-10%
10452,12596,16.0,1.0,0%-10%
10452,12721,12.0,0.0,0%-10%
10452,12744,16.0,1.0,0%-10%
10452,12845,184.0,17.0,0%-10%
10452,12876,12.0,0.0,0%-10%
10452,12881,16.0,1.0,0%-10%
10452,12916,10.0,1.0,0%-10%
10452,12918,12.0,0.0,0%-10%
10452,12988,42.0,4.0,0%-10%
10452,13055,16.0,1.0,0%-10%
10452,13089,16.0,1.0,0%-10%
10452,13099,16.0,1.0,0%-10%
10452,13133,14.0,0.0,0%-10%
10452,13149,16.0,1.0,0%-10%
10452,13278,16.0,1.0,0%-10%
10452,13327,14.0,-0.0,0%-10%
10452,13396,10.0,1.0,0%-10%
10452,13498,16.0,1.0,0%-10%
10452,13544,8.0,-0.0,0%-10%
10452,13565,16.0,1.0,0%-10%
10452,13575,16.0,1.0,0%-10%
10452,13637,12.0,0.0,0%-10%
10452,13728,14.0,0.0,0%-10%
10452,13777,16.0,1.0,0%-10%
10452,13935,8.0,-0.0,0%-10%
10452,14077,12.0,0.0,0%-10%
10452,14170,16.0,1.0,0%-10%
10452,14182,14.0,0.0,0%-10%
10452,14215,16.0,1.0,0%-10%
10452,14255,16.0,1.0,0%-10%
10452,14283,16.0,1.0,0%-10%
10452,14329,16.0,1.0,0%-10%
10452,14358,16.0,1.0,0%-10%
10452,14493,12.0,0.0,0%-10%
10452,14516,16.0,1.0,0%-10%
10452,14552,12.0,0.0,0%-10%
10452,14562,12.0,0.0,0%-10%
10452,14676,16.0,1.0,0%-10%
10452,14692,12.0,0.0,0%-10%
10452,14762,12.0,0.0,0%-10%
10452,14783,12.0,0.0,0%-10%
10452,14921,16.0,1.0,0%-10%
10452,14977,16.0,1.0,0%-10%
10452,15020,14.0,0.0,0%-10%
10452,15024,10.0,1.0,0%-10%
10452,15090,16.0,1.0,0%-10%
10452,15175,16.0,1.0,0%-10%
10452,15189,12.0,0.0,0%-10%
10452,15221,8.0,-0.0,0%-10%
10452,15241,16.0,1.0,0%-10%
10452,15281,10.0,1.0,0%-10%
10452,15287,16.0,1.0,0%-10%
10452,15333,12.0,0.0,0%-10%
10452,15343,8.0,-0.0,0%-10%
10452,15467,16.0,1.0,0%-10%
10452,15473,16.0,1.0,0%-10%
10452,15566,16.0,1.0,0%-10%
10453,179,14.0,-0.0,0%-10%
10453,195,8.0,0.0,0%-10%
10453,233,16.0,1.0,0%-10%
10453,318,16.0,1.0,0%-10%
10453,358,16.0,1.0,0%-10%
10453,421,120.0,11.0,0%-10%
10453,441,16.0,1.0,0%-10%
10453,443,14.0,-0.0,0%-10%
10453,572,10.0,1.0,0%-10%
10453,607,12.0,0.0,0%-10%
10453,659,12.0,0.0,0%-10%
10453,687,14.0,-0.0,0%-10%
10453,732,16.0,1.0,0%-10%
10453,889,16.0,1.0,0%-10%
10453,982,14.0,0.0,0%-10%
10453,1037,16.0,1.0,0%-10%
10453,1089,16.0,1.0,0%-10%
10453,1106,6.0,0.0,0%-10%
10453,1180,16.0,1.0,0%-10%
10453,1269,16.0,1.0,0%-10%
10453,1393,16.0,1.0,0%-10%
10453,1468,100.0,9.0,0%-10%
10453,1642,16.0,1.0,0%-10%
10453,1678,16.0,1.0,0%-10%
10453,1811,16.0,1.0,0%-10%
10453,1815,60.0,6.0,0%-10%
10453,1986,16.0,1.0,0%-10%
10453,1999,16.0,1.0,0%-10%
10453,2016,14.0,0.0,0%-10%
10453,2080,10.0,1.0,0%-10%
10453,2139,16.0,1.0,0%-10%
10453,2255,8.0,0.0,0%-10%
10453,2329,16.0,1.0,0%-10%
10453,2422,16.0,1.0,0%-10%
10453,2424,12.0,0.0,0%-10%
10453,2427,16.0,1.0,0%-10%
10453,2450,7.0,0.0,0%-10%
10453,2670,8.0,-0.0,0%-10%
10453,2803,16.0,1.0,0%-10%
10453,2823,8.0,-0.0,0%-10%
10453,2854,8.0,-0.0,0%-10%
10453,2877,8.0,-0.0,0%-10%
10453,2887,16.0,1.0,0%-10%
10453,2925,8.0,-0.0,0%-10%
10453,2971,16.0,1.0,0%-10%
10453,3033,16.0,1.0,0%-10%
10453,3038,16.0,1.0,0%-10%
10453,3081,16.0,1.0,0%-10%
10453,3298,16.0,1.0,0%-10%
10453,3371,14.0,-0.0,0%-10%
10453,3452,40.0,4.0,0%-10%
10453,3470,6.0,0.0,0%-10%
10453,3538,16.0,1.0,0%-10%
10453,3657,14.0,0.0,0%-10%
10453,3734,14.0,0.0,0%-10%
10453,3807,464.0,42.0,0%-10%
10453,3894,16.0,1.0,0%-10%
10453,4099,16.0,1.0,0%-10%
10453,4112,16.0,1.0,0%-10%
10453,4125,16.0,1.0,0%-10%
10453,4175,14.0,-0.0,0%-10%
10453,4189,16.0,1.0,0%-10%
10453,4191,14.0,0.0,0%-10%
10453,4238,12.0,0.0,0%-10%
10453,4310,16.0,1.0,0%-10%
10453,4327,8.0,-0.0,0%-10%
10453,4420,8.0,-0.0,0%-10%
10453,4516,12.0,0.0,0%-10%
10453,4528,16.0,1.0,0%-10%
10453,4662,12.0,0.0,0%-10%
10453,4680,16.0,1.0,0%-10%
10453,4684,16.0,1.0,0%-10%
10453,4724,236.0,21.0,0%-10%
10453,4974,16.0,1.0,0%-10%
10453,5026,16.0,1.0,0%-10%
10453,5147,12.0,0.0,0%-10%
10453,5164,80.0,7.0,0%-10%
10453,5185,16.0,1.0,0%-10%
10453,5289,10.0,1.0,0%-10%
10453,5458,6.0,0.0,0%-10%
10453,5466,16.0,1.0,0%-10%
10453,5474,16.0,1.0,0%-10%
10453,5501,14.0,0.0,0%-10%
10453,5584,16.0,1.0,0%-10%
10453,5647,12.0,0.0,0%-10%
10453,5724,16.0,1.0,0%-10%
10453,5739,12.0,0.0,0%-10%
10453,5761,16.0,1.0,0%-10%
10453,5783,12.0,0.0,0%-10%
10453,5917,12.0,0.0,0%-10%
10453,5927,10.0,1.0,0%-10%
10453,5930,14.0,0.0,0%-10%
10453,5943,16.0,1.0,0%-10%
10453,6007,12.0,0.0,0%-10%
10453,6054,162.0,15.0,0%-10%
10453,6096,180.0,17.0,0%-10%
10453,6176,14.0,-0.0,0%-10%
10453,6191,16.0,1.0,0%-10%
10453,6338,6.0,0.0,0%-10%
10453,6356,16.0,1.0,0%-10%
10453,6362,14.0,-0.0,0%-10%
10453,6472,16.0,1.0,0%-10%
10453,6519,8.0,-0.0,0%-10%
10453,6548,10.0,1.0,0%-10%
10453,6657,8.0,0.0,0%-10%
10453,6704,16.0,1.0,0%-10%
10453,6714,16.0,1.0,0%-10%
10453,6732,16.0,1.0,0%-10%
10453,6733,12.0,0.0,0%-10%
10453,6797,16.0,1.0,0%-10%
10453,6932,16.0,1.0,0%-10%
10453,7028,16.0,1.0,0%-10%
10453,7038,16.0,1.0,0%-10%
10453,7041,14.0,-0.0,0%-10%
10453,7081,14.0,-0.0,0%-10%
10453,7114,10.0,1.0,0%-10%
10453,7181,16.0,1.0,0%-10%
10453,7368,6.0,0.0,0%-10%
10453,7403,16.0,1.0,0%-10%
10453,7412,7.0,-0.0,0%-10%
10453,7473,16.0,1.0,0%-10%
10453,7706,16.0,1.0,0%-10%
10453,7727,14.0,-0.0,0%-10%
10453,7739,313.0,29.0,0%-10%
10453,7773,10.0,1.0,0%-10%
10453,7779,8.0,-0.0,0%-10%
10453,7943,12.0,0.0,0%-10%
10453,8035,16.0,1.0,0%-10%
10453,8038,14.0,0.0,0%-10%
10453,8195,420.0,39.0,0%-10%
10453,8214,8.0,-0.0,0%-10%
10453,8227,16.0,1.0,0%-10%
10453,8369,16.0,1.0,0%-10%
10453,8379,8.0,0.0,0%-10%
10453,8413,12.0,0.0,0%-10%
10453,8424,6.0,0.0,0%-10%
10453,8495,12.0,0.0,0%-10%
10453,8510,8.0,-0.0,0%-10%
10453,8556,16.0,1.0,0%-10%
10453,8584,6.0,0.0,0%-10%
10453,8682,16.0,1.0,0%-10%
10453,8685,16.0,1.0,0%-10%
10453,8690,16.0,1.0,0%-10%
10453,8771,16.0,1.0,0%-10%
10453,8809,16.0,1.0,0%-10%
10453,8926,16.0,1.0,0%-10%
10453,8971,16.0,1.0,0%-10%
10453,9046,16.0,1.0,0%-10%
10453,9129,12.0,0.0,0%-10%
10453,9212,12.0,0.0,0%-10%
10453,9366,12.0,0.0,0%-10%
10453,9384,12.0,0.0,0%-10%
10453,9389,8.0,-0.0,0%-10%
10453,9435,8.0,0.0,0%-10%
10453,9466,8.0,-0.0,0%-10%
10453,9561,8.0,-0.0,0%-10%
10453,9569,110.0,10.0,0%-10%
10453,9570,16.0,1.0,0%-10%
10453,9655,12.0,0.0,0%-10%
10453,9688,16.0,1.0,0%-10%
10453,9722,16.0,1.0,0%-10%
10453,9736,16.0,1.0,0%-10%
10453,9975,16.0,1.0,0%-10%
10453,9983,16.0,1.0,0%-10%
10453,9998,16.0,1.0,0%-10%
10453,10159,16.0,1.0,0%-10%
10453,10252,14.0,0.0,0%-10%
10453,10298,8.0,-0.0,0%-10%
10453,10382,12.0,0.0,0%-10%
10453,10394,6.0,0.0,0%-10%
10453,10403,16.0,1.0,0%-10%
10453,10443,16.0,1.0,0%-10%
10453,10467,269.0,24.0,0%-10%
10453,10553,16.0,1.0,0%-10%
10453,10582,16.0,1.0,0%-10%
10453,10604,16.0,1.0,0%-10%
10453,10641,16.0,1.0,0%-10%
10453,10724,14.0,-0.0,0%-10%
10453,10909,16.0,1.0,0%-10%
10453,10933,8.0,-0.0,0%-10%
10453,10947,16.0,1.0,0%-10%
10453,11029,16.0,1.0,0%-10%
10453,11083,16.0,1.0,0%-10%
10453,11095,16.0,1.0,0%-10%
10453,11105,16.0,1.0,0%-10%
10453,11138,6.0,0.0,0%-10%
10453,11188,16.0,1.0,0%-10%
10453,11192,16.0,1.0,0%-10%
10453,11248,16.0,1.0,0%-10%
10453,11381,8.0,0.0,0%-10%
10453,11457,30.0,3.0,0%-10%
10453,11479,14.0,0.0,0%-10%
10453,11485,10.0,1.0,0%-10%
10453,11578,16.0,1.0,0%-10%
10453,11582,16.0,1.0,0%-10%
10453,11603,332.0,30.0,0%-10%
10453,11637,14.0,0.0,0%-10%
10453,11654,16.0,1.0,0%-10%
10453,11691,12.0,0.0,0%-10%
10453,11785,14.0,-0.0,0%-10%
10453,11793,14.0,-0.0,0%-10%
10453,11832,12.0,0.0,0%-10%
10453,11894,16.0,1.0,0%-10%
10453,11935,14.0,0.0,0%-10%
10453,11997,16.0,1.0,0%-10%
10453,12054,115.0,10.0,0%-10%
10453,12083,16.0,1.0,0%-10%
10453,12202,16.0,1.0,0%-10%
10453,12210,8.0,0.0,0%-10%
10453,12211,16.0,1.0,0%-10%
10453,12247,12.0,0.0,0%-10%
10453,12305,16.0,1.0,0%-10%
10453,12398,14.0,0.0,0%-10%
10453,12429,14.0,-0.0,0%-10%
10453,12438,8.0,-0.0,0%-10%
10453,12475,14.0,0.0,0%-10%
10453,12561,14.0,-0.0,0%-10%
10453,12567,12.0,0.0,0%-10%
10453,12618,12.0,0.0,0%-10%
10453,12641,5.0,0.0,0%-10%
10453,12691,8.0,-0.0,0%-10%
10453,12776,12.0,0.0,0%-10%
10453,12828,14.0,-0.0,0%-10%
10453,12842,16.0,1.0,0%-10%
10453,12887,16.0,1.0,0%-10%
10453,12948,16.0,1.0,0%-10%
10453,13094,38.0,3.0,0%-10%
10453,13142,12.0,0.0,0%-10%
10453,13152,16.0,1.0,0%-10%
10453,13269,16.0,1.0,0%-10%
10453,13305,16.0,1.0,0%-10%
10453,13319,16.0,1.0,0%-10%
10453,13365,16.0,1.0,0%-10%
10453,13367,8.0,-0.0,0%-10%
10453,13502,16.0,1.0,0%-10%
10453,13559,16.0,1.0,0%-10%
10453,13602,14.0,0.0,0%-10%
10453,13689,16.0,1.0,0%-10%
10453,13842,16.0,1.0,0%-10%
10453,13999,16.0,1.0,0%-10%
10453,14003,51.0,5.0,0%-10%
10453,14177,16.0,1.0,0%-10%
10453,14261,8.0,0.0,0%-10%
10453,14276,12.0,0.0,0%-10%
10453,14282,14.0,0.0,0%-10%
10453,14294,16.0,1.0,0%-10%
10453,14355,9.0,0.0,0%-10%
10453,14390,16.0,1.0,0%-10%
10453,14445,16.0,1.0,0%-10%
10453,14454,16.0,1.0,0%-10%
10453,14476,208.0,19.0,0%-10%
10453,14504,16.0,1.0,0%-10%
10453,14560,16.0,1.0,0%-10%
10453,14667,16.0,1.0,0%-10%
10453,14670,16.0,1.0,0%-10%
10453,14696,12.0,0.0,0%-10%
10453,14772,10.0,1.0,0%-10%
10453,14779,16.0,1.0,0%-10%
10453,14846,16.0,1.0,0%-10%
10453,14881,16.0,1.0,0%-10%
10453,14885,16.0,1.0,0%-10%
10453,14913,12.0,0.0,0%-10%
10453,14924,8.0,-0.0,0%-10%
10453,14956,12.0,0.0,0%-10%
10453,14970,12.0,0.0,0%-10%
10453,15056,9.0,-0.0,0%-10%
10453,15064,12.0,0.0,0%-10%
10453,15069,12.0,0.0,0%-10%
10453,15079,10.0,1.0,0%-10%
10453,15110,16.0,1.0,0%-10%
10453,15186,16.0,1.0,0%-10%
10453,15199,16.0,1.0,0%-10%
10453,15355,16.0,1.0,0%-10%
10453,15366,16.0,1.0,0%-10%
10453,15424,16.0,1.0,0%-10%
10453,15523,12.0,0.0,0%-10%
10453,15579,16.0,1.0,0%-10%
10453,15583,14.0,-0.0,0%-10%
10454,598,200.0,20.0,0%-10%
10454,628,16.0,-0.0,0%-10%
10454,872,16.0,-0.0,0%-10%
10454,1073,14.0,0.0,0%-10%
10454,1098,160.0,14.0,0%-10%
10454,1529,90.0,7.0,0%-10%
10454,1595,16.0,-0.0,0%-10%
10454,2528,16.0,-0.0,0%-10%
10454,2538,12.0,0.0,0%-10%
10454,2931,16.0,-0.0,0%-10%
10454,3179,16.0,-0.0,0%-10%
10454,3368,16.0,-0.0,0%-10%
10454,4088,16.0,-0.0,0%-10%
10454,4188,206.0,18.0,0%-10%
10454,4686,10.0,-0.0,0%-10%
10454,4689,16.0,-0.0,0%-10%
10454,4778,16.0,-0.0,0%-10%
10454,4887,280.0,25.0,0%-10%
10454,5586,133.0,11.0,0%-10%
10454,5608,160.0,14.0,0%-10%
10454,6211,16.0,-0.0,0%-10%
10454,6510,16.0,-0.0,0%-10%
10454,6544,16.0,-0.0,0%-10%
10454,6674,16.0,-0.0,0%-10%
10454,6738,10.0,-0.0,0%-10%
10454,6806,8.0,0.0,0%-10%
10454,6866,14.0,0.0,0%-10%
10454,6966,59.0,4.0,0%-10%
10454,7158,8.0,-0.0,0%-10%
10454,7314,8.0,-0.0,0%-10%
10454,7328,8.0,0.0,0%-10%
10454,7346,12.0,0.0,0%-10%
10454,8301,103.0,8.0,0%-10%
10454,8444,160.0,14.0,0%-10%
10454,8456,183.0,16.0,0%-10%
10454,8908,6.0,0.0,0%-10%
10454,8931,10.0,-0.0,0%-10%
10454,8991,12.0,0.0,0%-10%
10454,9230,80.0,1.0,0%-10%
10454,9235,14.0,0.0,0%-10%
10454,9281,8.0,-0.0,0%-10%
10454,9493,110.0,9.0,0%-10%
10454,10147,10.0,-0.0,0%-10%
10454,10155,9.0,-0.0,0%-10%
10454,10234,16.0,-0.0,0%-10%
10454,10352,16.0,-0.0,0%-10%
10454,10818,14.0,0.0,0%-10%
10454,10832,98.0,8.0,0%-10%
10454,10986,10.0,-0.0,0%-10%
10454,11149,240.0,21.0,0%-10%
10454,12037,14.0,0.0,0%-10%
10454,12388,10.0,-0.0,0%-10%
10454,12608,16.0,-0.0,0%-10%
10454,12690,34.0,1.0,0%-10%
10454,12750,16.0,-0.0,0%-10%
10454,12824,128.0,12.0,0%-10%
10454,12825,16.0,-0.0,0%-10%
10454,13189,16.0,-0.0,0%-10%
10454,13377,16.0,1.0,0%-10%
10454,13467,16.0,1.0,0%-10%
10454,13640,16.0,1.0,0%-10%
10454,13852,16.0,1.0,0%-10%
10454,13882,16.0,1.0,0%-10%
10454,14211,14.0,0.0,0%-10%
10454,14270,10.0,1.0,0%-10%
10454,14563,16.0,1.0,0%-10%
10454,14822,16.0,1.0,0%-10%
10454,15318,14.0,0.0,0%-10%
10454,15319,16.0,1.0,0%-10%
10454,15330,16.0,1.0,0%-10%
10454,15381,16.0,1.0,0%-10%
10455,210,8.0,-0.0,0%-10%
10455,353,8.0,-0.0,0%-10%
10455,354,16.0,1.0,0%-10%
10455,510,16.0,1.0,0%-10%
10455,675,164.0,15.0,0%-10%
10455,746,205.0,19.0,0%-10%
10455,976,14.0,1.0,0%-10%
10455,1061,16.0,1.0,0%-10%
10455,1076,16.0,1.0,0%-10%
10455,1231,16.0,1.0,0%-10%
10455,2024,10.0,1.0,0%-10%
10455,2049,8.0,-0.0,0%-10%
10455,2106,16.0,1.0,0%-10%
10455,2252,16.0,1.0,0%-10%
10455,2270,16.0,1.0,0%-10%
10455,2351,8.0,-0.0,0%-10%
10455,2467,16.0,1.0,0%-10%
10455,2471,217.0,20.0,0%-10%
10455,2523,8.0,0.0,0%-10%
10455,2540,16.0,1.0,0%-10%
10455,2578,14.0,0.0,0%-10%
10455,2953,16.0,1.0,0%-10%
10455,3144,10.0,1.0,0%-10%
10455,3222,10.0,1.0,0%-10%
10455,3317,16.0,1.0,0%-10%
10455,4146,6.0,0.0,0%-10%
10455,4644,16.0,1.0,0%-10%
10455,4687,16.0,1.0,0%-10%
10455,4729,14.0,-0.0,0%-10%
10455,4757,8.0,-0.0,0%-10%
10455,4837,16.0,1.0,0%-10%
10455,4892,186.0,17.0,0%-10%
10455,5023,16.0,1.0,0%-10%
10455,5055,16.0,1.0,0%-10%
10455,5131,8.0,-0.0,0%-10%
10455,5218,16.0,1.0,0%-10%
10455,5446,10.0,1.0,0%-10%
10455,5580,16.0,1.0,0%-10%
10455,5613,16.0,1.0,0%-10%
10455,5645,5.0,0.0,0%-10%
10455,5712,16.0,1.0,0%-10%
10455,5886,14.0,-0.0,0%-10%
10455,5907,14.0,-0.0,0%-10%
10455,5986,8.0,-0.0,0%-10%
10455,5990,16.0,1.0,0%-10%
10455,6133,16.0,1.0,0%-10%
10455,6233,16.0,1.0,0%-10%
10455,6512,10.0,1.0,0%-10%
10455,6596,16.0,1.0,0%-10%
10455,6678,16.0,1.0,0%-10%
10455,6783,10.0,1.0,0%-10%
10455,6920,6.0,0.0,0%-10%
10455,7053,12.0,0.0,0%-10%
10455,7120,16.0,1.0,0%-10%
10455,7159,16.0,1.0,0%-10%
10455,7179,44.0,4.0,0%-10%
10455,7196,16.0,1.0,0%-10%
10455,7472,12.0,0.0,0%-10%
10455,7622,353.0,32.0,0%-10%
10455,7957,14.0,0.0,0%-10%
10455,8148,14.0,-0.0,0%-10%
10455,8229,16.0,1.0,0%-10%
10455,8268,16.0,1.0,0%-10%
10455,8292,16.0,1.0,0%-10%
10455,8327,14.0,-0.0,0%-10%
10455,8694,8.0,-0.0,0%-10%
10455,8918,16.0,1.0,0%-10%
10455,8956,16.0,1.0,0%-10%
10455,9075,16.0,1.0,0%-10%
10455,9358,16.0,1.0,0%-10%
10455,9606,30.0,3.0,0%-10%
10455,9956,8.0,-0.0,0%-10%
10455,10046,170.0,16.0,0%-10%
10455,10205,8.0,0.0,0%-10%
10455,10425,16.0,1.0,0%-10%
10455,10495,7.0,-0.0,0%-10%
10455,10557,8.0,0.0,0%-10%
10455,10581,14.0,-0.0,0%-10%
10455,10808,180.0,17.0,0%-10%
10455,10835,14.0,-0.0,0%-10%
10455,10918,16.0,1.0,0%-10%
10455,11211,16.0,1.0,0%-10%
10455,11271,8.0,-0.0,0%-10%
10455,11383,12.0,0.0,0%-10%
10455,11432,60.0,6.0,0%-10%
10455,11437,6.0,0.0,0%-10%
10455,11973,10.0,1.0,0%-10%
10455,12253,16.0,1.0,0%-10%
10455,12286,16.0,1.0,0%-10%
10455,12741,8.0,-0.0,0%-10%
10455,13078,10.0,1.0,0%-10%
10455,13147,14.0,0.0,0%-10%
10455,13289,8.0,-0.0,0%-10%
10455,13468,16.0,1.0,0%-10%
10455,13633,16.0,1.0,0%-10%
10455,14047,16.0,1.0,0%-10%
10455,14059,8.0,-0.0,0%-10%
10455,14075,10.0,1.0,0%-10%
10455,14223,16.0,1.0,0%-10%
10455,14340,30.0,3.0,0%-10%
10455,14368,16.0,1.0,0%-10%
10455,14433,12.0,0.0,0%-10%
10455,14479,20.0,2.0,0%-10%
10455,14481,16.0,1.0,0%-10%
10455,14557,12.0,0.0,0%-10%
10455,14727,14.0,-0.0,0%-10%
10455,14896,30.0,3.0,0%-10%
10455,15182,94.0,8.0,0%-10%
10455,15258,8.0,-0.0,0%-10%
10455,15379,8.0,-0.0,0%-10%
10455,15413,8.0,-0.0,0%-10%
10456,41,16.0,-0.0,0%-10%
10456,48,16.0,-0.0,0%-10%
10456,116,79.0,6.0,0%-10%
10456,145,53.0,4.0,0%-10%
10456,178,16.0,-0.0,0%-10%
10456,203,14.0,0.0,0%-10%
10456,472,8.0,0.0,0%-10%
10456,717,16.0,-0.0,0%-10%
10456,845,16.0,-0.0,0%-10%
10456,879,8.0,-0.0,0%-10%
10456,1008,16.0,-0.0,0%-10%
10456,1137,16.0,-0.0,0%-10%
10456,1148,16.0,-0.0,0%-10%
10456,1187,14.0,0.0,0%-10%
10456,1221,106.0,8.0,0%-10%
10456,1280,12.0,0.0,0%-10%
10456,1285,16.0,-0.0,0%-10%
10456,1323,16.0,-0.0,0%-10%
10456,1331,14.0,0.0,0%-10%
10456,1335,14.0,0.0,0%-10%
10456,1382,14.0,0.0,0%-10%
10456,1441,8.0,-0.0,0%-10%
10456,1462,16.0,-0.0,0%-10%
10456,1488,16.0,-0.0,0%-10%
10456,1492,8.0,0.0,0%-10%
10456,1569,16.0,-0.0,0%-10%
10456,1585,34.0,1.0,0%-10%
10456,1612,360.0,32.0,0%-10%
10456,1623,16.0,-0.0,0%-10%
10456,1663,12.0,0.0,0%-10%
10456,1769,16.0,-0.0,0%-10%
10456,1787,16.0,-0.0,0%-10%
10456,1809,8.0,-0.0,0%-10%
10456,1813,16.0,-0.0,0%-10%
10456,1818,16.0,-0.0,0%-10%
10456,1820,16.0,-0.0,0%-10%
10456,1846,14.0,0.0,0%-10%
10456,1882,14.0,0.0,0%-10%
10456,1911,8.0,-0.0,0%-10%
10456,2030,5.0,0.0,0%-10%
10456,2094,12.0,0.0,0%-10%
10456,2233,8.0,-0.0,0%-10%
10456,2711,16.0,-0.0,0%-10%
10456,2744,8.0,-0.0,0%-10%
10456,2838,6.0,0.0,0%-10%
10456,2905,8.0,-0.0,0%-10%
10456,2943,120.0,10.0,0%-10%
10456,2944,16.0,-0.0,0%-10%
10456,2972,8.0,-0.0,0%-10%
10456,3156,8.0,0.0,0%-10%
10456,3203,16.0,-0.0,0%-10%
10456,3209,14.0,0.0,0%-10%
10456,3265,16.0,-0.0,0%-10%
10456,3305,80.0,6.0,0%-10%
10456,3475,16.0,-0.0,0%-10%
10456,3479,8.0,-0.0,0%-10%
10456,3528,16.0,-0.0,0%-10%
10456,3565,12.0,0.0,0%-10%
10456,3584,40.0,3.0,0%-10%
10456,3592,12.0,0.0,0%-10%
10456,3596,16.0,-0.0,0%-10%
10456,3817,5.0,0.0,0%-10%
10456,4024,16.0,-0.0,0%-10%
10456,4092,12.0,0.0,0%-10%
10456,4144,20.0,1.0,0%-10%
10456,4186,110.0,9.0,0%-10%
10456,4204,16.0,-0.0,0%-10%
10456,4376,14.0,0.0,0%-10%
10456,4441,12.0,0.0,0%-10%
10456,4466,16.0,-0.0,0%-10%
10456,4481,16.0,-0.0,0%-10%
10456,4575,12.0,0.0,0%-10%
10456,4589,220.0,19.0,0%-10%
10456,4696,16.0,1.0,0%-10%
10456,4753,16.0,1.0,0%-10%
10456,4813,16.0,1.0,0%-10%
10456,4825,10.0,1.0,0%-10%
10456,4999,16.0,1.0,0%-10%
10456,5095,14.0,0.0,0%-10%
10456,5109,14.0,0.0,0%-10%
10456,5128,160.0,15.0,0%-10%
10456,5141,6.0,0.0,0%-10%
10456,5148,12.0,0.0,0%-10%
10456,5152,8.0,-0.0,0%-10%
10456,5176,16.0,1.0,0%-10%
10456,5266,16.0,1.0,0%-10%
10456,5336,12.0,0.0,0%-10%
10456,5546,16.0,1.0,0%-10%
10456,5717,16.0,1.0,0%-10%
10456,5789,16.0,1.0,0%-10%
10456,5848,16.0,1.0,0%-10%
10456,6105,12.0,0.0,0%-10%
10456,6196,8.0,-0.0,0%-10%
10456,6284,12.0,0.0,0%-10%
10456,6343,14.0,0.0,0%-10%
10456,6353,8.0,-0.0,0%-10%
10456,6435,16.0,1.0,0%-10%
10456,6445,16.0,1.0,0%-10%
10456,6496,10.0,1.0,0%-10%
10456,6534,8.0,0.0,0%-10%
10456,6535,16.0,1.0,0%-10%
10456,6750,13.0,0.0,0%-10%
10456,6862,12.0,0.0,0%-10%
10456,6933,16.0,1.0,0%-10%
10456,6946,12.0,0.0,0%-10%
10456,7012,16.0,1.0,0%-10%
10456,7194,8.0,0.0,0%-10%
10456,7283,16.0,1.0,0%-10%
10456,7296,16.0,1.0,0%-10%
10456,7299,16.0,1.0,0%-10%
10456,7326,14.0,0.0,0%-10%
10456,7365,16.0,1.0,0%-10%
10456,7418,16.0,1.0,0%-10%
10456,7491,12.0,0.0,0%-10%
10456,7517,8.0,-0.0,0%-10%
10456,7555,7.0,0.0,0%-10%
10456,7586,16.0,1.0,0%-10%
10456,7648,16.0,1.0,0%-10%
10456,7838,8.0,-0.0,0%-10%
10456,7851,12.0,0.0,0%-10%
10456,7901,16.0,1.0,0%-10%
10456,7913,14.0,0.0,0%-10%
10456,8037,12.0,0.0,0%-10%
10456,8053,6.0,0.0,0%-10%
10456,8087,177.0,16.0,0%-10%
10456,8138,16.0,1.0,0%-10%
10456,8164,16.0,1.0,0%-10%
10456,8281,16.0,1.0,0%-10%
10456,8375,8.0,-0.0,0%-10%
10456,8393,12.0,0.0,0%-10%
10456,8421,12.0,0.0,0%-10%
10456,8425,240.0,22.0,0%-10%
10456,8454,16.0,1.0,0%-10%
10456,8466,8.0,-0.0,0%-10%
10456,8484,8.0,-0.0,0%-10%
10456,8486,14.0,0.0,0%-10%
10456,8497,243.0,22.0,0%-10%
10456,8577,16.0,1.0,0%-10%
10456,8661,16.0,1.0,0%-10%
10456,8722,253.0,23.0,0%-10%
10456,8723,10.0,1.0,0%-10%
10456,9113,14.0,0.0,0%-10%
10456,9155,220.0,20.0,0%-10%
10456,9219,16.0,1.0,0%-10%
10456,9296,260.0,24.0,0%-10%
10456,9334,16.0,1.0,0%-10%
10456,9352,10.0,1.0,0%-10%
10456,9373,16.0,1.0,0%-10%
10456,9408,120.0,11.0,0%-10%
10456,9543,148.0,13.0,0%-10%
10456,9609,12.0,0.0,0%-10%
10456,9648,16.0,1.0,0%-10%
10456,9662,16.0,1.0,0%-10%
10456,9689,16.0,1.0,0%-10%
10456,9723,12.0,0.0,0%-10%
10456,9846,7.0,-0.0,0%-10%
10456,9896,16.0,1.0,0%-10%
10456,9927,16.0,1.0,0%-10%
10456,10003,16.0,1.0,0%-10%
10456,10229,16.0,1.0,0%-10%
10456,10268,40.0,4.0,0%-10%
10456,10305,10.0,1.0,0%-10%
10456,10343,16.0,1.0,0%-10%
10456,10629,10.0,1.0,0%-10%
10456,10643,16.0,1.0,0%-10%
10456,10647,14.0,0.0,0%-10%
10456,10661,16.0,1.0,0%-10%
10456,10683,14.0,0.0,0%-10%
10456,10758,16.0,1.0,0%-10%
10456,10781,16.0,1.0,0%-10%
10456,10975,16.0,1.0,0%-10%
10456,11079,8.0,-0.0,0%-10%
10456,11137,16.0,1.0,0%-10%
10456,11148,16.0,1.0,0%-10%
10456,11189,16.0,1.0,0%-10%
10456,11266,12.0,0.0,0%-10%
10456,11279,160.0,15.0,0%-10%
10456,11344,12.0,0.0,0%-10%
10456,11358,16.0,1.0,0%-10%
10456,11362,281.0,26.0,0%-10%
10456,11509,310.0,29.0,0%-10%
10456,11561,16.0,1.0,0%-10%
10456,11566,16.0,1.0,0%-10%
10456,11650,8.0,-0.0,0%-10%
10456,11705,16.0,1.0,0%-10%
10456,11910,12.0,0.0,0%-10%
10456,11989,14.0,0.0,0%-10%
10456,12016,12.0,0.0,0%-10%
10456,12111,12.0,0.0,0%-10%
10456,12155,12.0,0.0,0%-10%
10456,12228,14.0,0.0,0%-10%
10456,12241,16.0,1.0,0%-10%
10456,12288,16.0,1.0,0%-10%
10456,12348,16.0,1.0,0%-10%
10456,12349,8.0,-0.0,0%-10%
10456,12662,16.0,1.0,0%-10%
10456,12683,317.0,29.0,0%-10%
10456,12745,10.0,1.0,0%-10%
10456,12777,16.0,1.0,0%-10%
10456,12787,14.0,0.0,0%-10%
10456,12832,16.0,1.0,0%-10%
10456,12913,16.0,1.0,0%-10%
10456,13000,16.0,1.0,0%-10%
10456,13035,8.0,-0.0,0%-10%
10456,13053,14.0,0.0,0%-10%
10456,13069,16.0,1.0,0%-10%
10456,13144,14.0,0.0,0%-10%
10456,13292,16.0,1.0,0%-10%
10456,13320,12.0,0.0,0%-10%
10456,13371,12.0,0.0,0%-10%
10456,13407,16.0,1.0,0%-10%
10456,13492,240.0,22.0,0%-10%
10456,13516,12.0,0.0,0%-10%
10456,13656,10.0,1.0,0%-10%
10456,13684,12.0,0.0,0%-10%
10456,13742,14.0,0.0,0%-10%
10456,13744,16.0,1.0,0%-10%
10456,13809,16.0,1.0,0%-10%
10456,13878,12.0,0.0,0%-10%
10456,13926,16.0,1.0,0%-10%
10456,14079,16.0,1.0,0%-10%
10456,14226,16.0,1.0,0%-10%
10456,14264,16.0,1.0,0%-10%
10456,14397,12.0,0.0,0%-10%
10456,14450,16.0,1.0,0%-10%
10456,14510,16.0,1.0,0%-10%
10456,14671,16.0,1.0,0%-10%
10456,14682,10.0,1.0,0%-10%
10456,14700,12.0,0.0,0%-10%
10456,14754,16.0,1.0,0%-10%
10456,14817,16.0,1.0,0%-10%
10456,14818,16.0,1.0,0%-10%
10456,14833,8.0,-0.0,0%-10%
10456,14860,16.0,1.0,0%-10%
10456,14938,16.0,1.0,0%-10%
10456,14993,16.0,1.0,0%-10%
10456,15066,10.0,1.0,0%-10%
10456,15170,14.0,0.0,0%-10%
10456,15210,14.0,0.0,0%-10%
10456,15288,10.0,1.0,0%-10%
10456,15295,14.0,0.0,0%-10%
10457,129,40.0,3.0,0%-10%
10457,139,14.0,0.0,0%-10%
10457,151,16.0,-0.0,0%-10%
10457,209,14.0,-0.0,0%-10%
10457,248,257.0,22.0,0%-10%
10457,325,8.0,-0.0,0%-10%
10457,529,16.0,-0.0,0%-10%
10457,715,8.0,0.0,0%-10%
10457,844,14.0,0.0,0%-10%
10457,905,16.0,-0.0,0%-10%
10457,1058,16.0,-0.0,0%-10%
10457,1110,16.0,-0.0,0%-10%
10457,1164,6.0,0.0,0%-10%
10457,1387,10.0,-0.0,0%-10%
10457,1416,14.0,-0.0,0%-10%
10457,1431,16.0,-0.0,0%-10%
10457,1450,16.0,-0.0,0%-10%
10457,1511,16.0,-0.0,0%-10%
10457,1513,16.0,-0.0,0%-10%
10457,1637,14.0,-0.0,0%-10%
10457,1656,16.0,-0.0,0%-10%
10457,1682,10.0,-0.0,0%-10%
10457,1804,14.0,0.0,0%-10%
10457,1838,16.0,-0.0,0%-10%
10457,2169,16.0,-0.0,0%-10%
10457,2318,16.0,-0.0,0%-10%
10457,2330,314.0,28.0,0%-10%
10457,2347,14.0,-0.0,0%-10%
10457,2501,14.0,0.0,0%-10%
10457,2601,16.0,-0.0,0%-10%
10457,2626,14.0,-0.0,0%-10%
10457,2654,16.0,-0.0,0%-10%
10457,2668,14.0,0.0,0%-10%
10457,2957,16.0,-0.0,0%-10%
10457,2976,16.0,-0.0,0%-10%
10457,3012,12.0,0.0,0%-10%
10457,3067,16.0,1.0,0%-10%
10457,3140,12.0,0.0,0%-10%
10457,3148,16.0,1.0,0%-10%
10457,3249,16.0,1.0,0%-10%
10457,3324,220.0,20.0,0%-10%
10457,3440,16.0,1.0,0%-10%
10457,3503,12.0,0.0,0%-10%
10457,3529,12.0,0.0,0%-10%
10457,3533,14.0,0.0,0%-10%
10457,3624,16.0,1.0,0%-10%
10457,3663,16.0,1.0,0%-10%
10457,3746,16.0,1.0,0%-10%
10457,3898,80.0,7.0,0%-10%
10457,3919,8.0,-0.0,0%-10%
10457,3985,16.0,1.0,0%-10%
10457,4076,16.0,1.0,0%-10%
10457,4402,8.0,-0.0,0%-10%
10457,4461,120.0,11.0,0%-10%
10457,4463,16.0,1.0,0%-10%
10457,4651,14.0,-0.0,0%-10%
10457,4657,16.0,1.0,0%-10%
10457,4659,12.0,0.0,0%-10%
10457,4700,10.0,1.0,0%-10%
10457,4798,100.0,9.0,0%-10%
10457,4875,14.0,0.0,0%-10%
10457,4928,8.0,-0.0,0%-10%
10457,4945,14.0,0.0,0%-10%
10457,5048,16.0,1.0,0%-10%
10457,5092,16.0,1.0,0%-10%
10457,5110,16.0,1.0,0%-10%
10457,5140,16.0,1.0,0%-10%
10457,5162,14.0,-0.0,0%-10%
10457,5234,12.0,0.0,0%-10%
10457,5245,16.0,1.0,0%-10%
10457,5326,14.0,0.0,0%-10%
10457,5485,16.0,1.0,0%-10%
10457,5534,16.0,1.0,0%-10%
10457,5573,16.0,1.0,0%-10%
10457,5587,8.0,-0.0,0%-10%
10457,5589,16.0,1.0,0%-10%
10457,5655,14.0,0.0,0%-10%
10457,5719,16.0,1.0,0%-10%
10457,5748,12.0,0.0,0%-10%
10457,5822,10.0,1.0,0%-10%
10457,5875,16.0,1.0,0%-10%
10457,5945,16.0,1.0,0%-10%
10457,5976,239.0,21.0,0%-10%
10457,5977,8.0,-0.0,0%-10%
10457,6270,16.0,1.0,0%-10%
10457,6335,30.0,3.0,0%-10%
10457,6437,12.0,0.0,0%-10%
10457,6464,16.0,1.0,0%-10%
10457,6477,12.0,0.0,0%-10%
10457,6479,16.0,1.0,0%-10%
10457,6532,12.0,0.0,0%-10%
10457,6666,8.0,-0.0,0%-10%
10457,6680,14.0,0.0,0%-10%
10457,6740,16.0,1.0,0%-10%
10457,6913,6.0,0.0,0%-10%
10457,6919,16.0,1.0,0%-10%
10457,6989,16.0,1.0,0%-10%
10457,6990,14.0,0.0,0%-10%
10457,7149,12.0,0.0,0%-10%
10457,7168,16.0,1.0,0%-10%
10457,7233,257.0,23.0,0%-10%
10457,7313,16.0,1.0,0%-10%
10457,7343,200.0,18.0,0%-10%
10457,7392,16.0,1.0,0%-10%
10457,7409,16.0,1.0,0%-10%
10457,7442,16.0,1.0,0%-10%
10457,7476,235.0,21.0,0%-10%
10457,7513,16.0,1.0,0%-10%
10457,7530,12.0,0.0,0%-10%
10457,7584,16.0,1.0,0%-10%
10457,7591,12.0,0.0,0%-10%
10457,7628,16.0,1.0,0%-10%
10457,7629,14.0,-0.0,0%-10%
10457,7649,16.0,1.0,0%-10%
10457,7652,7.0,0.0,0%-10%
10457,7686,16.0,1.0,0%-10%
10457,7736,16.0,1.0,0%-10%
10457,7801,14.0,-0.0,0%-10%
10457,7836,12.0,0.0,0%-10%
10457,7844,12.0,0.0,0%-10%
10457,7989,16.0,1.0,0%-10%
10457,8242,206.0,19.0,0%-10%
10457,8367,16.0,1.0,0%-10%
10457,8442,16.0,1.0,0%-10%
10457,8458,16.0,1.0,0%-10%
10457,8504,16.0,1.0,0%-10%
10457,8550,12.0,0.0,0%-10%
10457,8684,16.0,1.0,0%-10%
10457,8739,16.0,1.0,0%-10%
10457,8743,16.0,1.0,0%-10%
10457,8796,16.0,1.0,0%-10%
10457,8899,120.0,11.0,0%-10%
10457,9049,16.0,1.0,0%-10%
10457,9079,180.0,17.0,0%-10%
10457,9085,16.0,1.0,0%-10%
10457,9094,16.0,1.0,0%-10%
10457,9098,16.0,1.0,0%-10%
10457,9120,16.0,1.0,0%-10%
10457,9147,8.0,-0.0,0%-10%
10457,9233,16.0,1.0,0%-10%
10457,9271,8.0,-0.0,0%-10%
10457,9339,16.0,1.0,0%-10%
10457,9370,141.0,13.0,0%-10%
10457,9399,16.0,1.0,0%-10%
10457,9476,17.0,1.0,0%-10%
10457,9643,12.0,0.0,0%-10%
10457,9734,12.0,0.0,0%-10%
10457,9740,12.0,0.0,0%-10%
10457,9954,8.0,-0.0,0%-10%
10457,10144,16.0,1.0,0%-10%
10457,10151,14.0,0.0,0%-10%
10457,10200,8.0,-0.0,0%-10%
10457,10208,16.0,1.0,0%-10%
10457,10221,10.0,1.0,0%-10%
10457,10236,16.0,1.0,0%-10%
10457,10285,10.0,1.0,0%-10%
10457,10339,16.0,1.0,0%-10%
10457,10389,16.0,1.0,0%-10%
10457,10416,8.0,-0.0,0%-10%
10457,10424,399.0,36.0,0%-10%
10457,10444,16.0,1.0,0%-10%
10457,10489,14.0,0.0,0%-10%
10457,10587,8.0,-0.0,0%-10%
10457,10660,16.0,1.0,0%-10%
10457,10892,14.0,-0.0,0%-10%
10457,11008,8.0,-0.0,0%-10%
10457,11018,16.0,1.0,0%-10%
10457,11223,7.0,-0.0,0%-10%
10457,11250,16.0,1.0,0%-10%
10457,11253,16.0,1.0,0%-10%
10457,11293,16.0,1.0,0%-10%
10457,11345,16.0,1.0,0%-10%
10457,11464,8.0,-0.0,0%-10%
10457,11511,12.0,0.0,0%-10%
10457,11528,14.0,0.0,0%-10%
10457,11585,12.0,0.0,0%-10%
10457,11605,16.0,1.0,0%-10%
10457,11609,14.0,0.0,0%-10%
10457,11615,8.0,-0.0,0%-10%
10457,11756,8.0,-0.0,0%-10%
10457,11763,16.0,1.0,0%-10%
10457,11802,16.0,1.0,0%-10%
10457,11820,12.0,0.0,0%-10%
10457,11851,12.0,0.0,0%-10%
10457,11859,16.0,1.0,0%-10%
10457,11864,14.0,-0.0,0%-10%
10457,11905,34.0,2.0,0%-10%
10457,11966,16.0,1.0,0%-10%
10457,12008,8.0,0.0,0%-10%
10457,12086,12.0,0.0,0%-10%
10457,12150,16.0,1.0,0%-10%
10457,12166,16.0,1.0,0%-10%
10457,12212,5.0,0.0,0%-10%
10457,12302,16.0,1.0,0%-10%
10457,12315,10.0,1.0,0%-10%
10457,12379,16.0,1.0,0%-10%
10457,12531,16.0,1.0,0%-10%
10457,12544,16.0,1.0,0%-10%
10457,12728,12.0,0.0,0%-10%
10457,12792,16.0,1.0,0%-10%
10457,12851,8.0,-0.0,0%-10%
10457,12866,8.0,-0.0,0%-10%
10457,12880,16.0,1.0,0%-10%
10457,12926,205.0,19.0,0%-10%
10457,12943,8.0,-0.0,0%-10%
10457,12957,16.0,1.0,0%-10%
10457,12967,16.0,1.0,0%-10%
10457,12996,16.0,1.0,0%-10%
10457,13222,16.0,1.0,0%-10%
10457,13566,16.0,1.0,0%-10%
10457,13608,14.0,0.0,0%-10%
10457,13720,12.0,0.0,0%-10%
10457,13721,16.0,1.0,0%-10%
10457,13844,16.0,1.0,0%-10%
10457,14091,16.0,1.0,0%-10%
10457,14148,16.0,1.0,0%-10%
10457,14156,12.0,0.0,0%-10%
10457,14194,16.0,1.0,0%-10%
10457,14345,12.0,0.0,0%-10%
10457,14413,16.0,1.0,0%-10%
10457,14432,16.0,1.0,0%-10%
10457,14483,16.0,1.0,0%-10%
10457,14523,12.0,0.0,0%-10%
10457,14677,16.0,1.0,0%-10%
10457,14698,12.0,0.0,0%-10%
10457,14777,8.0,-0.0,0%-10%
10457,14781,16.0,1.0,0%-10%
10457,14838,10.0,1.0,0%-10%
10457,14878,10.0,1.0,0%-10%
10457,14918,16.0,1.0,0%-10%
10457,14934,8.0,0.0,0%-10%
10457,14937,16.0,1.0,0%-10%
10457,14960,16.0,1.0,0%-10%
10457,14995,10.0,1.0,0%-10%
10457,15065,16.0,1.0,0%-10%
10457,15179,16.0,1.0,0%-10%
10457,15216,12.0,0.0,0%-10%
10457,15232,16.0,1.0,0%-10%
10457,15299,16.0,1.0,0%-10%
10457,15303,8.0,-0.0,0%-10%
10457,15329,10.0,1.0,0%-10%
10457,15363,16.0,1.0,0%-10%
10457,15402,16.0,1.0,0%-10%
10457,15451,12.0,0.0,0%-10%
10457,15477,16.0,1.0,0%-10%
10457,15510,16.0,1.0,0%-10%
10457,15545,16.0,1.0,0%-10%
10457,15564,16.0,1.0,0%-10%
10457,15567,16.0,1.0,0%-10%
10458,132,14.0,-0.0,0%-10%
10458,259,16.0,-0.0,0%-10%
10458,379,16.0,-0.0,0%-10%
10458,404,8.0,0.0,0%-10%
10458,475,16.0,-0.0,0%-10%
10458,478,16.0,-0.0,0%-10%
10458,483,16.0,-0.0,0%-10%
10458,505,16.0,-0.0,0%-10%
10458,678,16.0,-0.0,0%-10%
10458,881,16.0,-0.0,0%-10%
10458,1013,8.0,-0.0,0%-10%
10458,1136,16.0,-0.0,0%-10%
10458,1201,8.0,-0.0,0%-10%
10458,1208,16.0,-0.0,0%-10%
10458,1248,16.0,1.0,0%-10%
10458,1288,16.0,1.0,0%-10%
10458,1350,16.0,1.0,0%-10%
10458,1550,16.0,1.0,0%-10%
10458,1631,16.0,1.0,0%-10%
10458,1648,12.0,0.0,0%-10%
10458,1673,9.0,-0.0,0%-10%
10458,1706,16.0,1.0,0%-10%
10458,1707,16.0,1.0,0%-10%
10458,1744,16.0,1.0,0%-10%
10458,1746,7.0,0.0,0%-10%
10458,1778,155.0,14.0,0%-10%
10458,1853,14.0,-0.0,0%-10%
10458,1947,16.0,1.0,0%-10%
10458,2014,14.0,-0.0,0%-10%
10458,2075,14.0,0.0,0%-10%
10458,2116,14.0,0.0,0%-10%
10458,2132,14.0,0.0,0%-10%
10458,2175,16.0,1.0,0%-10%
10458,2182,16.0,1.0,0%-10%
10458,2199,14.0,0.0,0%-10%
10458,2310,16.0,1.0,0%-10%
10458,2349,16.0,1.0,0%-10%
10458,2420,16.0,1.0,0%-10%
10458,2591,16.0,1.0,0%-10%
10458,2595,12.0,0.0,0%-10%
10458,2698,16.0,1.0,0%-10%
10458,2761,16.0,1.0,0%-10%
10458,3006,16.0,1.0,0%-10%
10458,3020,16.0,1.0,0%-10%
10458,3053,16.0,1.0,0%-10%
10458,3114,8.0,-0.0,0%-10%
10458,3205,16.0,1.0,0%-10%
10458,3235,16.0,1.0,0%-10%
10458,3256,16.0,1.0,0%-10%
10458,3263,12.0,0.0,0%-10%
10458,3272,16.0,1.0,0%-10%
10458,3381,16.0,1.0,0%-10%
10458,3510,8.0,-0.0,0%-10%
10458,3600,16.0,1.0,0%-10%
10458,3710,12.0,0.0,0%-10%
10458,3957,16.0,1.0,0%-10%
10458,4177,16.0,1.0,0%-10%
10458,4206,8.0,0.0,0%-10%
10458,4218,16.0,1.0,0%-10%
10458,4533,14.0,0.0,0%-10%
10458,4560,250.0,23.0,0%-10%
10458,4781,16.0,1.0,0%-10%
10458,4806,16.0,1.0,0%-10%
10458,4816,16.0,1.0,0%-10%
10458,4932,14.0,-0.0,0%-10%
10458,4946,214.0,19.0,0%-10%
10458,4956,14.0,-0.0,0%-10%
10458,5005,33.0,3.0,0%-10%
10458,5115,16.0,1.0,0%-10%
10458,5197,8.0,-0.0,0%-10%
10458,5239,16.0,1.0,0%-10%
10458,5299,14.0,-0.0,0%-10%
10458,5602,8.0,-0.0,0%-10%
10458,5607,16.0,1.0,0%-10%
10458,5703,8.0,-0.0,0%-10%
10458,5716,14.0,-0.0,0%-10%
10458,5718,16.0,1.0,0%-10%
10458,5757,16.0,1.0,0%-10%
10458,5857,16.0,1.0,0%-10%
10458,5860,16.0,1.0,0%-10%
10458,5861,16.0,1.0,0%-10%
10458,5863,16.0,1.0,0%-10%
10458,5981,16.0,1.0,0%-10%
10458,5982,14.0,0.0,0%-10%
10458,6134,16.0,1.0,0%-10%
10458,6173,16.0,1.0,0%-10%
10458,6232,14.0,-0.0,0%-10%
10458,6367,16.0,1.0,0%-10%
10458,6414,16.0,1.0,0%-10%
10458,6448,10.0,1.0,0%-10%
10458,6556,200.0,18.0,0%-10%
10458,6642,16.0,1.0,0%-10%
10458,6705,14.0,-0.0,0%-10%
10458,6739,16.0,1.0,0%-10%
10458,6804,16.0,1.0,0%-10%
10458,6882,16.0,1.0,0%-10%
10458,7156,12.0,0.0,0%-10%
10458,7341,14.0,0.0,0%-10%
10458,7351,16.0,1.0,0%-10%
10458,7387,6.0,0.0,0%-10%
10458,7498,6.0,0.0,0%-10%
10458,7524,12.0,0.0,0%-10%
10458,7566,8.0,-0.0,0%-10%
10458,7720,16.0,1.0,0%-10%
10458,7832,16.0,1.0,0%-10%
10458,7872,16.0,1.0,0%-10%
10458,7933,16.0,1.0,0%-10%
10458,7950,14.0,-0.0,0%-10%
10458,7970,8.0,-0.0,0%-10%
10458,7983,12.0,0.0,0%-10%
10458,8002,16.0,1.0,0%-10%
10458,8073,16.0,1.0,0%-10%
10458,8089,14.0,-0.0,0%-10%
10458,8142,12.0,0.0,0%-10%
10458,8156,14.0,-0.0,0%-10%
10458,8304,16.0,1.0,0%-10%
10458,8330,12.0,0.0,0%-10%
10458,8404,16.0,1.0,0%-10%
10458,8437,17.0,1.0,0%-10%
10458,8621,16.0,1.0,0%-10%
10458,8701,16.0,1.0,0%-10%
10458,8754,12.0,0.0,0%-10%
10458,8768,14.0,0.0,0%-10%
10458,8779,16.0,1.0,0%-10%
10458,8783,14.0,0.0,0%-10%
10458,8806,16.0,1.0,0%-10%
10458,8808,60.0,6.0,0%-10%
10458,8839,8.0,-0.0,0%-10%
10458,8894,180.0,17.0,0%-10%
10458,8916,16.0,1.0,0%-10%
10458,9059,16.0,1.0,0%-10%
10458,9109,16.0,1.0,0%-10%
10458,9137,16.0,1.0,0%-10%
10458,9185,10.0,1.0,0%-10%
10458,9405,16.0,1.0,0%-10%
10458,9525,38.0,3.0,0%-10%
10458,9596,16.0,1.0,0%-10%
10458,9743,16.0,1.0,0%-10%
10458,9786,16.0,1.0,0%-10%
10458,9795,16.0,1.0,0%-10%
10458,9823,16.0,1.0,0%-10%
10458,9917,16.0,1.0,0%-10%
10458,9934,16.0,1.0,0%-10%
10458,10099,16.0,1.0,0%-10%
10458,10134,16.0,1.0,0%-10%
10458,10139,8.0,-0.0,0%-10%
10458,10374,16.0,1.0,0%-10%
10458,10390,12.0,0.0,0%-10%
10458,10436,16.0,1.0,0%-10%
10458,10488,16.0,1.0,0%-10%
10458,10530,12.0,0.0,0%-10%
10458,10681,16.0,1.0,0%-10%
10458,10688,16.0,1.0,0%-10%
10458,10836,14.0,-0.0,0%-10%
10458,10952,14.0,-0.0,0%-10%
10458,11121,16.0,1.0,0%-10%
10458,11291,16.0,1.0,0%-10%
10458,11324,16.0,1.0,0%-10%
10458,11557,16.0,1.0,0%-10%
10458,11587,16.0,1.0,0%-10%
10458,11611,16.0,1.0,0%-10%
10458,11643,16.0,1.0,0%-10%
10458,11701,16.0,1.0,0%-10%
10458,11781,8.0,-0.0,0%-10%
10458,11798,10.0,1.0,0%-10%
10458,11888,128.0,11.0,0%-10%
10458,11974,12.0,0.0,0%-10%
10458,12071,16.0,1.0,0%-10%
10458,12094,12.0,0.0,0%-10%
10458,12113,12.0,0.0,0%-10%
10458,12167,16.0,1.0,0%-10%
10458,12244,164.0,15.0,0%-10%
10458,12373,16.0,1.0,0%-10%
10458,12377,10.0,1.0,0%-10%
10458,12466,10.0,1.0,0%-10%
10458,12470,16.0,1.0,0%-10%
10458,12647,16.0,1.0,0%-10%
10458,12678,6.0,0.0,0%-10%
10458,12717,16.0,1.0,0%-10%
10458,12780,12.0,0.0,0%-10%
10458,12834,16.0,1.0,0%-10%
10458,12847,14.0,0.0,0%-10%
10458,12855,8.0,0.0,0%-10%
10458,13003,16.0,1.0,0%-10%
10458,13011,16.0,1.0,0%-10%
10458,13024,10.0,1.0,0%-10%
10458,13168,8.0,-0.0,0%-10%
10458,13171,178.0,16.0,0%-10%
10458,13187,16.0,1.0,0%-10%
10458,13206,16.0,1.0,0%-10%
10458,13288,14.0,-0.0,0%-10%
10458,13330,29.0,1.0,0%-10%
10458,13352,12.0,0.0,0%-10%
10458,13404,16.0,1.0,0%-10%
10458,13449,8.0,-0.0,0%-10%
10458,13494,16.0,1.0,0%-10%
10458,13530,16.0,1.0,0%-10%
10458,13547,16.0,1.0,0%-10%
10458,13573,16.0,1.0,0%-10%
10458,13634,12.0,0.0,0%-10%
10458,13834,12.0,0.0,0%-10%
10458,13851,12.0,0.0,0%-10%
10458,13892,14.0,0.0,0%-10%
10458,14051,8.0,-0.0,0%-10%
10458,14058,16.0,1.0,0%-10%
10458,14122,14.0,0.0,0%-10%
10458,14220,16.0,1.0,0%-10%
10458,14241,16.0,1.0,0%-10%
10458,14406,16.0,1.0,0%-10%
10458,14600,16.0,1.0,0%-10%
10458,14621,16.0,1.0,0%-10%
10458,14863,16.0,1.0,0%-10%
10458,14865,12.0,0.0,0%-10%
10458,14955,12.0,0.0,0%-10%
10458,14966,16.0,1.0,0%-10%
10458,15021,8.0,-0.0,0%-10%
10458,15166,10.0,1.0,0%-10%
10458,15227,16.0,1.0,0%-10%
10458,15229,16.0,1.0,0%-10%
10458,15245,16.0,1.0,0%-10%
10458,15293,16.0,1.0,0%-10%
10458,15415,12.0,0.0,0%-10%
10458,15423,14.0,0.0,0%-10%
10458,15537,16.0,1.0,0%-10%
10458,15542,7.0,-0.0,0%-10%
10458,15578,16.0,1.0,0%-10%
10459,257,260.0,23.0,0%-10%
10459,345,16.0,-0.0,0%-10%
10459,386,16.0,-0.0,0%-10%
10459,506,16.0,-0.0,0%-10%
10459,808,74.0,6.0,0%-10%
10459,922,295.0,26.0,0%-10%
10459,946,16.0,-0.0,0%-10%
10459,1032,20.0,1.0,0%-10%
10459,1068,14.0,0.0,0%-10%
10459,1166,16.0,-0.0,0%-10%
10459,1197,9.0,-0.0,0%-10%
10459,1291,14.0,0.0,0%-10%
10459,1516,12.0,0.0,0%-10%
10459,1754,16.0,-0.0,0%-10%
10459,1802,16.0,-0.0,0%-10%
10459,2062,16.0,-0.0,0%-10%
10459,2187,16.0,-0.0,0%-10%
10459,2197,561.0,51.0,0%-10%
10459,2204,16.0,-0.0,0%-10%
10459,2384,16.0,-0.0,0%-10%
10459,2395,90.0,7.0,0%-10%
10459,2466,16.0,-0.0,0%-10%
10459,2586,16.0,-0.0,0%-10%
10459,2628,16.0,-0.0,0%-10%
10459,2631,16.0,-0.0,0%-10%
10459,2889,14.0,-0.0,0%-10%
10459,3349,257.0,22.0,0%-10%
10459,3472,16.0,-0.0,0%-10%
10459,3983,12.0,0.0,0%-10%
10459,4042,25.0,1.0,0%-10%
10459,4270,16.0,-0.0,0%-10%
10459,4370,7.0,0.0,0%-10%
10459,4426,16.0,-0.0,0%-10%
10459,4649,16.0,-0.0,0%-10%
10459,4708,16.0,-0.0,0%-10%
10459,4870,10.0,-0.0,0%-10%
10459,5192,16.0,-0.0,0%-10%
10459,5241,8.0,0.0,0%-10%
10459,5496,16.0,-0.0,0%-10%
10459,5502,16.0,-0.0,0%-10%
10459,5785,16.0,-0.0,0%-10%
10459,5790,8.0,-0.0,0%-10%
10459,6068,14.0,0.0,0%-10%
10459,6114,12.0,0.0,0%-10%
10459,6300,16.0,-0.0,0%-10%
10459,6307,16.0,-0.0,0%-10%
10459,6579,16.0,-0.0,0%-10%
10459,6684,8.0,-0.0,0%-10%
10459,6954,16.0,-0.0,0%-10%
10459,7067,16.0,-0.0,0%-10%
10459,7202,180.0,17.0,0%-10%
10459,7292,14.0,0.0,0%-10%
10459,7357,16.0,1.0,0%-10%
10459,7849,14.0,-0.0,0%-10%
10459,7859,14.0,-0.0,0%-10%
10459,8175,16.0,1.0,0%-10%
10459,8238,14.0,0.0,0%-10%
10459,8414,16.0,1.0,0%-10%
10459,8508,14.0,-0.0,0%-10%
10459,8597,16.0,1.0,0%-10%
10459,8612,8.0,-0.0,0%-10%
10459,8732,16.0,1.0,0%-10%
10459,8922,16.0,1.0,0%-10%
10459,9020,6.0,0.0,0%-10%
10459,9041,10.0,1.0,0%-10%
10459,9181,14.0,0.0,0%-10%
10459,9240,14.0,0.0,0%-10%
10459,9363,16.0,1.0,0%-10%
10459,9670,8.0,-0.0,0%-10%
10459,9761,14.0,0.0,0%-10%
10459,9891,14.0,0.0,0%-10%
10459,9921,14.0,0.0,0%-10%
10459,10050,16.0,1.0,0%-10%
10459,10198,6.0,0.0,0%-10%
10459,10294,16.0,1.0,0%-10%
10459,10383,16.0,1.0,0%-10%
10459,10573,160.0,15.0,0%-10%
10459,10632,16.0,1.0,0%-10%
10459,10672,14.0,0.0,0%-10%
10459,10676,14.0,0.0,0%-10%
10459,10907,12.0,0.0,0%-10%
10459,10920,16.0,1.0,0%-10%
10459,11015,14.0,0.0,0%-10%
10459,11045,8.0,-0.0,0%-10%
10459,11104,10.0,1.0,0%-10%
10459,11347,7.0,-0.0,0%-10%
10459,11438,16.0,1.0,0%-10%
10459,11496,12.0,0.0,0%-10%
10459,11531,8.0,-0.0,0%-10%
10459,11576,16.0,1.0,0%-10%
10459,11693,8.0,0.0,0%-10%
10459,11825,16.0,1.0,0%-10%
10459,11900,16.0,1.0,0%-10%
10459,11922,6.0,0.0,0%-10%
10459,12052,8.0,-0.0,0%-10%
10459,12257,16.0,1.0,0%-10%
10459,12615,12.0,0.0,0%-10%
10459,12734,8.0,0.0,0%-10%
10459,12846,12.0,0.0,0%-10%
10459,12987,16.0,1.0,0%-10%
10459,12997,16.0,1.0,0%-10%
10459,13088,12.0,0.0,0%-10%
10459,13116,240.0,22.0,0%-10%
10459,13138,10.0,1.0,0%-10%
10459,13195,12.0,0.0,0%-10%
10459,13271,16.0,1.0,0%-10%
10459,13286,6.0,0.0,0%-10%
10459,13433,16.0,1.0,0%-10%
10459,13450,10.0,1.0,0%-10%
10459,13649,44.0,4.0,0%-10%
10459,13700,16.0,1.0,0%-10%
10459,13786,12.0,0.0,0%-10%
10459,13848,14.0,0.0,0%-10%
10459,13870,8.0,-0.0,0%-10%
10459,13920,12.0,0.0,0%-10%
10459,14066,16.0,1.0,0%-10%
10459,14097,16.0,1.0,0%-10%
10459,14101,21.0,1.0,0%-10%
10459,14369,16.0,1.0,0%-10%
10459,14486,16.0,1.0,0%-10%
10459,14732,12.0,0.0,0%-10%
10459,14867,16.0,1.0,0%-10%
10459,14891,16.0,1.0,0%-10%
10459,14903,12.0,0.0,0%-10%
10459,14916,10.0,1.0,0%-10%
10459,14975,10.0,1.0,0%-10%
10459,15045,8.0,0.0,0%-10%
10459,15067,12.0,0.0,0%-10%
10459,15204,10.0,1.0,0%-10%
10459,15274,117.0,10.0,0%-10%
10459,15351,57.0,5.0,0%-10%
10459,15378,16.0,1.0,0%-10%
10459,15383,16.0,1.0,0%-10%
10459,15395,14.0,-0.0,0%-10%
10459,15432,16.0,1.0,0%-10%
10460,21,12.0,0.0,0%-10%
10460,45,6.0,0.0,0%-10%
10460,85,10.0,-0.0,0%-10%
10460,181,16.0,-0.0,0%-10%
10460,305,10.0,-0.0,0%-10%
10460,371,16.0,-0.0,0%-10%
10460,401,16.0,-0.0,0%-10%
10460,460,80.0,4.0,0%-10%
10460,554,12.0,0.0,0%-10%
10460,561,180.0,16.0,0%-10%
10460,590,16.0,-0.0,0%-10%
10460,608,6.0,0.0,0%-10%
10460,616,16.0,-0.0,0%-10%
10460,644,16.0,-0.0,0%-10%
10460,720,14.0,0.0,0%-10%
10460,765,16.0,-0.0,0%-10%
10460,971,14.0,0.0,0%-10%
10460,1004,8.0,-0.0,0%-10%
10460,1080,8.0,-0.0,0%-10%
10460,1357,16.0,-0.0,0%-10%
10460,1399,8.0,-0.0,0%-10%
10460,1409,16.0,-0.0,0%-10%
10460,1555,44.0,3.0,0%-10%
10460,1591,16.0,-0.0,0%-10%
10460,1915,16.0,-0.0,0%-10%
10460,1974,16.0,-0.0,0%-10%
10460,1997,16.0,-0.0,0%-10%
10460,2213,14.0,0.0,0%-10%
10460,2590,16.0,-0.0,0%-10%
10460,2922,14.0,0.0,0%-10%
10460,3074,12.0,0.0,0%-10%
10460,3098,16.0,-0.0,0%-10%
10460,3102,8.0,0.0,0%-10%
10460,3119,16.0,-0.0,0%-10%
10460,3174,16.0,-0.0,0%-10%
10460,3364,14.0,0.0,0%-10%
10460,3419,14.0,0.0,0%-10%
10460,3607,16.0,-0.0,0%-10%
10460,3731,14.0,0.0,0%-10%
10460,3743,16.0,-0.0,0%-10%
10460,3781,14.0,0.0,0%-10%
10460,4097,60.0,5.0,0%-10%
10460,4139,7.0,-0.0,0%-10%
10460,4243,14.0,-0.0,0%-10%
10460,4261,60.0,5.0,0%-10%
10460,4262,5.0,0.0,0%-10%
10460,4363,16.0,-0.0,0%-10%
10460,4697,16.0,-0.0,0%-10%
10460,4936,16.0,-0.0,0%-10%
10460,4944,14.0,0.0,0%-10%
10460,4995,12.0,0.0,0%-10%
10460,5031,14.0,0.0,0%-10%
10460,5219,16.0,-0.0,0%-10%
10460,5312,14.0,0.0,0%-10%
10460,5396,16.0,-0.0,0%-10%
10460,5413,8.0,-0.0,0%-10%
10460,5417,500.0,45.0,0%-10%
10460,5603,12.0,0.0,0%-10%
10460,5755,16.0,-0.0,0%-10%
10460,5845,14.0,0.0,0%-10%
10460,5852,26.0,1.0,0%-10%
10460,5884,16.0,-0.0,0%-10%
10460,5950,16.0,-0.0,0%-10%
10460,6011,16.0,-0.0,0%-10%
10460,6019,12.0,0.0,0%-10%
10460,6028,16.0,-0.0,0%-10%
10460,6210,16.0,-0.0,0%-10%
10460,6239,8.0,-0.0,0%-10%
10460,6275,16.0,-0.0,0%-10%
10460,6424,91.0,7.0,0%-10%
10460,6676,16.0,-0.0,0%-10%
10460,6878,12.0,0.0,0%-10%
10460,6970,16.0,-0.0,0%-10%
10460,7036,14.0,0.0,0%-10%
10460,7276,16.0,-0.0,0%-10%
10460,7334,16.0,-0.0,0%-10%
10460,7438,12.0,0.0,0%-10%
10460,7440,12.0,0.0,0%-10%
10460,7474,14.0,0.0,0%-10%
10460,7506,16.0,-0.0,0%-10%
10460,7625,229.0,20.0,0%-10%
10460,7690,7.0,0.0,0%-10%
10460,7743,16.0,-0.0,0%-10%
10460,8151,16.0,-0.0,0%-10%
10460,8200,16.0,-0.0,0%-10%
10460,8213,14.0,0.0,0%-10%
10460,8230,8.0,0.0,0%-10%
10460,8372,16.0,-0.0,0%-10%
10460,8392,12.0,0.0,0%-10%
10460,8399,145.0,12.0,0%-10%
10460,8524,14.0,0.0,0%-10%
10460,8631,16.0,-0.0,0%-10%
10460,8699,16.0,-0.0,0%-10%
10460,8816,16.0,-0.0,0%-10%
10460,8996,8.0,-0.0,0%-10%
10460,9337,150.0,13.0,0%-10%
10460,9620,16.0,-0.0,0%-10%
10460,9639,16.0,-0.0,0%-10%
10460,9665,160.0,14.0,0%-10%
10460,9765,14.0,0.0,0%-10%
10460,9870,14.0,0.0,0%-10%
10460,9885,16.0,-0.0,0%-10%
10460,10142,14.0,0.0,0%-10%
10460,10297,10.0,-0.0,0%-10%
10460,10322,8.0,-0.0,0%-10%
10460,10350,117.0,11.0,0%-10%
10460,10356,8.0,-0.0,0%-10%
10460,10585,16.0,-0.0,0%-10%
10460,10645,180.0,16.0,0%-10%
10460,10960,16.0,-0.0,0%-10%
10460,10982,16.0,-0.0,0%-10%
10460,11058,16.0,-0.0,0%-10%
10460,11220,16.0,-0.0,0%-10%
10460,11227,16.0,-0.0,0%-10%
10460,11448,16.0,-0.0,0%-10%
10460,11450,16.0,-0.0,0%-10%
10460,11525,16.0,-0.0,0%-10%
10460,11612,8.0,-0.0,0%-10%
10460,11908,10.0,-0.0,0%-10%
10460,12064,12.0,0.0,0%-10%
10460,12133,16.0,-0.0,0%-10%
10460,12145,16.0,-0.0,0%-10%
10460,12226,16.0,-0.0,0%-10%
10460,12293,10.0,-0.0,0%-10%
10460,12356,10.0,-0.0,0%-10%
10460,12386,16.0,-0.0,0%-10%
10460,12593,12.0,0.0,0%-10%
10460,12617,10.0,-0.0,0%-10%
10460,12653,12.0,0.0,0%-10%
10460,12814,140.0,12.0,0%-10%
10460,13047,16.0,-0.0,0%-10%
10460,13121,12.0,0.0,0%-10%
10460,13226,250.0,22.0,0%-10%
10460,13253,250.0,22.0,0%-10%
10460,13343,125.0,10.0,0%-10%
10460,13500,16.0,-0.0,0%-10%
10460,13505,16.0,-0.0,0%-10%
10460,13519,16.0,1.0,0%-10%
10460,14002,16.0,1.0,0%-10%
10460,14016,16.0,1.0,0%-10%
10460,14022,14.0,0.0,0%-10%
10460,14025,12.0,0.0,0%-10%
10460,14087,12.0,0.0,0%-10%
10460,14128,16.0,1.0,0%-10%
10460,14140,16.0,1.0,0%-10%
10460,14145,16.0,1.0,0%-10%
10460,14176,16.0,1.0,0%-10%
10460,14277,16.0,1.0,0%-10%
10460,14325,16.0,1.0,0%-10%
10460,14403,12.0,0.0,0%-10%
10460,14442,8.0,0.0,0%-10%
10460,14460,14.0,0.0,0%-10%
10460,14488,16.0,1.0,0%-10%
10460,14496,12.0,0.0,0%-10%
10460,14555,16.0,1.0,0%-10%
10460,14605,10.0,1.0,0%-10%
10460,14640,16.0,1.0,0%-10%
10460,14725,14.0,0.0,0%-10%
10460,14767,16.0,1.0,0%-10%
10460,14801,8.0,-0.0,0%-10%
10460,14947,16.0,1.0,0%-10%
10460,15037,10.0,1.0,0%-10%
10460,15052,8.0,-0.0,0%-10%
10460,15364,14.0,0.0,0%-10%
10460,15449,16.0,1.0,0%-10%
10460,15491,16.0,1.0,0%-10%
10461,776,16.0,-0.0,0%-10%
10461,784,16.0,-0.0,0%-10%
10461,1365,16.0,-0.0,0%-10%
10461,1523,16.0,-0.0,0%-10%
10461,1715,16.0,-0.0,0%-10%
10461,1822,14.0,0.0,0%-10%
10461,2147,8.0,0.0,0%-10%
10461,2396,16.0,-0.0,0%-10%
10461,2499,16.0,-0.0,0%-10%
10461,2763,220.0,18.0,0%-10%
10461,3139,200.0,-0.0,0%-10%
10461,3395,16.0,-0.0,0%-10%
10461,3696,12.0,0.0,0%-10%
10461,4382,240.0,20.0,0%-10%
10461,5058,16.0,-0.0,0%-10%
10461,5296,30.0,1.0,0%-10%
10461,5421,14.0,0.0,0%-10%
10461,5905,16.0,-0.0,0%-10%
10461,6389,14.0,0.0,0%-10%
10461,7760,14.0,0.0,0%-10%
10461,8546,16.0,-0.0,0%-10%
10461,10370,116.0,-0.0,0%-10%
10461,10668,16.0,-0.0,0%-10%
10461,11300,88.0,6.0,0%-10%
10461,11379,16.0,-0.0,0%-10%
10461,12049,14.0,0.0,0%-10%
10461,12062,12.0,0.0,0%-10%
10461,12187,16.0,-0.0,0%-10%
10461,12201,12.0,0.0,0%-10%
10461,12224,14.0,0.0,0%-10%
10461,12227,48.0,2.0,0%-10%
10461,12317,16.0,-0.0,0%-10%
10461,12503,16.0,-0.0,0%-10%
10461,12844,16.0,-0.0,0%-10%
10461,13239,12.0,0.0,0%-10%
10461,13796,16.0,-0.0,0%-10%
10461,14038,16.0,-0.0,0%-10%
10461,14502,16.0,-0.0,0%-10%
10461,14691,12.0,0.0,0%-10%
10461,14757,16.0,-0.0,0%-10%
10461,14889,16.0,-0.0,0%-10%
10461,15235,16.0,-0.0,0%-10%
10462,47,245.0,21.0,0%-10%
10462,86,16.0,-0.0,0%-10%
10462,216,12.0,0.0,0%-10%
10462,235,16.0,-0.0,0%-10%
10462,406,6.0,0.0,0%-10%
10462,758,16.0,-0.0,0%-10%
10462,912,14.0,-0.0,0%-10%
10462,921,88.0,7.0,0%-10%
10462,1327,16.0,-0.0,0%-10%
10462,1592,16.0,-0.0,0%-10%
10462,1705,16.0,-0.0,0%-10%
10462,1920,150.0,13.0,0%-10%
10462,1987,10.0,-0.0,0%-10%
10462,2085,16.0,-0.0,0%-10%
10462,2093,16.0,-0.0,0%-10%
10462,2220,12.0,0.0,0%-10%
10462,2285,16.0,-0.0,0%-10%
10462,2400,7.0,0.0,0%-10%
10462,2443,14.0,0.0,0%-10%
10462,2677,16.0,-0.0,0%-10%
10462,3251,8.0,-0.0,0%-10%
10462,3532,89.0,7.0,0%-10%
10462,3693,16.0,-0.0,0%-10%
10462,4066,16.0,-0.0,0%-10%
10462,4423,120.0,10.0,0%-10%
10462,4435,16.0,-0.0,0%-10%
10462,4490,16.0,-0.0,0%-10%
10462,4676,10.0,-0.0,0%-10%
10462,4722,16.0,-0.0,0%-10%
10462,4822,12.0,0.0,0%-10%
10462,5037,16.0,-0.0,0%-10%
10462,5611,16.0,-0.0,0%-10%
10462,5685,8.0,0.0,0%-10%
10462,5735,12.0,0.0,0%-10%
10462,5771,16.0,-0.0,0%-10%
10462,5788,16.0,-0.0,0%-10%
10462,6037,14.0,-0.0,0%-10%
10462,6072,154.0,13.0,0%-10%
10462,6290,16.0,-0.0,0%-10%
10462,6373,16.0,-0.0,0%-10%
10462,6617,16.0,-0.0,0%-10%
10462,6728,8.0,0.0,0%-10%
10462,6916,16.0,-0.0,0%-10%
10462,6927,16.0,-0.0,0%-10%
10462,7014,16.0,-0.0,0%-10%
10462,7654,16.0,1.0,0%-10%
10462,7888,16.0,1.0,0%-10%
10462,8122,16.0,1.0,0%-10%
10462,8182,16.0,1.0,0%-10%
10462,8228,16.0,1.0,0%-10%
10462,8289,7.0,-0.0,0%-10%
10462,8509,12.0,0.0,0%-10%
10462,8594,161.0,15.0,0%-10%
10462,8686,16.0,1.0,0%-10%
10462,8738,120.0,11.0,0%-10%
10462,8842,16.0,1.0,0%-10%
10462,9269,16.0,1.0,0%-10%
10462,9307,16.0,1.0,0%-10%
10462,9353,105.0,9.0,0%-10%
10462,9388,16.0,1.0,0%-10%
10462,9417,16.0,1.0,0%-10%
10462,9467,116.0,10.0,0%-10%
10462,9741,16.0,1.0,0%-10%
10462,9784,16.0,1.0,0%-10%
10462,9866,222.0,20.0,0%-10%
10462,9892,8.0,-0.0,0%-10%
10462,10066,8.0,-0.0,0%-10%
10462,10764,14.0,0.0,0%-10%
10462,10813,16.0,1.0,0%-10%
10462,10954,16.0,1.0,0%-10%
10462,11066,14.0,-0.0,0%-10%
10462,11219,16.0,1.0,0%-10%
10462,11320,359.0,33.0,0%-10%
10462,11342,16.0,1.0,0%-10%
10462,11667,16.0,1.0,0%-10%
10462,11734,16.0,1.0,0%-10%
10462,12701,12.0,0.0,0%-10%
10462,12730,16.0,1.0,0%-10%
10462,12765,16.0,1.0,0%-10%
10462,12781,16.0,1.0,0%-10%
10462,12895,16.0,1.0,0%-10%
10462,12917,16.0,1.0,0%-10%
10462,13062,16.0,1.0,0%-10%
10462,13129,16.0,1.0,0%-10%
10462,13146,16.0,1.0,0%-10%
10462,13476,16.0,1.0,0%-10%
10462,13676,14.0,0.0,0%-10%
10462,13797,16.0,1.0,0%-10%
10462,13808,16.0,1.0,0%-10%
10462,13823,10.0,1.0,0%-10%
10462,13877,16.0,1.0,0%-10%
10462,13894,16.0,1.0,0%-10%
10462,13990,12.0,0.0,0%-10%
10462,14185,16.0,1.0,0%-10%
10462,14189,10.0,1.0,0%-10%
10462,14336,16.0,1.0,0%-10%
10462,14386,16.0,1.0,0%-10%
10462,14477,8.0,-0.0,0%-10%
10462,14530,16.0,1.0,0%-10%
10462,14556,16.0,1.0,0%-10%
10462,14592,16.0,1.0,0%-10%
10462,14620,16.0,1.0,0%-10%
10462,14719,16.0,1.0,0%-10%
10462,14859,16.0,1.0,0%-10%
10462,14931,16.0,1.0,0%-10%
10462,14944,16.0,1.0,0%-10%
10462,15164,16.0,1.0,0%-10%
10462,15212,16.0,1.0,0%-10%
10462,15385,16.0,1.0,0%-10%
10462,15457,16.0,1.0,0%-10%
10462,15502,16.0,1.0,0%-10%
10462,15573,12.0,0.0,0%-10%
10462,15574,16.0,1.0,0%-10%
10462,15590,8.0,0.0,0%-10%
10462,15599,16.0,1.0,0%-10%
10463,108,16.0,-0.0,0%-10%
10463,225,8.0,0.0,0%-10%
10463,268,16.0,-0.0,0%-10%
10463,566,250.0,22.0,0%-10%
10463,615,12.0,0.0,0%-10%
10463,632,16.0,-0.0,0%-10%
10463,651,16.0,-0.0,0%-10%
10463,748,8.0,0.0,0%-10%
10463,1034,16.0,-0.0,0%-10%
10463,1095,12.0,0.0,0%-10%
10463,1310,16.0,-0.0,0%-10%
10463,1319,12.0,0.0,0%-10%
10463,1603,14.0,0.0,0%-10%
10463,1742,14.0,0.0,0%-10%
10463,1833,16.0,-0.0,0%-10%
10463,1942,16.0,-0.0,0%-10%
10463,2069,16.0,-0.0,0%-10%
10463,2135,360.0,32.0,0%-10%
10463,2291,14.0,0.0,0%-10%
10463,2346,8.0,0.0,0%-10%
10463,2485,160.0,14.0,0%-10%
10463,2879,12.0,0.0,0%-10%
10463,3009,200.0,17.0,0%-10%
10463,3034,16.0,-0.0,0%-10%
10463,3150,14.0,0.0,0%-10%
10463,3206,16.0,-0.0,0%-10%
10463,3376,16.0,-0.0,0%-10%
10463,3643,14.0,0.0,0%-10%
10463,3864,16.0,-0.0,0%-10%
10463,3974,16.0,-0.0,0%-10%
10463,4104,16.0,-0.0,0%-10%
10463,4127,16.0,-0.0,0%-10%
10463,4424,10.0,-0.0,0%-10%
10463,4429,16.0,-0.0,0%-10%
10463,4512,10.0,-0.0,0%-10%
10463,4552,16.0,-0.0,0%-10%
10463,4594,8.0,-0.0,0%-10%
10463,4625,14.0,0.0,0%-10%
10463,4866,14.0,0.0,0%-10%
10463,4947,16.0,-0.0,0%-10%
10463,5035,16.0,-0.0,0%-10%
10463,5086,115.0,9.0,0%-10%
10463,5088,12.0,0.0,0%-10%
10463,5099,14.0,0.0,0%-10%
10463,5181,16.0,-0.0,0%-10%
10463,5252,88.0,7.0,0%-10%
10463,5300,16.0,-0.0,0%-10%
10463,5410,16.0,-0.0,0%-10%
10463,5445,16.0,-0.0,0%-10%
10463,5498,12.0,0.0,0%-10%
10463,5766,147.0,12.0,0%-10%
10463,5798,12.0,0.0,0%-10%
10463,5847,12.0,0.0,0%-10%
10463,6131,6.0,0.0,0%-10%
10463,6238,12.0,0.0,0%-10%
10463,6443,16.0,-0.0,0%-10%
10463,6459,16.0,-0.0,0%-10%
10463,7854,16.0,-0.0,0%-10%
10463,7898,8.0,0.0,0%-10%
10463,8085,12.0,0.0,0%-10%
10463,8163,300.0,27.0,0%-10%
10463,8215,16.0,-0.0,0%-10%
10463,8259,415.0,37.0,0%-10%
10463,8303,10.0,-0.0,0%-10%
10463,8619,16.0,-0.0,0%-10%
10463,8824,16.0,-0.0,0%-10%
10463,8895,12.0,0.0,0%-10%
10463,9029,95.0,8.0,0%-10%
10463,9159,144.0,12.0,0%-10%
10463,9208,11.0,0.0,0%-10%
10463,9386,16.0,-0.0,0%-10%
10463,9469,16.0,1.0,0%-10%
10463,9546,60.0,6.0,0%-10%
10463,9590,16.0,1.0,0%-10%
10463,9594,16.0,1.0,0%-10%
10463,9631,12.0,0.0,0%-10%
10463,9763,16.0,1.0,0%-10%
10463,9898,14.0,0.0,0%-10%
10463,9967,16.0,1.0,0%-10%
10463,10059,14.0,0.0,0%-10%
10463,10291,14.0,0.0,0%-10%
10463,10634,16.0,1.0,0%-10%
10463,11097,14.0,0.0,0%-10%
10463,11109,14.0,0.0,0%-10%
10463,11411,16.0,1.0,0%-10%
10463,11640,16.0,1.0,0%-10%
10463,11927,14.0,0.0,0%-10%
10463,12161,16.0,1.0,0%-10%
10463,12248,12.0,0.0,0%-10%
10463,12383,152.0,14.0,0%-10%
10463,12450,12.0,0.0,0%-10%
10463,12545,12.0,0.0,0%-10%
10463,12585,215.0,20.0,0%-10%
10463,12606,12.0,0.0,0%-10%
10463,12624,16.0,1.0,0%-10%
10463,12743,105.0,9.0,0%-10%
10463,12960,10.0,1.0,0%-10%
10463,13097,12.0,0.0,0%-10%
10463,13107,16.0,1.0,0%-10%
10463,13170,12.0,0.0,0%-10%
10463,13280,16.0,1.0,0%-10%
10463,13284,12.0,0.0,0%-10%
10463,13355,16.0,1.0,0%-10%
10463,13682,14.0,0.0,0%-10%
10463,13778,12.0,0.0,0%-10%
10463,13869,14.0,0.0,0%-10%
10463,13889,14.0,0.0,0%-10%
10463,13938,16.0,1.0,0%-10%
10463,14089,12.0,0.0,0%-10%
10463,14257,16.0,1.0,0%-10%
10463,14292,16.0,1.0,0%-10%
10463,14317,14.0,0.0,0%-10%
10463,14339,16.0,1.0,0%-10%
10463,14350,16.0,1.0,0%-10%
10463,14673,10.0,1.0,0%-10%
10463,14949,16.0,1.0,0%-10%
10463,15155,16.0,1.0,0%-10%
10463,15440,16.0,1.0,0%-10%
10464,66,40.0,0.0,0%-10%
10464,6312,12.0,0.0,0%-10%
10464,10825,62.0,-0.0,0%-10%
10465,10,12.0,0.0,0%-10%
10465,172,200.0,20.0,0%-10%
10465,321,16.0,-0.0,0%-10%
10465,372,16.0,-0.0,0%-10%
10465,549,16.0,-0.0,0%-10%
10465,550,80.0,3.0,0%-10%
10465,662,16.0,-0.0,0%-10%
10465,963,16.0,-0.0,0%-10%
10465,1262,95.0,8.0,0%-10%
10465,1326,16.0,-0.0,0%-10%
10465,1475,16.0,-0.0,0%-10%
10465,1921,240.0,21.0,0%-10%
10465,1933,16.0,1.0,0%-10%
10465,2056,16.0,1.0,0%-10%
10465,2655,16.0,1.0,0%-10%
10465,2659,16.0,1.0,0%-10%
10465,3338,16.0,1.0,0%-10%
10465,3900,247.0,22.0,0%-10%
10465,4598,16.0,1.0,0%-10%
10465,6123,80.0,7.0,0%-10%
10465,6166,16.0,1.0,0%-10%
10465,6192,16.0,1.0,0%-10%
10465,6502,16.0,1.0,0%-10%
10465,6696,14.0,0.0,0%-10%
10465,7894,16.0,1.0,0%-10%
10465,8625,16.0,1.0,0%-10%
10465,9056,16.0,1.0,0%-10%
10465,9121,16.0,1.0,0%-10%
10465,9359,16.0,1.0,0%-10%
10465,9579,12.0,0.0,0%-10%
10465,9878,16.0,1.0,0%-10%
10465,10376,16.0,1.0,0%-10%
10465,10664,120.0,11.0,0%-10%
10465,11022,16.0,1.0,0%-10%
10465,11135,16.0,1.0,0%-10%
10465,11490,16.0,1.0,0%-10%
10465,12005,16.0,1.0,0%-10%
10465,12053,16.0,1.0,0%-10%
10465,12143,16.0,1.0,0%-10%
10465,12178,16.0,1.0,0%-10%
10465,12185,8.0,-0.0,0%-10%
10465,12207,16.0,1.0,0%-10%
10465,12242,16.0,1.0,0%-10%
10465,12261,16.0,1.0,0%-10%
10465,12300,16.0,1.0,0%-10%
10465,12342,16.0,1.0,0%-10%
10465,12656,8.0,0.0,0%-10%
10465,12714,14.0,0.0,0%-10%
10465,12822,16.0,1.0,0%-10%
10465,12941,16.0,1.0,0%-10%
10465,13037,12.0,0.0,0%-10%
10465,13164,16.0,1.0,0%-10%
10465,14085,16.0,1.0,0%-10%
10465,14144,10.0,1.0,0%-10%
10465,14192,16.0,1.0,0%-10%
10465,14197,16.0,1.0,0%-10%
10465,14253,12.0,0.0,0%-10%
10465,14533,16.0,1.0,0%-10%
10465,14927,12.0,0.0,0%-10%
10465,15055,12.0,0.0,0%-10%
10465,15283,12.0,0.0,0%-10%
10465,15437,16.0,1.0,0%-10%
10466,168,16.0,-0.0,0%-10%
10466,304,8.0,-0.0,0%-10%
10466,528,16.0,-0.0,0%-10%
10466,555,16.0,-0.0,0%-10%
10466,574,16.0,-0.0,0%-10%
10466,772,16.0,-0.0,0%-10%
10466,859,14.0,0.0,0%-10%
10466,970,16.0,-0.0,0%-10%
10466,1117,16.0,-0.0,0%-10%
10466,1358,16.0,-0.0,0%-10%
10466,1388,16.0,-0.0,0%-10%
10466,1401,16.0,-0.0,0%-10%
10466,1520,14.0,0.0,0%-10%
10466,1677,168.0,14.0,0%-10%
10466,1694,16.0,-0.0,0%-10%
10466,2166,14.0,0.0,0%-10%
10466,2212,8.0,-0.0,0%-10%
10466,2261,16.0,-0.0,0%-10%
10466,2274,16.0,-0.0,0%-10%
10466,2335,16.0,-0.0,0%-10%
10466,2462,14.0,0.0,0%-10%
10466,2565,16.0,-0.0,0%-10%
10466,2620,16.0,-0.0,0%-10%
10466,3224,14.0,0.0,0%-10%
10466,3392,12.0,0.0,0%-10%
10466,3406,16.0,-0.0,0%-10%
10466,3453,16.0,-0.0,0%-10%
10466,3459,16.0,-0.0,0%-10%
10466,3482,16.0,-0.0,0%-10%
10466,3745,12.0,0.0,0%-10%
10466,3758,16.0,-0.0,0%-10%
10466,3761,16.0,-0.0,0%-10%
10466,3785,16.0,-0.0,0%-10%
10466,3872,260.0,23.0,0%-10%
10466,3926,12.0,0.0,0%-10%
10466,4083,7.0,-0.0,0%-10%
10466,4258,16.0,-0.0,0%-10%
10466,4938,16.0,-0.0,0%-10%
10466,4939,16.0,-0.0,0%-10%
10466,4965,16.0,-0.0,0%-10%
10466,4966,16.0,-0.0,0%-10%
10466,5103,100.0,8.0,0%-10%
10466,5558,16.0,-0.0,0%-10%
10466,5575,16.0,-0.0,0%-10%
10466,5705,16.0,-0.0,0%-10%
10466,5787,20.0,1.0,0%-10%
10466,5988,14.0,0.0,0%-10%
10466,6141,16.0,-0.0,0%-10%
10466,6145,16.0,-0.0,0%-10%
10466,6456,126.0,10.0,0%-10%
10466,6594,200.0,11.0,0%-10%
10466,6872,16.0,-0.0,0%-10%
10466,7052,12.0,0.0,0%-10%
10466,7402,16.0,-0.0,0%-10%
10466,7420,16.0,-0.0,0%-10%
10466,7579,16.0,-0.0,0%-10%
10466,7789,16.0,-0.0,0%-10%
10466,7812,10.0,-0.0,0%-10%
10466,7865,16.0,-0.0,0%-10%
10466,7868,16.0,-0.0,0%-10%
10466,8059,16.0,-0.0,0%-10%
10466,8219,16.0,-0.0,0%-10%
10466,8321,16.0,-0.0,0%-10%
10466,8346,16.0,-0.0,0%-10%
10466,8526,200.0,20.0,0%-10%
10466,8582,14.0,0.0,0%-10%
10466,8613,14.0,0.0,0%-10%
10466,8749,8.0,-0.0,0%-10%
10466,8872,12.0,0.0,0%-10%
10466,8925,16.0,-0.0,0%-10%
10466,9161,16.0,-0.0,0%-10%
10466,9189,8.0,0.0,0%-10%
10466,9267,16.0,-0.0,0%-10%
10466,9485,16.0,-0.0,0%-10%
10466,9635,16.0,-0.0,0%-10%
10466,9653,16.0,-0.0,0%-10%
10466,9659,12.0,0.0,0%-10%
10466,9711,16.0,-0.0,0%-10%
10466,9796,16.0,-0.0,0%-10%
10466,9822,16.0,-0.0,0%-10%
10466,10075,8.0,-0.0,0%-10%
10466,10113,16.0,-0.0,0%-10%
10466,10265,16.0,-0.0,0%-10%
10466,10287,16.0,-0.0,0%-10%
10466,10558,16.0,-0.0,0%-10%
10466,10691,16.0,-0.0,0%-10%
10466,10762,14.0,0.0,0%-10%
10466,10775,16.0,-0.0,0%-10%
10466,10821,16.0,-0.0,0%-10%
10466,10926,16.0,-0.0,0%-10%
10466,11046,16.0,-0.0,0%-10%
10466,11194,189.0,16.0,0%-10%
10466,11439,16.0,-0.0,0%-10%
10466,11744,16.0,-0.0,0%-10%
10466,11827,16.0,-0.0,0%-10%
10466,11893,214.0,21.0,0%-10%
10466,12152,8.0,0.0,0%-10%
10466,12230,16.0,-0.0,0%-10%
10466,12254,16.0,-0.0,0%-10%
10466,12297,16.0,-0.0,0%-10%
10466,12430,16.0,-0.0,0%-10%
10466,12523,16.0,-0.0,0%-10%
10466,12805,8.0,-0.0,0%-10%
10466,12813,16.0,-0.0,0%-10%
10466,12831,16.0,-0.0,0%-10%
10466,12949,8.0,-0.0,0%-10%
10466,12975,8.0,-0.0,0%-10%
10466,13031,16.0,-0.0,0%-10%
10466,13059,12.0,0.0,0%-10%
10466,13103,12.0,0.0,0%-10%
10466,13148,16.0,-0.0,0%-10%
10466,13165,14.0,0.0,0%-10%
10466,13235,16.0,-0.0,0%-10%
10466,13380,16.0,-0.0,0%-10%
10466,13462,8.0,-0.0,0%-10%
10466,13621,16.0,-0.0,0%-10%
10466,13714,12.0,0.0,0%-10%
10466,13826,12.0,0.0,0%-10%
10466,13912,16.0,1.0,0%-10%
10466,13966,12.0,0.0,0%-10%
10466,14152,16.0,1.0,0%-10%
10466,14540,14.0,0.0,0%-10%
10466,14585,10.0,1.0,0%-10%
10466,14854,14.0,0.0,0%-10%
10466,14873,12.0,0.0,0%-10%
10466,15460,16.0,1.0,0%-10%
10466,15550,16.0,1.0,0%-10%
10467,60,16.0,-0.0,0%-10%
10467,301,16.0,-0.0,0%-10%
10467,335,8.0,-0.0,0%-10%
10467,367,16.0,-0.0,0%-10%
10467,661,14.0,-0.0,0%-10%
10467,757,16.0,-0.0,0%-10%
10467,832,16.0,-0.0,0%-10%
10467,956,16.0,-0.0,0%-10%
10467,966,16.0,-0.0,0%-10%
10467,1126,55.0,4.0,0%-10%
10467,1128,16.0,-0.0,0%-10%
10467,1177,14.0,-0.0,0%-10%
10467,1200,16.0,-0.0,0%-10%
10467,1383,12.0,0.0,0%-10%
10467,1507,8.0,-0.0,0%-10%
10467,1580,16.0,-0.0,0%-10%
10467,1693,294.0,26.0,0%-10%
10467,1767,16.0,-0.0,0%-10%
10467,1877,14.0,-0.0,0%-10%
10467,1902,16.0,-0.0,0%-10%
10467,1904,140.0,12.0,0%-10%
10467,1989,14.0,0.0,0%-10%
10467,2039,14.0,-0.0,0%-10%
10467,2115,12.0,0.0,0%-10%
10467,2162,8.0,-0.0,0%-10%
10467,2191,16.0,1.0,0%-10%
10467,2234,16.0,1.0,0%-10%
10467,2281,8.0,-0.0,0%-10%
10467,2397,16.0,1.0,0%-10%
10467,2435,14.0,-0.0,0%-10%
10467,2513,16.0,1.0,0%-10%
10467,2666,8.0,-0.0,0%-10%
10467,2682,16.0,1.0,0%-10%
10467,2777,8.0,-0.0,0%-10%
10467,2786,40.0,4.0,0%-10%
10467,2860,16.0,1.0,0%-10%
10467,2916,10.0,1.0,0%-10%
10467,2969,16.0,1.0,0%-10%
10467,2994,16.0,1.0,0%-10%
10467,3061,10.0,1.0,0%-10%
10467,3093,8.0,-0.0,0%-10%
10467,3240,16.0,1.0,0%-10%
10467,3248,16.0,1.0,0%-10%
10467,3258,16.0,1.0,0%-10%
10467,3293,16.0,1.0,0%-10%
10467,3370,14.0,0.0,0%-10%
10467,3374,16.0,1.0,0%-10%
10467,3412,14.0,-0.0,0%-10%
10467,3443,16.0,1.0,0%-10%
10467,3852,14.0,-0.0,0%-10%
10467,3891,14.0,0.0,0%-10%
10467,3931,60.0,6.0,0%-10%
10467,3981,16.0,1.0,0%-10%
10467,3986,16.0,1.0,0%-10%
10467,4249,214.0,19.0,0%-10%
10467,4269,16.0,1.0,0%-10%
10467,4387,16.0,1.0,0%-10%
10467,4437,16.0,1.0,0%-10%
10467,4513,16.0,1.0,0%-10%
10467,4529,14.0,0.0,0%-10%
10467,4665,16.0,1.0,0%-10%
10467,4738,16.0,1.0,0%-10%
10467,4743,12.0,0.0,0%-10%
10467,4841,16.0,1.0,0%-10%
10467,4901,14.0,-0.0,0%-10%
10467,4909,16.0,1.0,0%-10%
10467,4958,16.0,1.0,0%-10%
10467,5174,16.0,1.0,0%-10%
10467,5205,16.0,1.0,0%-10%
10467,5216,16.0,1.0,0%-10%
10467,5447,16.0,1.0,0%-10%
10467,5804,16.0,1.0,0%-10%
10467,5825,14.0,0.0,0%-10%
10467,5895,16.0,1.0,0%-10%
10467,5923,16.0,1.0,0%-10%
10467,5959,8.0,-0.0,0%-10%
10467,6056,16.0,1.0,0%-10%
10467,6348,16.0,1.0,0%-10%
10467,6575,16.0,1.0,0%-10%
10467,6779,7.0,-0.0,0%-10%
10467,6810,16.0,1.0,0%-10%
10467,6997,16.0,1.0,0%-10%
10467,7123,16.0,1.0,0%-10%
10467,7391,124.0,11.0,0%-10%
10467,7421,16.0,1.0,0%-10%
10467,7469,14.0,-0.0,0%-10%
10467,7523,16.0,1.0,0%-10%
10467,7588,16.0,1.0,0%-10%
10467,7666,8.0,-0.0,0%-10%
10467,7673,12.0,0.0,0%-10%
10467,7694,16.0,1.0,0%-10%
10467,7918,282.0,26.0,0%-10%
10467,7982,16.0,1.0,0%-10%
10467,8011,14.0,0.0,0%-10%
10467,8071,16.0,1.0,0%-10%
10467,8072,144.0,13.0,0%-10%
10467,8081,16.0,1.0,0%-10%
10467,8245,16.0,1.0,0%-10%
10467,8285,16.0,1.0,0%-10%
10467,8506,16.0,1.0,0%-10%
10467,8565,16.0,1.0,0%-10%
10467,8662,16.0,1.0,0%-10%
10467,8665,14.0,-0.0,0%-10%
10467,8710,16.0,1.0,0%-10%
10467,8742,16.0,1.0,0%-10%
10467,8867,16.0,1.0,0%-10%
10467,8896,16.0,1.0,0%-10%
10467,9152,16.0,1.0,0%-10%
10467,9293,16.0,1.0,0%-10%
10467,9333,352.0,32.0,0%-10%
10467,9430,14.0,-0.0,0%-10%
10467,9460,16.0,1.0,0%-10%
10467,9484,240.0,22.0,0%-10%
10467,9597,218.0,20.0,0%-10%
10467,9708,226.0,20.0,0%-10%
10467,9794,240.0,22.0,0%-10%
10467,9867,16.0,1.0,0%-10%
10467,9889,16.0,1.0,0%-10%
10467,9909,36.0,3.0,0%-10%
10467,9932,14.0,0.0,0%-10%
10467,10051,16.0,1.0,0%-10%
10467,10201,16.0,1.0,0%-10%
10467,10259,325.0,30.0,0%-10%
10467,10301,12.0,0.0,0%-10%
10467,10346,135.0,12.0,0%-10%
10467,10655,14.0,-0.0,0%-10%
10467,10706,16.0,1.0,0%-10%
10467,10946,16.0,1.0,0%-10%
10467,11126,8.0,-0.0,0%-10%
10467,11130,16.0,1.0,0%-10%
10467,11160,16.0,1.0,0%-10%
10467,11232,16.0,1.0,0%-10%
10467,11243,14.0,-0.0,0%-10%
10467,11252,16.0,1.0,0%-10%
10467,11435,16.0,1.0,0%-10%
10467,11454,8.0,-0.0,0%-10%
10467,11461,16.0,1.0,0%-10%
10467,11524,10.0,1.0,0%-10%
10467,11723,16.0,1.0,0%-10%
10467,11980,16.0,1.0,0%-10%
10467,12024,14.0,0.0,0%-10%
10467,12059,16.0,1.0,0%-10%
10467,12109,16.0,1.0,0%-10%
10467,12118,16.0,1.0,0%-10%
10467,12193,8.0,-0.0,0%-10%
10467,12215,16.0,1.0,0%-10%
10467,12217,12.0,0.0,0%-10%
10467,12262,16.0,1.0,0%-10%
10467,12268,16.0,1.0,0%-10%
10467,12387,16.0,1.0,0%-10%
10467,12394,12.0,0.0,0%-10%
10467,12409,16.0,1.0,0%-10%
10467,12428,12.0,0.0,0%-10%
10467,12550,8.0,-0.0,0%-10%
10467,12623,16.0,1.0,0%-10%
10467,12635,16.0,1.0,0%-10%
10467,12636,14.0,0.0,0%-10%
10467,12648,16.0,1.0,0%-10%
10467,12652,16.0,1.0,0%-10%
10467,12657,16.0,1.0,0%-10%
10467,12708,8.0,-0.0,0%-10%
10467,12891,16.0,1.0,0%-10%
10467,12993,16.0,1.0,0%-10%
10467,13019,12.0,0.0,0%-10%
10467,13051,12.0,0.0,0%-10%
10467,13092,16.0,1.0,0%-10%
10467,13131,16.0,1.0,0%-10%
10467,13166,16.0,1.0,0%-10%
10467,13191,16.0,1.0,0%-10%
10467,13244,14.0,0.0,0%-10%
10467,13259,16.0,1.0,0%-10%
10467,13458,16.0,1.0,0%-10%
10467,13485,16.0,1.0,0%-10%
10467,13527,16.0,1.0,0%-10%
10467,13563,16.0,1.0,0%-10%
10467,13567,16.0,1.0,0%-10%
10467,13583,8.0,-0.0,0%-10%
10467,13667,16.0,1.0,0%-10%
10467,13732,16.0,1.0,0%-10%
10467,13749,16.0,1.0,0%-10%
10467,13862,16.0,1.0,0%-10%
10467,13876,16.0,1.0,0%-10%
10467,13906,16.0,1.0,0%-10%
10467,14213,16.0,1.0,0%-10%
10467,14230,14.0,-0.0,0%-10%
10467,14237,16.0,1.0,0%-10%
10467,14251,16.0,1.0,0%-10%
10467,14286,16.0,1.0,0%-10%
10467,14331,16.0,1.0,0%-10%
10467,14338,16.0,1.0,0%-10%
10467,14414,16.0,1.0,0%-10%
10467,14424,16.0,1.0,0%-10%
10467,14441,14.0,0.0,0%-10%
10467,14500,220.0,20.0,0%-10%
10467,14513,16.0,1.0,0%-10%
10467,14549,16.0,1.0,0%-10%
10467,14614,14.0,0.0,0%-10%
10467,14619,12.0,0.0,0%-10%
10467,14632,14.0,0.0,0%-10%
10467,14644,8.0,0.0,0%-10%
10467,14661,14.0,-0.0,0%-10%
10467,14680,16.0,1.0,0%-10%
10467,14736,12.0,0.0,0%-10%
10467,14780,16.0,1.0,0%-10%
10467,14809,16.0,1.0,0%-10%
10467,14841,16.0,1.0,0%-10%
10467,14895,16.0,1.0,0%-10%
10467,15016,16.0,1.0,0%-10%
10467,15250,16.0,1.0,0%-10%
10467,15503,16.0,1.0,0%-10%
10467,15535,16.0,1.0,0%-10%
10467,15552,16.0,1.0,0%-10%
10467,15576,16.0,1.0,0%-10%
10467,15584,14.0,0.0,0%-10%
10468,149,16.0,-0.0,0%-10%
10468,308,6.0,0.0,0%-10%
10468,341,12.0,0.0,0%-10%
10468,420,16.0,1.0,0%-10%
10468,465,16.0,1.0,0%-10%
10468,500,8.0,-0.0,0%-10%
10468,562,8.0,-0.0,0%-10%
10468,626,16.0,1.0,0%-10%
10468,663,16.0,1.0,0%-10%
10468,809,12.0,0.0,0%-10%
10468,828,16.0,1.0,0%-10%
10468,869,213.0,19.0,0%-10%
10468,1044,16.0,1.0,0%-10%
10468,1046,16.0,1.0,0%-10%
10468,1052,16.0,1.0,0%-10%
10468,1114,16.0,1.0,0%-10%
10468,1205,16.0,1.0,0%-10%
10468,1209,14.0,-0.0,0%-10%
10468,1233,14.0,0.0,0%-10%
10468,1250,8.0,-0.0,0%-10%
10468,1289,16.0,1.0,0%-10%
10468,1292,16.0,1.0,0%-10%
10468,1415,16.0,1.0,0%-10%
10468,1442,14.0,-0.0,0%-10%
10468,1518,16.0,1.0,0%-10%
10468,1528,16.0,1.0,0%-10%
10468,1542,14.0,0.0,0%-10%
10468,1661,16.0,1.0,0%-10%
10468,1686,240.0,22.0,0%-10%
10468,1792,8.0,-0.0,0%-10%
10468,1835,16.0,1.0,0%-10%
10468,1957,10.0,1.0,0%-10%
10468,1972,14.0,0.0,0%-10%
10468,1976,16.0,1.0,0%-10%
10468,2067,16.0,1.0,0%-10%
10468,2113,14.0,0.0,0%-10%
10468,2186,16.0,1.0,0%-10%
10468,2205,16.0,1.0,0%-10%
10468,2294,14.0,-0.0,0%-10%
10468,2312,16.0,1.0,0%-10%
10468,2404,16.0,1.0,0%-10%
10468,2419,16.0,1.0,0%-10%
10468,2468,16.0,1.0,0%-10%
10468,2537,16.0,1.0,0%-10%
10468,2559,16.0,1.0,0%-10%
10468,2596,20.0,2.0,0%-10%
10468,2602,16.0,1.0,0%-10%
10468,2606,12.0,0.0,0%-10%
10468,2651,16.0,1.0,0%-10%
10468,2826,16.0,1.0,0%-10%
10468,2847,16.0,1.0,0%-10%
10468,2982,16.0,1.0,0%-10%
10468,2991,8.0,0.0,0%-10%
10468,3023,97.0,9.0,0%-10%
10468,3123,155.0,14.0,0%-10%
10468,3164,16.0,1.0,0%-10%
10468,3189,16.0,1.0,0%-10%
10468,3400,16.0,1.0,0%-10%
10468,3513,14.0,0.0,0%-10%
10468,3604,16.0,1.0,0%-10%
10468,3628,16.0,1.0,0%-10%
10468,3878,16.0,1.0,0%-10%
10468,3942,8.0,-0.0,0%-10%
10468,4000,16.0,1.0,0%-10%
10468,4192,12.0,0.0,0%-10%
10468,4256,14.0,-0.0,0%-10%
10468,4272,11.0,0.0,0%-10%
10468,4406,14.0,-0.0,0%-10%
10468,4443,14.0,-0.0,0%-10%
10468,4453,16.0,1.0,0%-10%
10468,4478,16.0,1.0,0%-10%
10468,4543,8.0,-0.0,0%-10%
10468,4641,16.0,1.0,0%-10%
10468,4715,16.0,1.0,0%-10%
10468,4718,10.0,1.0,0%-10%
10468,4768,16.0,1.0,0%-10%
10468,4801,16.0,1.0,0%-10%
10468,4864,8.0,-0.0,0%-10%
10468,4868,12.0,0.0,0%-10%
10468,4992,16.0,1.0,0%-10%
10468,5065,16.0,1.0,0%-10%
10468,5172,16.0,1.0,0%-10%
10468,5178,16.0,1.0,0%-10%
10468,5179,8.0,0.0,0%-10%
10468,5180,14.0,0.0,0%-10%
10468,5215,7.0,-0.0,0%-10%
10468,5272,12.0,0.0,0%-10%
10468,5310,6.0,0.0,0%-10%
10468,5315,16.0,1.0,0%-10%
10468,5441,16.0,1.0,0%-10%
10468,5491,16.0,1.0,0%-10%
10468,5728,16.0,1.0,0%-10%
10468,5821,16.0,1.0,0%-10%
10468,5980,16.0,1.0,0%-10%
10468,6061,16.0,1.0,0%-10%
10468,6137,12.0,0.0,0%-10%
10468,6189,16.0,1.0,0%-10%
10468,6198,16.0,1.0,0%-10%
10468,6352,14.0,-0.0,0%-10%
10468,6483,16.0,1.0,0%-10%
10468,6503,14.0,0.0,0%-10%
10468,6507,14.0,0.0,0%-10%
10468,6551,177.0,16.0,0%-10%
10468,6656,12.0,0.0,0%-10%
10468,6826,16.0,1.0,0%-10%
10468,6883,16.0,1.0,0%-10%
10468,6894,16.0,1.0,0%-10%
10468,6965,12.0,0.0,0%-10%
10468,7021,16.0,1.0,0%-10%
10468,7033,16.0,1.0,0%-10%
10468,7110,16.0,1.0,0%-10%
10468,7249,14.0,-0.0,0%-10%
10468,7312,14.0,0.0,0%-10%
10468,7480,16.0,1.0,0%-10%
10468,7514,16.0,1.0,0%-10%
10468,7702,16.0,1.0,0%-10%
10468,7741,16.0,1.0,0%-10%
10468,7919,16.0,1.0,0%-10%
10468,7926,14.0,-0.0,0%-10%
10468,8092,12.0,0.0,0%-10%
10468,8280,16.0,1.0,0%-10%
10468,8341,14.0,-0.0,0%-10%
10468,8345,16.0,1.0,0%-10%
10468,8352,16.0,1.0,0%-10%
10468,8560,16.0,1.0,0%-10%
10468,8650,200.0,18.0,0%-10%
10468,8773,16.0,1.0,0%-10%
10468,8876,16.0,1.0,0%-10%
10468,8893,16.0,1.0,0%-10%
10468,9058,12.0,0.0,0%-10%
10468,9304,12.0,0.0,0%-10%
10468,9306,16.0,1.0,0%-10%
10468,9407,16.0,1.0,0%-10%
10468,9500,8.0,-0.0,0%-10%
10468,9586,8.0,-0.0,0%-10%
10468,9622,16.0,1.0,0%-10%
10468,9669,10.0,1.0,0%-10%
10468,9706,16.0,1.0,0%-10%
10468,9943,16.0,1.0,0%-10%
10468,9969,12.0,0.0,0%-10%
10468,9984,16.0,1.0,0%-10%
10468,10036,10.0,1.0,0%-10%
10468,10086,16.0,1.0,0%-10%
10468,10379,16.0,1.0,0%-10%
10468,10693,12.0,0.0,0%-10%
10468,10704,8.0,-0.0,0%-10%
10468,10782,16.0,1.0,0%-10%
10468,10788,16.0,1.0,0%-10%
10468,10882,8.0,-0.0,0%-10%
10468,10887,8.0,-0.0,0%-10%
10468,10968,8.0,-0.0,0%-10%
10468,11085,16.0,1.0,0%-10%
10468,11090,8.0,0.0,0%-10%
10468,11122,14.0,-0.0,0%-10%
10468,11193,16.0,1.0,0%-10%
10468,11302,16.0,1.0,0%-10%
10468,11610,16.0,1.0,0%-10%
10468,11686,14.0,0.0,0%-10%
10468,11712,37.0,3.0,0%-10%
10468,11761,16.0,1.0,0%-10%
10468,11807,14.0,0.0,0%-10%
10468,12007,16.0,1.0,0%-10%
10468,12029,16.0,1.0,0%-10%
10468,12043,16.0,1.0,0%-10%
10468,12048,16.0,1.0,0%-10%
10468,12127,16.0,1.0,0%-10%
10468,12141,16.0,1.0,0%-10%
10468,12149,14.0,0.0,0%-10%
10468,12196,16.0,1.0,0%-10%
10468,12235,16.0,1.0,0%-10%
10468,12267,16.0,1.0,0%-10%
10468,12295,12.0,0.0,0%-10%
10468,12412,16.0,1.0,0%-10%
10468,12414,14.0,0.0,0%-10%
10468,12529,14.0,0.0,0%-10%
10468,12587,16.0,1.0,0%-10%
10468,12888,12.0,0.0,0%-10%
10468,12950,16.0,1.0,0%-10%
10468,12956,14.0,0.0,0%-10%
10468,12981,10.0,1.0,0%-10%
10468,13096,14.0,-0.0,0%-10%
10468,13106,16.0,1.0,0%-10%
10468,13132,10.0,1.0,0%-10%
10468,13153,12.0,0.0,0%-10%
10468,13384,10.0,1.0,0%-10%
10468,13387,16.0,1.0,0%-10%
10468,13448,16.0,1.0,0%-10%
10468,13483,12.0,0.0,0%-10%
10468,13536,16.0,1.0,0%-10%
10468,13611,16.0,1.0,0%-10%
10468,13625,16.0,1.0,0%-10%
10468,13698,12.0,0.0,0%-10%
10468,13709,16.0,1.0,0%-10%
10468,13712,16.0,1.0,0%-10%
10468,13727,16.0,1.0,0%-10%
10468,13791,8.0,-0.0,0%-10%
10468,13910,14.0,0.0,0%-10%
10468,13955,16.0,1.0,0%-10%
10468,13964,16.0,1.0,0%-10%
10468,13969,16.0,1.0,0%-10%
10468,13985,16.0,1.0,0%-10%
10468,14102,12.0,0.0,0%-10%
10468,14147,8.0,-0.0,0%-10%
10468,14200,16.0,1.0,0%-10%
10468,14221,10.0,1.0,0%-10%
10468,14225,16.0,1.0,0%-10%
10468,14235,16.0,1.0,0%-10%
10468,14279,12.0,0.0,0%-10%
10468,14299,8.0,-0.0,0%-10%
10468,14411,12.0,0.0,0%-10%
10468,14503,14.0,-0.0,0%-10%
10468,14534,8.0,-0.0,0%-10%
10468,14595,16.0,1.0,0%-10%
10468,14770,33.0,3.0,0%-10%
10468,14821,8.0,-0.0,0%-10%
10468,14823,10.0,1.0,0%-10%
10468,14831,14.0,-0.0,0%-10%
10468,14869,16.0,1.0,0%-10%
10468,14910,16.0,1.0,0%-10%
10468,14957,16.0,1.0,0%-10%
10468,15002,16.0,1.0,0%-10%
10468,15046,16.0,1.0,0%-10%
10468,15113,16.0,1.0,0%-10%
10468,15114,16.0,1.0,0%-10%
10468,15142,16.0,1.0,0%-10%
10468,15162,12.0,0.0,0%-10%
10468,15177,16.0,1.0,0%-10%
10468,15309,8.0,-0.0,0%-10%
10468,15334,16.0,1.0,0%-10%
10468,15365,16.0,1.0,0%-10%
10468,15398,16.0,1.0,0%-10%
10469,14,16.0,-0.0,0%-10%
10469,64,206.0,18.0,0%-10%
10469,170,16.0,-0.0,0%-10%
10469,182,16.0,-0.0,0%-10%
10469,317,16.0,-0.0,0%-10%
10469,541,14.0,0.0,0%-10%
10469,782,16.0,-0.0,0%-10%
10469,1244,8.0,-0.0,0%-10%
10469,1574,16.0,-0.0,0%-10%
10469,1956,16.0,-0.0,0%-10%
10469,1981,16.0,-0.0,0%-10%
10469,2051,16.0,-0.0,0%-10%
10469,2180,8.0,-0.0,0%-10%
10469,2343,25.0,1.0,0%-10%
10469,2580,12.0,0.0,0%-10%
10469,2734,140.0,12.0,0%-10%
10469,3008,12.0,0.0,0%-10%
10469,3204,16.0,-0.0,0%-10%
10469,3329,8.0,-0.0,0%-10%
10469,3874,14.0,0.0,0%-10%
10469,4013,16.0,-0.0,0%-10%
10469,4298,16.0,-0.0,0%-10%
10469,4356,16.0,-0.0,0%-10%
10469,4925,16.0,-0.0,0%-10%
10469,4954,16.0,-0.0,0%-10%
10469,5697,12.0,0.0,0%-10%
10469,5793,8.0,-0.0,0%-10%
10469,5811,16.0,-0.0,0%-10%
10469,6031,16.0,-0.0,0%-10%
10469,6195,16.0,-0.0,0%-10%
10469,6301,12.0,0.0,0%-10%
10469,6317,16.0,1.0,0%-10%
10469,6621,16.0,1.0,0%-10%
10469,6725,16.0,1.0,0%-10%
10469,6751,12.0,0.0,0%-10%
10469,6834,16.0,1.0,0%-10%
10469,6854,16.0,1.0,0%-10%
10469,7332,30.0,3.0,0%-10%
10469,7626,16.0,1.0,0%-10%
10469,7725,16.0,1.0,0%-10%
10469,7824,16.0,1.0,0%-10%
10469,7912,16.0,1.0,0%-10%
10469,8025,157.0,14.0,0%-10%
10469,8236,16.0,1.0,0%-10%
10469,8477,16.0,1.0,0%-10%
10469,8564,16.0,1.0,0%-10%
10469,8609,16.0,1.0,0%-10%
10469,8696,240.0,22.0,0%-10%
10469,8970,16.0,1.0,0%-10%
10469,8978,16.0,1.0,0%-10%
10469,9053,16.0,1.0,0%-10%
10469,9134,16.0,1.0,0%-10%
10469,9289,16.0,1.0,0%-10%
10469,9303,141.0,13.0,0%-10%
10469,9323,16.0,1.0,0%-10%
10469,9682,16.0,1.0,0%-10%
10469,9690,8.0,-0.0,0%-10%
10469,9703,16.0,1.0,0%-10%
10469,9726,14.0,-0.0,0%-10%
10469,10087,14.0,0.0,0%-10%
10469,10404,16.0,1.0,0%-10%
10469,10541,16.0,1.0,0%-10%
10469,10550,16.0,1.0,0%-10%
10469,10563,14.0,-0.0,0%-10%
10469,11048,16.0,1.0,0%-10%
10469,11199,12.0,0.0,0%-10%
10469,11583,10.0,1.0,0%-10%
10469,11985,16.0,1.0,0%-10%
10469,12074,16.0,1.0,0%-10%
10469,12075,12.0,0.0,0%-10%
10469,12204,16.0,1.0,0%-10%
10469,12214,16.0,1.0,0%-10%
10469,12296,16.0,1.0,0%-10%
10469,12478,16.0,1.0,0%-10%
10469,12509,16.0,1.0,0%-10%
10469,12553,14.0,-0.0,0%-10%
10469,12580,12.0,0.0,0%-10%
10469,12795,16.0,1.0,0%-10%
10469,13025,8.0,0.0,0%-10%
10469,13212,16.0,1.0,0%-10%
10469,13422,106.0,9.0,0%-10%
10469,13517,16.0,1.0,0%-10%
10469,13556,16.0,1.0,0%-10%
10469,13924,16.0,1.0,0%-10%
10469,14039,16.0,1.0,0%-10%
10469,14092,16.0,1.0,0%-10%
10469,14512,16.0,1.0,0%-10%
10469,14702,16.0,1.0,0%-10%
10469,14705,16.0,1.0,0%-10%
10469,15226,16.0,1.0,0%-10%
10469,15336,16.0,1.0,0%-10%
10469,15362,16.0,1.0,0%-10%
10469,15506,16.0,1.0,0%-10%
10469,15527,8.0,-0.0,0%-10%
10470,165,16.0,-0.0,0%-10%
10470,973,16.0,-0.0,0%-10%
10470,1692,280.0,24.0,0%-10%
10470,1749,16.0,-0.0,0%-10%
10470,3884,16.0,-0.0,0%-10%
10470,4037,16.0,-0.0,0%-10%
10470,4596,16.0,-0.0,0%-10%
10470,4972,94.0,-0.0,0%-10%
10470,6487,12.0,0.0,0%-10%
10470,8178,12.0,0.0,0%-10%
10470,10115,16.0,-0.0,0%-10%
10470,10132,16.0,-0.0,0%-10%
10470,11422,16.0,-0.0,0%-10%
10470,12151,16.0,-0.0,0%-10%
10470,13073,14.0,0.0,0%-10%
10470,13254,16.0,-0.0,0%-10%
10470,13774,16.0,-0.0,0%-10%
10470,14069,16.0,-0.0,0%-10%
10470,15558,12.0,0.0,0%-10%
10471,1171,16.0,-0.0,0%-10%
10471,2316,16.0,-0.0,0%-10%
10471,2525,16.0,-0.0,0%-10%
10471,4915,16.0,1.0,0%-10%
10471,9952,16.0,1.0,0%-10%
10471,10649,140.0,21.0,10%-15%
10471,11481,16.0,1.0,0%-10%
10471,12733,16.0,1.0,0%-10%
10471,14312,16.0,1.0,0%-10%
10471,14584,16.0,1.0,0%-10%
10472,378,16.0,-0.0,0%-10%
10472,405,16.0,-0.0,0%-10%
10472,949,14.0,0.0,0%-10%
10472,1006,16.0,-0.0,0%-10%
10472,1090,16.0,1.0,0%-10%
10472,1260,16.0,1.0,0%-10%
10472,1268,14.0,0.0,0%-10%
10472,1355,16.0,1.0,0%-10%
10472,1601,16.0,1.0,0%-10%
10472,1689,16.0,1.0,0%-10%
10472,1732,16.0,1.0,0%-10%
10472,1774,16.0,1.0,0%-10%
10472,1960,102.0,9.0,0%-10%
10472,2228,16.0,1.0,0%-10%
10472,2575,8.0,-0.0,0%-10%
10472,2869,16.0,1.0,0%-10%
10472,2936,160.0,15.0,0%-10%
10472,3046,14.0,-0.0,0%-10%
10472,3145,16.0,1.0,0%-10%
10472,3219,16.0,1.0,0%-10%
10472,3541,16.0,1.0,0%-10%
10472,3789,16.0,1.0,0%-10%
10472,3802,140.0,13.0,0%-10%
10472,3866,8.0,-0.0,0%-10%
10472,3922,16.0,1.0,0%-10%
10472,3989,16.0,1.0,0%-10%
10472,4183,16.0,1.0,0%-10%
10472,4416,16.0,1.0,0%-10%
10472,4418,150.0,14.0,0%-10%
10472,4434,8.0,-0.0,0%-10%
10472,4551,16.0,1.0,0%-10%
10472,4558,16.0,1.0,0%-10%
10472,4618,10.0,1.0,0%-10%
10472,4771,65.0,6.0,0%-10%
10472,4839,14.0,-0.0,0%-10%
10472,4883,16.0,1.0,0%-10%
10472,4979,16.0,1.0,0%-10%
10472,5036,16.0,1.0,0%-10%
10472,5319,16.0,1.0,0%-10%
10472,5402,16.0,1.0,0%-10%
10472,5548,16.0,1.0,0%-10%
10472,5934,10.0,1.0,0%-10%
10472,6051,16.0,1.0,0%-10%
10472,6069,14.0,0.0,0%-10%
10472,6140,31.0,3.0,0%-10%
10472,6164,14.0,-0.0,0%-10%
10472,6486,8.0,-0.0,0%-10%
10472,6612,163.0,15.0,0%-10%
10472,6683,14.0,-0.0,0%-10%
10472,6818,16.0,1.0,0%-10%
10472,6888,14.0,0.0,0%-10%
10472,6951,16.0,1.0,0%-10%
10472,7048,137.0,12.0,0%-10%
10472,7141,16.0,1.0,0%-10%
10472,7157,16.0,1.0,0%-10%
10472,7282,16.0,1.0,0%-10%
10472,7330,16.0,1.0,0%-10%
10472,7508,14.0,0.0,0%-10%
10472,7785,16.0,1.0,0%-10%
10472,7858,16.0,1.0,0%-10%
10472,7956,16.0,1.0,0%-10%
10472,8036,12.0,0.0,0%-10%
10472,8124,12.0,0.0,0%-10%
10472,8288,16.0,1.0,0%-10%
10472,8528,16.0,1.0,0%-10%
10472,8598,16.0,1.0,0%-10%
10472,8599,16.0,1.0,0%-10%
10472,8674,16.0,1.0,0%-10%
10472,8815,16.0,1.0,0%-10%
10472,8831,14.0,-0.0,0%-10%
10472,8885,137.0,12.0,0%-10%
10472,9108,83.0,7.0,0%-10%
10472,9126,5.0,0.0,0%-10%
10472,9266,280.0,26.0,0%-10%
10472,9310,12.0,0.0,0%-10%
10472,9623,10.0,1.0,0%-10%
10472,9704,16.0,1.0,0%-10%
10472,9785,16.0,1.0,0%-10%
10472,9827,16.0,1.0,0%-10%
10472,9850,16.0,1.0,0%-10%
10472,10223,12.0,0.0,0%-10%
10472,10667,16.0,1.0,0%-10%
10472,10766,16.0,1.0,0%-10%
10472,10819,14.0,0.0,0%-10%
10472,10845,16.0,1.0,0%-10%
10472,10903,12.0,0.0,0%-10%
10472,11073,8.0,-0.0,0%-10%
10472,11080,16.0,1.0,0%-10%
10472,11092,16.0,1.0,0%-10%
10472,11210,8.0,-0.0,0%-10%
10472,11546,16.0,1.0,0%-10%
10472,11664,16.0,1.0,0%-10%
10472,11780,16.0,1.0,0%-10%
10472,12015,16.0,1.0,0%-10%
10472,12199,12.0,0.0,0%-10%
10472,12363,16.0,1.0,0%-10%
10472,12375,16.0,1.0,0%-10%
10472,12397,8.0,-0.0,0%-10%
10472,12679,16.0,1.0,0%-10%
10472,12725,16.0,1.0,0%-10%
10472,12884,202.0,18.0,0%-10%
10472,12931,12.0,0.0,0%-10%
10472,12968,150.0,14.0,0%-10%
10472,13070,16.0,1.0,0%-10%
10472,13090,16.0,1.0,0%-10%
10472,13169,12.0,0.0,0%-10%
10472,13172,16.0,1.0,0%-10%
10472,13260,16.0,1.0,0%-10%
10472,13354,16.0,1.0,0%-10%
10472,13506,14.0,-0.0,0%-10%
10472,13511,16.0,1.0,0%-10%
10472,13572,16.0,1.0,0%-10%
10472,13647,12.0,0.0,0%-10%
10472,13822,12.0,0.0,0%-10%
10472,13828,12.0,0.0,0%-10%
10472,14001,14.0,0.0,0%-10%
10472,14053,12.0,0.0,0%-10%
10472,14065,11.0,0.0,0%-10%
10472,14098,16.0,1.0,0%-10%
10472,14121,16.0,1.0,0%-10%
10472,14214,16.0,1.0,0%-10%
10472,14367,12.0,0.0,0%-10%
10472,14392,9.0,-0.0,0%-10%
10472,14527,16.0,1.0,0%-10%
10472,14635,16.0,1.0,0%-10%
10472,14813,16.0,1.0,0%-10%
10472,14963,10.0,1.0,0%-10%
10472,15029,16.0,1.0,0%-10%
10472,15059,16.0,1.0,0%-10%
10472,15081,16.0,1.0,0%-10%
10472,15098,40.0,4.0,0%-10%
10472,15126,16.0,1.0,0%-10%
10472,15173,14.0,-0.0,0%-10%
10472,15337,16.0,1.0,0%-10%
10472,15597,8.0,0.0,0%-10%
10472,15598,8.0,0.0,0%-10%
10473,15,240.0,21.0,0%-10%
10473,40,16.0,-0.0,0%-10%
10473,119,8.0,-0.0,0%-10%
10473,126,295.0,26.0,0%-10%
10473,396,12.0,0.0,0%-10%
10473,538,14.0,0.0,0%-10%
10473,711,222.0,19.0,0%-10%
10473,1214,34.0,1.0,0%-10%
10473,1445,16.0,-0.0,0%-10%
10473,1465,16.0,-0.0,0%-10%
10473,1748,278.0,24.0,0%-10%
10473,2002,14.0,0.0,0%-10%
10473,2193,16.0,-0.0,0%-10%
10473,2498,14.0,0.0,0%-10%
10473,3229,14.0,0.0,0%-10%
10473,3303,14.0,0.0,0%-10%
10473,3389,16.0,-0.0,0%-10%
10473,3578,16.0,-0.0,0%-10%
10473,3720,16.0,-0.0,0%-10%
10473,4061,14.0,0.0,0%-10%
10473,4306,16.0,-0.0,0%-10%
10473,4553,180.0,16.0,0%-10%
10473,4654,14.0,0.0,0%-10%
10473,4788,16.0,-0.0,0%-10%
10473,5256,16.0,-0.0,0%-10%
10473,5661,8.0,-0.0,0%-10%
10473,5683,16.0,-0.0,0%-10%
10473,5831,8.0,0.0,0%-10%
10473,6020,248.0,21.0,0%-10%
10473,6122,16.0,-0.0,0%-10%
10473,6303,14.0,0.0,0%-10%
10473,6391,16.0,-0.0,0%-10%
10473,6723,16.0,-0.0,0%-10%
10473,7295,175.0,15.0,0%-10%
10473,7393,16.0,-0.0,0%-10%
10473,7576,16.0,-0.0,0%-10%
10473,7581,8.0,-0.0,0%-10%
10473,7624,16.0,-0.0,0%-10%
10473,7889,16.0,-0.0,0%-10%
10473,8017,96.0,8.0,0%-10%
10473,8109,16.0,-0.0,0%-10%
10473,8721,118.0,10.0,0%-10%
10473,8756,16.0,1.0,0%-10%
10473,8810,12.0,0.0,0%-10%
10473,9114,16.0,1.0,0%-10%
10473,9418,14.0,0.0,0%-10%
10473,9506,16.0,1.0,0%-10%
10473,9542,16.0,1.0,0%-10%
10473,9768,16.0,1.0,0%-10%
10473,10030,80.0,7.0,0%-10%
10473,10185,16.0,1.0,0%-10%
10473,10475,12.0,0.0,0%-10%
10473,10528,16.0,1.0,0%-10%
10473,10736,10.0,1.0,0%-10%
10473,10908,288.0,26.0,0%-10%
10473,10961,40.0,4.0,0%-10%
10473,11317,16.0,1.0,0%-10%
10473,11374,10.0,1.0,0%-10%
10473,11473,16.0,1.0,0%-10%
10473,11560,16.0,1.0,0%-10%
10473,11606,16.0,1.0,0%-10%
10473,11764,15.0,1.0,0%-10%
10473,11906,142.0,13.0,0%-10%
10473,12000,16.0,1.0,0%-10%
10473,12208,14.0,0.0,0%-10%
10473,12453,16.0,1.0,0%-10%
10473,12465,8.0,-0.0,0%-10%
10473,12493,16.0,1.0,0%-10%
10473,12676,8.0,-0.0,0%-10%
10473,12764,16.0,1.0,0%-10%
10473,12892,16.0,1.0,0%-10%
10473,12989,8.0,-0.0,0%-10%
10473,13227,12.0,0.0,0%-10%
10473,13351,16.0,1.0,0%-10%
10473,13538,16.0,1.0,0%-10%
10473,13603,16.0,1.0,0%-10%
10473,13651,16.0,1.0,0%-10%
10473,13703,16.0,1.0,0%-10%
10473,14054,16.0,1.0,0%-10%
10473,14096,16.0,1.0,0%-10%
10473,14249,12.0,0.0,0%-10%
10473,14418,16.0,1.0,0%-10%
10473,14532,16.0,1.0,0%-10%
10473,14843,16.0,1.0,0%-10%
10473,14929,16.0,1.0,0%-10%
10473,15008,16.0,1.0,0%-10%
10473,15140,14.0,0.0,0%-10%
10473,15158,16.0,1.0,0%-10%
10473,15356,7.0,0.0,0%-10%
10473,15384,16.0,1.0,0%-10%
10473,15434,16.0,1.0,0%-10%
10474,6,6.0,0.0,0%-10%
10474,87,80.0,-0.0,0%-10%
10474,1283,280.0,25.0,0%-10%
10474,1505,14.0,-0.0,0%-10%
10474,1587,191.0,16.0,0%-10%
10474,1837,16.0,-0.0,0%-10%
10474,2225,301.0,27.0,0%-10%
10474,4940,16.0,-0.0,0%-10%
10474,5130,14.0,0.0,0%-10%
10474,5673,14.0,0.0,0%-10%
10474,5937,16.0,-0.0,0%-10%
10474,7604,16.0,-0.0,0%-10%
10474,8111,16.0,-0.0,0%-10%
10474,8865,8.0,0.0,0%-10%
10474,9788,16.0,-0.0,0%-10%
10474,10140,16.0,-0.0,0%-10%
10474,10145,16.0,-0.0,0%-10%
10474,10427,16.0,-0.0,0%-10%
10474,10901,16.0,-0.0,0%-10%
10474,11633,82.0,-0.0,0%-10%
10474,12407,16.0,-0.0,0%-10%
10474,13014,12.0,0.0,0%-10%
10474,14106,16.0,-0.0,0%-10%
10475,781,16.0,-0.0,0%-10%
10475,977,14.0,0.0,0%-10%
10475,1314,14.0,0.0,0%-10%
10475,1434,14.0,0.0,0%-10%
10475,1805,128.0,-0.0,0%-10%
10475,2224,16.0,-0.0,0%-10%
10475,2667,190.0,-0.0,0%-10%
10475,3223,7.0,0.0,0%-10%
10475,3812,16.0,-0.0,0%-10%
10475,4323,8.0,-0.0,0%-10%
10475,5105,160.0,14.0,0%-10%
10475,5204,16.0,-0.0,0%-10%
10475,5346,16.0,-0.0,0%-10%
10475,6613,8.0,0.0,0%-10%
10475,7039,16.0,-0.0,0%-10%
10475,7228,216.0,19.0,0%-10%
10475,7274,130.0,11.0,0%-10%
10475,7302,200.0,-0.0,0%-10%
10475,9018,200.0,0.0,0%-10%
10475,10004,375.0,33.0,0%-10%
10475,12325,16.0,-0.0,0%-10%
10475,12588,16.0,-0.0,0%-10%
10475,14061,16.0,-0.0,0%-10%
10502,503,80.0,1.0,0%-10%
10502,3625,163.0,14.0,0%-10%
10502,6339,14.0,0.0,0%-10%
10502,10306,16.0,-0.0,0%-10%
10504,502,40.0,-0.0,0%-10%
10504,1758,135.0,13.0,0%-10%
10504,5342,80.0,4.0,0%-10%
10504,5364,147.0,14.0,0%-10%
10504,9084,85.0,8.0,0%-10%
10504,10029,219.0,21.0,0%-10%
10506,2788,16.0,2.0,10%-15%
10506,4090,8.0,1.0,10%-15%
10506,6481,16.0,2.0,10%-15%
10506,12273,40.0,6.0,10%-15%
10507,471,41.0,-0.0,0%-10%
10507,8735,60.0,-0.0,0%-10%
10507,12998,119.0,4.0,0%-10%
10509,343,16.0,-0.0,0%-10%
10509,553,239.0,-0.0,0%-10%
10509,1271,62.0,4.0,0%-10%
10509,2325,69.0,5.0,0%-10%
10509,7027,8.0,0.0,0%-10%
10509,8902,53.0,4.0,0%-10%
10509,8939,60.0,5.0,0%-10%
10509,9818,79.0,6.0,0%-10%
10509,10052,149.0,12.0,0%-10%
10509,10694,162.0,14.0,0%-10%
10509,11313,118.0,-0.0,0%-10%
10510,669,138.0,20.0,10%-15%
10510,1906,60.0,6.0,0%-10%
10510,2332,61.0,6.0,0%-10%
10510,5745,96.0,9.0,0%-10%
10510,5941,102.0,10.0,0%-10%
10510,7432,74.0,7.0,0%-10%
10510,9612,46.0,5.0,10%-15%
10510,13136,127.0,19.0,10%-15%
10511,5397,16.0,-0.0,0%-10%
10511,9829,40.0,2.0,0%-10%
10511,11600,16.0,-0.0,0%-10%
10512,42,16.0,-0.0,0%-10%
10512,2305,8.0,-0.0,0%-10%
10512,2567,8.0,-0.0,0%-10%
10512,2819,16.0,1.0,0%-10%
10512,3106,16.0,1.0,0%-10%
10512,6282,16.0,1.0,0%-10%
10512,7931,16.0,1.0,0%-10%
10512,10143,42.0,4.0,0%-10%
10512,10396,84.0,7.0,0%-10%
10512,10591,8.0,0.0,0%-10%
10514,2041,193.0,-0.0,0%-10%
10514,2765,116.0,-0.0,0%-10%
10514,4930,51.0,3.0,0%-10%
10514,8384,85.0,-0.0,0%-10%
10514,9988,60.0,4.0,0%-10%
10514,12416,40.0,2.0,0%-10%
10514,14959,40.0,2.0,0%-10%
10516,4001,68.0,4.0,0%-10%
10516,7200,16.0,-0.0,0%-10%
10516,7429,43.0,2.0,0%-10%
10516,10919,36.0,1.0,0%-10%
10517,3650,114.0,8.0,0%-10%
10520,3647,100.0,-0.0,0%-10%
10520,4540,150.0,15.0,0%-10%
10520,5072,100.0,2.0,0%-10%
10520,6044,8.0,-0.0,0%-10%
10520,8055,125.0,12.0,0%-10%
10520,8348,81.0,-0.0,0%-10%
10520,9197,70.0,-0.0,0%-10%
10520,10893,153.0,15.0,0%-10%
10520,14567,60.0,-0.0,0%-10%
10522,2658,163.0,16.0,0%-10%
10522,3920,142.0,14.0,0%-10%
10522,8718,44.0,3.0,0%-10%
10522,10156,16.0,0.0,0%-10%
10522,11602,51.0,5.0,0%-10%
10522,11819,44.0,-0.0,0%-10%
10522,11850,121.0,12.0,0%-10%
10523,56,8.0,0.0,0%-10%
10523,310,95.0,7.0,0%-10%
10523,413,77.0,5.0,0%-10%
10523,1394,16.0,-0.0,0%-10%
10523,2361,16.0,-0.0,0%-10%
10523,2448,163.0,13.0,0%-10%
10523,4215,16.0,-0.0,0%-10%
10523,4231,116.0,-0.0,0%-10%
10523,6648,16.0,-0.0,0%-10%
10523,6897,16.0,-0.0,0%-10%
10523,7259,16.0,-0.0,0%-10%
10523,8051,16.0,-0.0,0%-10%
10523,8067,16.0,-0.0,0%-10%
10523,11800,64.0,4.0,0%-10%
10523,12106,16.0,-0.0,0%-10%
10523,15103,66.0,4.0,0%-10%
10524,9782,16.0,-0.0,0%-10%
10527,1060,64.0,10.0,15%-20%
10528,1541,8.0,0.0,0%-10%
10528,1824,60.0,4.0,0%-10%
10528,2458,86.0,-0.0,0%-10%
10528,2678,188.0,15.0,0%-10%
10528,6466,70.0,-0.0,0%-10%
10528,9010,16.0,-0.0,0%-10%
10528,9608,108.0,8.0,0%-10%
10528,13983,16.0,-0.0,0%-10%
10528,15127,16.0,-0.0,0%-10%
10528,15484,122.0,9.0,0%-10%
10530,725,16.0,-0.0,0%-10%
10530,2314,16.0,-0.0,0%-10%
10530,3838,75.0,-0.0,0%-10%
10530,5334,16.0,-0.0,0%-10%
10530,12110,30.0,-0.0,0%-10%
10530,12252,16.0,-0.0,0%-10%
10530,13522,24.0,-0.0,0%-10%
10530,14328,140.0,7.0,0%-10%
10530,15301,72.0,-0.0,0%-10%
10532,32,30.0,-0.0,0%-10%
10532,11788,194.0,19.0,0%-10%
10532,12027,16.0,-0.0,0%-10%
10532,13612,141.0,5.0,0%-10%
10533,1086,88.0,-0.0,0%-10%
10533,5398,69.0,-0.0,0%-10%
10535,8168,100.0,5.0,0%-10%
10536,589,50.0,0.0,0%-10%
10536,920,40.0,0.0,0%-10%
10536,4031,69.0,-0.0,0%-10%
10536,5721,16.0,0.0,0%-10%
10536,6895,70.0,7.0,0%-10%
10536,10049,70.0,5.0,0%-10%
10538,3881,83.0,8.0,0%-10%
10538,5915,141.0,14.0,0%-10%
10538,6024,68.0,1.0,0%-10%
10538,7843,84.0,8.0,0%-10%
10538,9382,59.0,-0.0,0%-10%
10538,13699,20.0,-0.0,0%-10%
10540,7807,80.0,0.0,0%-10%
10540,8412,140.0,0.0,0%-10%
10541,650,58.0,3.0,0%-10%
10541,1138,140.0,11.0,0%-10%
10541,1570,16.0,-0.0,0%-10%
10541,2198,40.0,2.0,0%-10%
10541,2219,44.0,2.0,0%-10%
10541,3173,7.0,0.0,0%-10%
10541,3481,44.0,2.0,0%-10%
10541,5076,16.0,-0.0,0%-10%
10541,5306,8.0,-0.0,0%-10%
10541,6661,81.0,-0.0,0%-10%
10541,7553,8.0,0.0,0%-10%
10541,7590,89.0,6.0,0%-10%
10541,8220,44.0,2.0,0%-10%
10541,8928,8.0,-0.0,0%-10%
10541,9263,8.0,-0.0,0%-10%
10541,9614,103.0,7.0,0%-10%
10541,9977,83.0,-0.0,0%-10%
10541,9985,16.0,-0.0,0%-10%
10541,10474,69.0,4.0,0%-10%
10541,10607,44.0,3.0,0%-10%
10541,12147,16.0,-0.0,0%-10%
10541,15051,16.0,-0.0,0%-10%
10543,82,60.0,4.0,0%-10%
10543,535,60.0,4.0,0%-10%
10543,812,23.0,-0.0,0%-10%
10543,888,109.0,8.0,0%-10%
10543,3336,91.0,6.0,0%-10%
10543,3434,136.0,10.0,0%-10%
10543,3602,16.0,-0.0,0%-10%
10543,5671,29.0,-0.0,0%-10%
10543,6066,16.0,-0.0,0%-10%
10543,8210,160.0,13.0,0%-10%
10543,8391,79.0,5.0,0%-10%
10543,8683,16.0,-0.0,0%-10%
10543,9103,24.0,-0.0,0%-10%
10543,9259,16.0,-0.0,0%-10%
10543,9465,16.0,-0.0,0%-10%
10543,9599,16.0,-0.0,0%-10%
10547,163,118.0,11.0,0%-10%
10547,3598,145.0,14.0,0%-10%
10547,8905,85.0,0.0,0%-10%
10547,10455,169.0,16.0,0%-10%
10547,11480,116.0,5.0,0%-10%
10547,13437,184.0,18.0,0%-10%
10548,362,60.0,4.0,0%-10%
10548,7887,61.0,4.0,0%-10%
10549,3124,133.0,26.0,15%-20%
10549,3478,147.0,22.0,10%-15%
10549,4378,117.0,17.0,10%-15%
10549,7892,35.0,7.0,15%-20%
10549,8429,122.0,18.0,10%-15%
10549,11835,145.0,21.0,10%-15%
10549,14469,35.0,5.0,10%-15%
10550,154,16.0,1.0,0%-10%
10550,202,14.0,1.0,0%-10%
10550,409,16.0,1.0,0%-10%
10550,996,16.0,1.0,0%-10%
10550,1024,8.0,-0.0,0%-10%
10550,1247,16.0,1.0,0%-10%
10550,1395,8.0,0.0,0%-10%
10550,1440,16.0,1.0,0%-10%
10550,1622,16.0,1.0,0%-10%
10550,1878,16.0,1.0,0%-10%
10550,1975,16.0,1.0,0%-10%
10550,2729,123.0,11.0,0%-10%
10550,2973,8.0,-0.0,0%-10%
10550,3073,8.0,-0.0,0%-10%
10550,3108,16.0,1.0,0%-10%
10550,3842,16.0,1.0,0%-10%
10550,4030,56.0,5.0,0%-10%
10550,4283,16.0,1.0,0%-10%
10550,4300,8.0,-0.0,0%-10%
10550,4634,16.0,1.0,0%-10%
10550,4780,8.0,-0.0,0%-10%
10550,4902,65.0,6.0,0%-10%
10550,5693,18.0,1.0,0%-10%
10550,5953,16.0,1.0,0%-10%
10550,6074,12.0,0.0,0%-10%
10550,6089,16.0,1.0,0%-10%
10550,8136,60.0,6.0,0%-10%
10550,8380,42.0,4.0,0%-10%
10550,8600,16.0,1.0,0%-10%
10550,8936,30.0,3.0,0%-10%
10550,9023,16.0,1.0,0%-10%
10550,9713,16.0,1.0,0%-10%
10550,10330,10.0,1.0,0%-10%
10550,10603,16.0,1.0,0%-10%
10550,11171,16.0,1.0,0%-10%
10550,11351,16.0,1.0,0%-10%
10550,11363,16.0,1.0,0%-10%
10550,11591,8.0,-0.0,0%-10%
10550,12281,42.0,4.0,0%-10%
10550,12604,16.0,1.0,0%-10%
10550,12954,16.0,1.0,0%-10%
10550,13065,16.0,1.0,0%-10%
10550,13076,16.0,1.0,0%-10%
10550,13317,100.0,9.0,0%-10%
10550,14699,16.0,1.0,0%-10%
10550,14851,8.0,-0.0,0%-10%
10550,14857,62.0,6.0,0%-10%
10550,15004,16.0,1.0,0%-10%
10550,15520,16.0,1.0,0%-10%
10550,15591,16.0,1.0,0%-10%
10552,291,16.0,-0.0,0%-10%
10552,1633,16.0,-0.0,0%-10%
10552,1772,16.0,-0.0,0%-10%
10552,1941,14.0,0.0,0%-10%
10552,2500,60.0,5.0,0%-10%
10552,3302,16.0,-0.0,0%-10%
10552,3845,16.0,-0.0,0%-10%
10552,4523,247.0,11.0,0%-10%
10552,5343,16.0,-0.0,0%-10%
10552,5702,16.0,-0.0,0%-10%
10552,5936,16.0,-0.0,0%-10%
10552,6377,14.0,0.0,0%-10%
10552,6429,16.0,-0.0,0%-10%
10552,7633,16.0,-0.0,0%-10%
10552,8261,16.0,-0.0,0%-10%
10552,9013,16.0,-0.0,0%-10%
10552,9404,16.0,-0.0,0%-10%
10552,11187,37.0,2.0,0%-10%
10552,13124,16.0,-0.0,0%-10%
10553,2070,16.0,0.0,0%-10%
10553,3679,16.0,0.0,0%-10%
10553,3987,16.0,0.0,0%-10%
10553,4538,16.0,0.0,0%-10%
10553,6463,16.0,0.0,0%-10%
10553,6792,8.0,0.0,0%-10%
10553,9110,16.0,0.0,0%-10%
10553,12661,20.0,-0.0,0%-10%
10553,13497,16.0,0.0,0%-10%
10553,14536,8.0,0.0,0%-10%
10553,15404,8.0,0.0,0%-10%
10560,1290,129.0,6.0,0%-10%
10562,1243,69.0,5.0,0%-10%
10562,2760,64.0,5.0,0%-10%
10562,2780,218.0,19.0,0%-10%
10562,3183,26.0,1.0,0%-10%
10562,3253,172.0,15.0,0%-10%
10562,4288,8.0,0.0,0%-10%
10562,6156,80.0,7.0,0%-10%
10562,6748,16.0,1.0,0%-10%
10562,6791,16.0,1.0,0%-10%
10562,9401,248.0,22.0,0%-10%
10562,10622,8.0,0.0,0%-10%
10562,11563,16.0,1.0,0%-10%
10562,12716,8.0,0.0,0%-10%
10562,12736,16.0,1.0,0%-10%
10562,12974,315.0,29.0,0%-10%
10562,13413,373.0,34.0,0%-10%
10562,14046,16.0,1.0,0%-10%
10562,14149,16.0,1.0,0%-10%
10562,14265,44.0,4.0,0%-10%
10562,15446,8.0,0.0,0%-10%
10566,207,16.0,-0.0,0%-10%
10566,621,8.0,-0.0,0%-10%
10566,1082,16.0,-0.0,0%-10%
10566,1532,16.0,-0.0,0%-10%
10566,2046,16.0,-0.0,0%-10%
10566,2141,40.0,2.0,0%-10%
10566,2385,100.0,7.0,0%-10%
10566,4157,16.0,-0.0,0%-10%
10566,4736,147.0,11.0,0%-10%
10566,4917,89.0,6.0,0%-10%
10566,5225,8.0,-0.0,0%-10%
10566,5657,16.0,-0.0,0%-10%
10566,5876,5.0,0.0,0%-10%
10566,5933,16.0,-0.0,0%-10%
10566,6120,16.0,-0.0,0%-10%
10566,8262,16.0,-0.0,0%-10%
10566,8364,45.0,2.0,0%-10%
10566,10056,16.0,-0.0,0%-10%
10566,13678,8.0,0.0,0%-10%
10566,13968,52.0,3.0,0%-10%
10566,14154,80.0,-0.0,0%-10%
10566,14886,60.0,4.0,0%-10%
10566,15042,60.0,4.0,0%-10%
10567,1990,80.0,3.0,0%-10%
10567,5196,16.0,-0.0,0%-10%
10567,6035,88.0,7.0,0%-10%
10567,6864,46.0,3.0,0%-10%
10567,7105,16.0,-0.0,0%-10%
10567,10674,57.0,4.0,0%-10%
10570,9172,177.0,-0.0,0%-10%
10570,9886,139.0,-0.0,0%-10%
10573,3138,16.0,-0.0,0%-10%
10573,3401,80.0,1.0,0%-10%
10573,3794,16.0,-0.0,0%-10%
10573,4455,16.0,-0.0,0%-10%
10573,5614,16.0,-0.0,0%-10%
10573,5625,16.0,-0.0,0%-10%
10573,5670,48.0,3.0,0%-10%
10573,5720,16.0,-0.0,0%-10%
10573,5931,16.0,-0.0,0%-10%
10573,6326,48.0,3.0,0%-10%
10573,6444,16.0,-0.0,0%-10%
10573,7026,111.0,9.0,0%-10%
10573,7561,16.0,-0.0,0%-10%
10573,8545,57.0,4.0,0%-10%
10573,9194,16.0,-0.0,0%-10%
10573,9507,16.0,-0.0,0%-10%
10573,9558,39.0,2.0,0%-10%
10573,10743,16.0,-0.0,0%-10%
10573,12213,54.0,4.0,0%-10%
10573,12491,16.0,-0.0,0%-10%
10573,12793,132.0,11.0,0%-10%
10573,12914,95.0,8.0,0%-10%
10573,12920,135.0,11.0,0%-10%
10573,13084,16.0,-0.0,0%-10%
10573,13456,144.0,12.0,0%-10%
10573,13860,16.0,-0.0,0%-10%
10573,13981,16.0,-0.0,0%-10%
10573,14480,187.0,16.0,0%-10%
10573,14517,16.0,-0.0,0%-10%
10573,14786,16.0,-0.0,0%-10%
10573,15062,16.0,-0.0,0%-10%
10573,15425,8.0,0.0,0%-10%
10573,15498,131.0,11.0,0%-10%
10576,933,40.0,2.0,0%-10%
10577,1010,76.0,0.0,0%-10%
10577,8890,16.0,0.0,0%-10%
10577,9252,143.0,-0.0,0%-10%
10577,9459,71.0,-0.0,0%-10%
10577,10735,59.0,0.0,0%-10%
10579,4645,80.0,-0.0,0%-10%
10579,6201,120.0,5.0,0%-10%
10579,10521,37.0,-0.0,0%-10%
10579,11678,65.0,-0.0,0%-10%
10579,14373,8.0,0.0,0%-10%
10580,551,102.0,10.0,0%-10%
10580,1702,16.0,0.0,0%-10%
10580,2552,16.0,0.0,0%-10%
10580,2728,80.0,8.0,0%-10%
10580,9646,144.0,14.0,0%-10%
10580,14658,52.0,4.0,0%-10%
10583,1527,68.0,5.0,0%-10%
10583,1668,37.0,2.0,0%-10%
10583,2393,60.0,5.0,0%-10%
10583,2988,198.0,17.0,0%-10%
10583,3057,190.0,15.0,0%-10%
10583,4170,157.0,13.0,0%-10%
10583,4236,56.0,4.0,0%-10%
10583,4856,14.0,-0.0,0%-10%
10583,7884,142.0,12.0,0%-10%
10583,8116,239.0,23.0,0%-10%
10583,8137,82.0,-0.0,0%-10%
10583,8761,139.0,11.0,0%-10%
10583,9104,16.0,-0.0,0%-10%
10583,9683,50.0,4.0,0%-10%
10583,11082,70.0,-0.0,0%-10%
10583,13443,153.0,13.0,0%-10%
10583,13628,105.0,8.0,0%-10%
10588,3275,41.0,-0.0,0%-10%
10589,5217,16.0,-0.0,0%-10%
10589,10888,69.0,4.0,0%-10%
10589,11014,125.0,9.0,0%-10%
10590,2603,86.0,-0.0,0%-10%
10590,8915,59.0,-0.0,0%-10%
10590,9680,100.0,-0.0,0%-10%
10591,13,16.0,-0.0,0%-10%
10591,95,63.0,5.0,0%-10%
10591,807,128.0,2.0,0%-10%
10591,1454,16.0,-0.0,0%-10%
10591,1863,131.0,11.0,0%-10%
10591,2215,155.0,13.0,0%-10%
10591,2243,145.0,12.0,0%-10%
10591,2321,16.0,-0.0,0%-10%
10591,2634,16.0,-0.0,0%-10%
10591,3603,8.0,-0.0,0%-10%
10591,3716,14.0,0.0,0%-10%
10591,5040,152.0,13.0,0%-10%
10591,5050,43.0,3.0,0%-10%
10591,5648,16.0,-0.0,0%-10%
10591,6659,54.0,4.0,0%-10%
10591,8618,16.0,-0.0,0%-10%
10591,8730,8.0,0.0,0%-10%
10591,9437,35.0,2.0,0%-10%
10591,9929,114.0,9.0,0%-10%
10591,10124,16.0,-0.0,0%-10%
10591,11421,12.0,0.0,0%-10%
10591,12294,144.0,12.0,0%-10%
10591,13272,16.0,-0.0,0%-10%
10591,13282,160.0,14.0,0%-10%
10591,14686,173.0,15.0,0%-10%
10594,10512,16.0,0.0,0%-10%
10594,11839,16.0,0.0,0%-10%
10595,1222,16.0,0.0,0%-10%
10595,2475,16.0,0.0,0%-10%
10595,3063,16.0,0.0,0%-10%
10595,5853,256.0,38.0,10%-15%
10595,10496,182.0,18.0,0%-10%
10595,11367,98.0,13.0,10%-15%
10595,13007,156.0,23.0,10%-15%
10598,573,44.0,2.0,0%-10%
10598,783,137.0,10.0,0%-10%
10598,1168,149.0,11.0,0%-10%
10598,1928,60.0,4.0,0%-10%
10598,2548,8.0,-0.0,0%-10%
10598,2993,140.0,11.0,0%-10%
10598,3080,8.0,0.0,0%-10%
10598,3084,60.0,4.0,0%-10%
10598,3295,16.0,-0.0,0%-10%
10598,5248,134.0,10.0,0%-10%
10598,5732,16.0,-0.0,0%-10%
10598,6807,145.0,11.0,0%-10%
10598,7191,68.0,4.0,0%-10%
10598,7396,48.0,2.0,0%-10%
10598,8084,93.0,6.0,0%-10%
10598,8817,16.0,-0.0,0%-10%
10598,9551,14.0,0.0,0%-10%
10598,11340,87.0,6.0,0%-10%
10598,13654,125.0,10.0,0%-10%
10598,15150,224.0,19.0,0%-10%
10601,3846,174.0,3.0,0%-10%
10601,4467,63.0,-0.0,0%-10%
10601,5527,47.0,-0.0,0%-10%
10603,2987,16.0,0.0,0%-10%
10603,3940,16.0,0.0,0%-10%
10603,10540,58.0,-0.0,0%-10%
10603,10912,16.0,0.0,0%-10%
10603,10981,16.0,0.0,0%-10%
10603,11548,200.0,-0.0,0%-10%
10603,14961,16.0,0.0,0%-10%
10604,1101,16.0,-0.0,0%-10%
10604,3208,122.0,10.0,0%-10%
10604,3216,91.0,7.0,0%-10%
10604,5511,89.0,8.0,0%-10%
10604,5650,16.0,1.0,0%-10%
10604,6349,63.0,6.0,0%-10%
10604,9753,38.0,3.0,0%-10%
10604,10070,127.0,11.0,0%-10%
10604,10461,149.0,13.0,0%-10%
10604,10976,16.0,1.0,0%-10%
10605,771,331.0,2.0,0%-10%
10605,916,12.0,0.0,0%-10%
10605,1329,16.0,-0.0,0%-10%
10605,2570,16.0,-0.0,0%-10%
10605,4033,149.0,12.0,0%-10%
10605,4089,73.0,-0.0,0%-10%
10605,4484,140.0,12.0,0%-10%
10605,5553,44.0,3.0,0%-10%
10605,6634,16.0,-0.0,0%-10%
10605,6671,14.0,0.0,0%-10%
10605,6875,100.0,8.0,0%-10%
10605,7030,113.0,9.0,0%-10%
10605,7317,133.0,11.0,0%-10%
10605,8748,177.0,15.0,0%-10%
10605,8966,193.0,-0.0,0%-10%
10605,9008,104.0,8.0,0%-10%
10605,9262,188.0,16.0,0%-10%
10605,9756,14.0,0.0,0%-10%
10605,11044,102.0,8.0,0%-10%
10605,11205,56.0,4.0,0%-10%
10605,11742,83.0,-0.0,0%-10%
10605,14034,37.0,2.0,0%-10%
10605,15353,12.0,0.0,0%-10%
10606,49,16.0,-0.0,0%-10%
10606,153,20.0,0.0,0%-10%
10606,1843,16.0,-0.0,0%-10%
10606,2573,8.0,0.0,0%-10%
10606,2799,111.0,8.0,0%-10%
10606,2986,16.0,-0.0,0%-10%
10606,4220,16.0,-0.0,0%-10%
10606,5472,156.0,12.0,0%-10%
10606,6618,16.0,-0.0,0%-10%
10606,7045,217.0,18.0,0%-10%
10606,7617,16.0,-0.0,0%-10%
10606,8204,16.0,-0.0,0%-10%
10606,8294,44.0,2.0,0%-10%
10606,8604,191.0,-0.0,0%-10%
10606,11228,16.0,-0.0,0%-10%
10606,11405,16.0,-0.0,0%-10%
10606,11472,16.0,-0.0,0%-10%
10606,13339,16.0,-0.0,0%-10%
10607,4751,233.0,19.0,0%-10%
10607,6148,16.0,-0.0,0%-10%
10607,8125,16.0,-0.0,0%-10%
10607,10195,16.0,-0.0,0%-10%
10607,10625,16.0,-0.0,0%-10%
10607,11736,8.0,-0.0,0%-10%
10607,13213,40.0,2.0,0%-10%
10701,90,105.0,8.0,0%-10%
10701,267,79.0,6.0,0%-10%
10701,540,16.0,-0.0,0%-10%
10701,548,17.0,-0.0,0%-10%
10701,728,16.0,-0.0,0%-10%
10701,1077,12.0,0.0,0%-10%
10701,1336,124.0,10.0,0%-10%
10701,1455,16.0,-0.0,0%-10%
10701,1506,12.0,0.0,0%-10%
10701,1667,16.0,-0.0,0%-10%
10701,1703,75.0,6.0,0%-10%
10701,1763,118.0,11.0,0%-10%
10701,2545,16.0,-0.0,0%-10%
10701,2695,16.0,-0.0,0%-10%
10701,2816,16.0,-0.0,0%-10%
10701,2891,16.0,-0.0,0%-10%
10701,3326,8.0,-0.0,0%-10%
10701,3502,16.0,-0.0,0%-10%
10701,3516,16.0,-0.0,0%-10%
10701,4028,16.0,-0.0,0%-10%
10701,4094,16.0,-0.0,0%-10%
10701,4289,16.0,-0.0,0%-10%
10701,4559,8.0,-0.0,0%-10%
10701,4646,16.0,-0.0,0%-10%
10701,5968,16.0,-0.0,0%-10%
10701,6129,115.0,9.0,0%-10%
10701,6346,16.0,-0.0,0%-10%
10701,6350,40.0,3.0,0%-10%
10701,6506,8.0,-0.0,0%-10%
10701,6523,60.0,5.0,0%-10%
10701,6861,91.0,7.0,0%-10%
10701,6971,16.0,-0.0,0%-10%
10701,7118,16.0,-0.0,0%-10%
10701,7208,16.0,-0.0,0%-10%
10701,7287,16.0,-0.0,0%-10%
10701,7612,101.0,8.0,0%-10%
10701,7637,16.0,-0.0,0%-10%
10701,7655,16.0,-0.0,0%-10%
10701,7677,70.0,3.0,0%-10%
10701,7893,14.0,0.0,0%-10%
10701,8090,112.0,9.0,0%-10%
10701,9209,155.0,13.0,0%-10%
10701,9433,16.0,-0.0,0%-10%
10701,9905,16.0,-0.0,0%-10%
10701,10377,16.0,-0.0,0%-10%
10701,10426,10.0,-0.0,0%-10%
10701,10430,16.0,-0.0,0%-10%
10701,10710,8.0,0.0,0%-10%
10701,11590,16.0,-0.0,0%-10%
10701,11725,16.0,-0.0,0%-10%
10701,12256,16.0,1.0,0%-10%
10701,12271,16.0,1.0,0%-10%
10701,12384,16.0,1.0,0%-10%
10701,12559,16.0,1.0,0%-10%
10701,12560,8.0,-0.0,0%-10%
10701,12882,16.0,1.0,0%-10%
10701,12885,115.0,10.0,0%-10%
10701,12925,16.0,1.0,0%-10%
10701,12979,10.0,1.0,0%-10%
10701,13336,8.0,-0.0,0%-10%
10701,13383,16.0,1.0,0%-10%
10701,13472,16.0,1.0,0%-10%
10701,13473,247.0,22.0,0%-10%
10701,13557,16.0,1.0,0%-10%
10701,13642,16.0,1.0,0%-10%
10701,13978,165.0,15.0,0%-10%
10701,14492,10.0,1.0,0%-10%
10701,14751,16.0,1.0,0%-10%
10701,14855,63.0,6.0,0%-10%
10701,14893,16.0,1.0,0%-10%
10701,15078,16.0,1.0,0%-10%
10701,15445,16.0,1.0,0%-10%
10701,15507,16.0,1.0,0%-10%
10703,230,110.0,8.0,0%-10%
10703,2121,8.0,-0.0,0%-10%
10703,2149,80.0,-0.0,0%-10%
10703,3146,16.0,-0.0,0%-10%
10703,3497,16.0,-0.0,0%-10%
10703,3834,16.0,-0.0,0%-10%
10703,4313,16.0,-0.0,0%-10%
10703,4536,8.0,0.0,0%-10%
10703,5041,16.0,-0.0,0%-10%
10703,5303,16.0,-0.0,0%-10%
10703,5330,16.0,-0.0,0%-10%
10703,7768,16.0,-0.0,0%-10%
10703,8271,165.0,13.0,0%-10%
10703,8954,16.0,-0.0,0%-10%
10703,9028,16.0,-0.0,0%-10%
10703,9379,180.0,15.0,0%-10%
10703,9626,16.0,-0.0,0%-10%
10703,9656,25.0,0.0,0%-10%
10703,10329,16.0,-0.0,0%-10%
10703,10806,16.0,-0.0,0%-10%
10703,10859,16.0,-0.0,0%-10%
10703,11364,16.0,-0.0,0%-10%
10703,11593,7.0,0.0,0%-10%
10703,12277,16.0,-0.0,0%-10%
10703,12374,16.0,-0.0,0%-10%
10703,12808,16.0,-0.0,0%-10%
10703,12839,16.0,-0.0,0%-10%
10703,12886,16.0,-0.0,0%-10%
10703,13444,16.0,-0.0,0%-10%
10703,13501,16.0,-0.0,0%-10%
10703,13758,16.0,-0.0,0%-10%
10703,14094,16.0,-0.0,0%-10%
10703,14972,16.0,-0.0,0%-10%
10704,750,16.0,-0.0,0%-10%
10704,1062,16.0,-0.0,0%-10%
10704,2974,16.0,-0.0,0%-10%
10704,3017,254.0,21.0,0%-10%
10704,3062,16.0,-0.0,0%-10%
10704,3634,16.0,-0.0,0%-10%
10704,3672,16.0,-0.0,0%-10%
10704,4091,16.0,-0.0,0%-10%
10704,5059,16.0,-0.0,0%-10%
10704,5255,16.0,-0.0,0%-10%
10704,6219,16.0,-0.0,0%-10%
10704,6462,16.0,-0.0,0%-10%
10704,7003,8.0,-0.0,0%-10%
10704,8064,16.0,-0.0,0%-10%
10704,8475,16.0,-0.0,0%-10%
10704,9244,16.0,-0.0,0%-10%
10704,9547,16.0,-0.0,0%-10%
10704,10035,16.0,-0.0,0%-10%
10704,12482,16.0,-0.0,0%-10%
10704,13683,16.0,-0.0,0%-10%
10704,14309,16.0,-0.0,0%-10%
10704,14712,16.0,-0.0,0%-10%
10704,15559,38.0,1.0,0%-10%
10705,104,157.0,13.0,0%-10%
10705,124,16.0,-0.0,0%-10%
10705,127,16.0,-0.0,0%-10%
10705,256,14.0,-0.0,0%-10%
10705,673,16.0,-0.0,0%-10%
10705,1604,16.0,-0.0,0%-10%
10705,1898,16.0,-0.0,0%-10%
10705,2405,16.0,-0.0,0%-10%
10705,2759,16.0,-0.0,0%-10%
10705,3002,16.0,-0.0,0%-10%
10705,3558,8.0,-0.0,0%-10%
10705,4103,16.0,-0.0,0%-10%
10705,4482,95.0,8.0,0%-10%
10705,4572,124.0,10.0,0%-10%
10705,4635,16.0,-0.0,0%-10%
10705,4975,20.0,1.0,0%-10%
10705,5643,16.0,-0.0,0%-10%
10705,5818,16.0,-0.0,0%-10%
10705,6255,16.0,-0.0,0%-10%
10705,6526,8.0,-0.0,0%-10%
10705,6925,16.0,-0.0,0%-10%
10705,6973,170.0,15.0,0%-10%
10705,7782,16.0,-0.0,0%-10%
10705,7813,16.0,-0.0,0%-10%
10705,7932,16.0,-0.0,0%-10%
10705,8029,16.0,-0.0,0%-10%
10705,8041,8.0,-0.0,0%-10%
10705,8212,16.0,-0.0,0%-10%
10705,8574,16.0,-0.0,0%-10%
10705,8660,16.0,-0.0,0%-10%
10705,10437,16.0,-0.0,0%-10%
10705,11134,16.0,-0.0,0%-10%
10705,11523,16.0,-0.0,0%-10%
10705,12004,16.0,-0.0,0%-10%
10705,12184,16.0,-0.0,0%-10%
10705,12367,8.0,0.0,0%-10%
10705,12639,316.0,28.0,0%-10%
10705,12903,16.0,-0.0,0%-10%
10705,13264,16.0,-0.0,0%-10%
10705,13432,16.0,1.0,0%-10%
10705,13813,16.0,1.0,0%-10%
10705,13840,16.0,1.0,0%-10%
10705,14853,16.0,1.0,0%-10%
10705,15388,16.0,1.0,0%-10%
10705,15580,278.0,25.0,0%-10%
10705,15601,16.0,1.0,0%-10%
10706,1317,80.0,-0.0,0%-10%
10706,2802,52.0,3.0,0%-10%
10706,4202,18.0,-0.0,0%-10%
10706,7172,60.0,4.0,0%-10%
10706,9980,141.0,11.0,0%-10%
10706,10578,168.0,13.0,0%-10%
10706,10921,52.0,3.0,0%-10%
10706,11389,59.0,3.0,0%-10%
10707,7433,16.0,0.0,0%-10%
10707,7594,38.0,0.0,0%-10%
10707,8670,133.0,0.0,0%-10%
10707,9000,16.0,0.0,0%-10%
10707,14726,154.0,0.0,0%-10%
10708,4584,40.0,6.0,10%-15%
10708,9258,60.0,9.0,10%-15%
10708,11184,93.0,13.0,10%-15%
10709,761,120.0,12.0,0%-10%
10709,2253,16.0,-0.0,0%-10%
10709,5866,100.0,1.0,0%-10%
10709,6869,57.0,0.0,0%-10%
10709,7232,16.0,-0.0,0%-10%
10709,9789,16.0,-0.0,0%-10%
10709,11564,112.0,11.0,0%-10%
10710,631,16.0,-0.0,0%-10%
10710,2663,16.0,-0.0,0%-10%
10710,2664,16.0,-0.0,0%-10%
10710,2857,16.0,-0.0,0%-10%
10710,3492,8.0,-0.0,0%-10%
10710,6903,8.0,0.0,0%-10%
10710,6958,40.0,2.0,0%-10%
10710,7161,220.0,18.0,0%-10%
10710,7602,8.0,-0.0,0%-10%
10710,9224,112.0,8.0,0%-10%
10710,11062,16.0,-0.0,0%-10%
10710,12915,16.0,-0.0,0%-10%
10710,13766,16.0,-0.0,0%-10%
10710,13943,213.0,17.0,0%-10%
10710,15050,20.0,0.0,0%-10%
10710,15209,16.0,-0.0,0%-10%
10801,1422,16.0,-0.0,0%-10%
10801,1662,96.0,7.0,0%-10%
10801,1985,16.0,-0.0,0%-10%
10801,2340,16.0,-0.0,0%-10%
10801,2949,60.0,4.0,0%-10%
10801,3301,16.0,-0.0,0%-10%
10801,3742,8.0,0.0,0%-10%
10801,4002,16.0,-0.0,0%-10%
10801,4136,16.0,-0.0,0%-10%
10801,4152,82.0,-0.0,0%-10%
10801,5124,16.0,-0.0,0%-10%
10801,5158,16.0,-0.0,0%-10%
10801,5244,98.0,8.0,0%-10%
10801,5864,16.0,-0.0,0%-10%
10801,5891,16.0,-0.0,0%-10%
10801,6040,14.0,0.0,0%-10%
10801,6285,135.0,11.0,0%-10%
10801,7962,176.0,15.0,0%-10%
10801,8108,16.0,-0.0,0%-10%
10801,9700,16.0,-0.0,0%-10%
10801,9868,16.0,-0.0,0%-10%
10801,10505,16.0,-0.0,0%-10%
10801,10993,16.0,-0.0,0%-10%
10801,11075,112.0,9.0,0%-10%
10801,11521,198.0,17.0,0%-10%
10801,11647,16.0,-0.0,0%-10%
10801,11697,16.0,-0.0,0%-10%
10801,12291,364.0,32.0,0%-10%
10801,12332,16.0,-0.0,0%-10%
10801,12423,227.0,20.0,0%-10%
10801,13194,8.0,0.0,0%-10%
10801,14321,305.0,27.0,0%-10%
10801,14715,34.0,1.0,0%-10%
10801,14798,167.0,14.0,0%-10%
10801,14872,16.0,-0.0,0%-10%
10803,1934,45.0,4.0,0%-10%
10803,2268,118.0,11.0,0%-10%
10803,6170,25.0,0.0,0%-10%
10803,9142,165.0,16.0,0%-10%
10803,10082,21.0,0.0,0%-10%
10803,10726,40.0,4.0,0%-10%
10803,10904,37.0,3.0,0%-10%
10803,11773,61.0,6.0,0%-10%
10803,15428,148.0,14.0,0%-10%
10804,1738,162.0,14.0,0%-10%
10804,3264,69.0,5.0,0%-10%
10804,3795,206.0,18.0,0%-10%
10804,4235,137.0,11.0,0%-10%
10804,4735,47.0,3.0,0%-10%
10804,5305,16.0,-0.0,0%-10%
10804,5408,16.0,-0.0,0%-10%
10804,8443,16.0,-0.0,0%-10%
10804,8655,16.0,-0.0,0%-10%
10804,8999,51.0,4.0,0%-10%
10804,9026,130.0,11.0,0%-10%
10804,9581,16.0,-0.0,0%-10%
10804,11101,16.0,-0.0,0%-10%
10804,11167,30.0,2.0,0%-10%
10804,11323,16.0,1.0,0%-10%
10804,11828,16.0,1.0,0%-10%
10804,12432,24.0,1.0,0%-10%
10804,12737,16.0,1.0,0%-10%
10804,14992,215.0,20.0,0%-10%
10805,958,12.0,0.0,0%-10%
10805,5640,16.0,0.0,0%-10%
10805,6048,35.0,0.0,0%-10%
10805,7268,16.0,0.0,0%-10%
10805,9364,59.0,-0.0,0%-10%
10805,10260,68.0,-0.0,0%-10%
10805,11255,16.0,-0.0,0%-10%
10805,12602,16.0,0.0,0%-10%
10901,1917,31.0,1.0,0%-10%
10901,7585,98.0,7.0,0%-10%
10901,7730,77.0,5.0,0%-10%
10901,7871,176.0,14.0,0%-10%
10901,8617,16.0,-0.0,0%-10%
10901,8940,16.0,-0.0,0%-10%
10901,9202,16.0,-0.0,0%-10%
10901,10614,70.0,-0.0,0%-10%
10901,11019,106.0,7.0,0%-10%
10901,11513,16.0,-0.0,0%-10%
10901,13441,335.0,29.0,0%-10%
10901,13888,16.0,-0.0,0%-10%
10913,882,92.0,9.0,0%-10%
10913,3071,16.0,-0.0,0%-10%
10913,3355,140.0,14.0,0%-10%
10913,9091,16.0,-0.0,0%-10%
10913,10358,83.0,7.0,0%-10%
10913,12955,16.0,-0.0,0%-10%
10914,3185,52.0,0.0,0%-10%
10916,13849,8.0,0.0,0%-10%
10917,4100,40.0,-0.0,0%-10%
10917,8099,16.0,-0.0,0%-10%
10917,8441,16.0,-0.0,0%-10%
10917,9048,63.0,-0.0,0%-10%
10917,9803,40.0,-0.0,0%-10%
10918,2741,90.0,18.0,15%-20%
10918,8949,16.0,2.0,10%-15%
10918,10589,60.0,9.0,10%-15%
10919,11354,100.0,16.0,15%-20%
10920,1665,170.0,0.0,0%-10%
10920,4488,16.0,0.0,0%-10%
10920,4860,70.0,0.0,0%-10%
10920,8512,87.0,0.0,0%-10%
10920,9381,119.0,0.0,0%-10%
10921,394,40.0,4.0,0%-10%
10921,8021,56.0,5.0,0%-10%
10921,10595,86.0,8.0,0%-10%
10923,1671,16.0,1.0,0%-10%
10923,5405,8.0,-0.0,0%-10%
10923,7482,16.0,2.0,10%-15%
10923,12084,16.0,2.0,10%-15%
10923,13416,16.0,1.0,0%-10%
10923,14132,58.0,8.0,10%-15%
10923,15335,41.0,6.0,10%-15%
10924,18,112.0,8.0,0%-10%
10924,423,74.0,5.0,0%-10%
10924,4579,40.0,2.0,0%-10%
10924,7745,40.0,3.0,0%-10%
10924,11904,74.0,6.0,0%-10%
10924,12461,61.0,5.0,0%-10%
10924,12984,16.0,-0.0,0%-10%
10924,15389,18.0,-0.0,0%-10%
10925,2965,8.0,-0.0,0%-10%
10925,4495,8.0,0.0,0%-10%
10925,10471,16.0,-0.0,0%-10%
10925,13993,37.0,1.0,0%-10%
10926,6032,40.0,2.0,0%-10%
10927,212,40.0,2.0,0%-10%
10927,704,279.0,23.0,0%-10%
10927,6647,16.0,-0.0,0%-10%
10927,9377,120.0,9.0,0%-10%
10927,9744,16.0,-0.0,0%-10%
10927,10345,16.0,-0.0,0%-10%
10927,10594,42.0,2.0,0%-10%
10927,10751,16.0,-0.0,0%-10%
10927,10929,18.0,-0.0,0%-10%
10927,12105,16.0,-0.0,0%-10%
10927,12589,8.0,-0.0,0%-10%
10927,14153,16.0,-0.0,0%-10%
10927,14162,16.0,-0.0,0%-10%
10928,7226,40.0,2.0,0%-10%
10928,13956,37.0,1.0,0%-10%
10928,14159,16.0,-0.0,0%-10%
10928,14741,8.0,-0.0,0%-10%
10930,9221,53.0,3.0,0%-10%
10930,9945,8.0,-0.0,0%-10%
10930,11307,16.0,-0.0,0%-10%
10930,12104,15.0,-0.0,0%-10%
10940,22,14.0,0.0,0%-10%
10940,730,16.0,-0.0,0%-10%
10940,871,16.0,-0.0,0%-10%
10940,1345,35.0,1.0,0%-10%
10940,2091,16.0,-0.0,0%-10%
10940,2484,16.0,-0.0,0%-10%
10940,2754,75.0,5.0,0%-10%
10940,2907,127.0,-0.0,0%-10%
10940,4876,75.0,5.0,0%-10%
10940,5407,8.0,0.0,0%-10%
10940,6328,75.0,5.0,0%-10%
10940,6893,16.0,-0.0,0%-10%
10940,8069,98.0,7.0,0%-10%
10940,8114,16.0,-0.0,0%-10%
10940,8274,16.0,-0.0,0%-10%
10940,8422,197.0,16.0,0%-10%
10940,9017,86.0,-0.0,0%-10%
10940,9638,156.0,12.0,0%-10%
10940,10562,16.0,-0.0,0%-10%
10940,10593,16.0,-0.0,0%-10%
10940,10828,16.0,-0.0,0%-10%
10940,11821,14.0,0.0,0%-10%
10940,11873,100.0,7.0,0%-10%
10940,13974,16.0,-0.0,0%-10%
10940,14252,80.0,-0.0,0%-10%
10940,14791,16.0,-0.0,0%-10%
10940,15053,16.0,-0.0,0%-10%
10940,15068,80.0,-0.0,0%-10%
10940,15251,42.0,2.0,0%-10%
10940,15321,80.0,-0.0,0%-10%
10940,15465,16.0,-0.0,0%-10%
10941,110,16.0,1.0,0%-10%
10941,1018,16.0,1.0,0%-10%
10941,2870,249.0,24.0,0%-10%
10941,3514,31.0,3.0,0%-10%
10941,3605,8.0,0.0,0%-10%
10941,3644,16.0,1.0,0%-10%
10941,5030,16.0,1.0,0%-10%
10941,7607,16.0,1.0,0%-10%
10941,9454,59.0,5.0,0%-10%
10941,9514,131.0,12.0,0%-10%
10941,10048,117.0,11.0,0%-10%
10941,12506,16.0,1.0,0%-10%
10941,12848,16.0,1.0,0%-10%
10941,12970,16.0,1.0,0%-10%
10950,173,43.0,2.0,0%-10%
10950,1348,35.0,1.0,0%-10%
10950,2478,18.0,-0.0,0%-10%
10950,3004,16.0,-0.0,0%-10%
10950,4960,16.0,-0.0,0%-10%
10950,5983,8.0,0.0,0%-10%
10950,6130,16.0,-0.0,0%-10%
10950,8573,60.0,4.0,0%-10%
10950,8638,85.0,-0.0,0%-10%
10950,9600,16.0,-0.0,0%-10%
10950,9603,40.0,3.0,0%-10%
10950,9916,64.0,5.0,0%-10%
10950,10323,16.0,-0.0,0%-10%
10950,10392,194.0,17.0,0%-10%
10950,13418,16.0,-0.0,0%-10%
10950,14561,22.0,-0.0,0%-10%
10950,14578,16.0,-0.0,0%-10%
10950,14759,16.0,-0.0,0%-10%
10950,15414,16.0,-0.0,0%-10%
10952,94,16.0,-0.0,0%-10%
10952,729,16.0,-0.0,0%-10%
10952,1173,8.0,-0.0,0%-10%
10952,1264,16.0,-0.0,0%-10%
10952,1697,16.0,-0.0,0%-10%
10952,2643,14.0,-0.0,0%-10%
10952,3292,16.0,-0.0,0%-10%
10952,3390,16.0,-0.0,0%-10%
10952,3438,16.0,-0.0,0%-10%
10952,4246,16.0,-0.0,0%-10%
10952,4619,16.0,-0.0,0%-10%
10952,5122,16.0,-0.0,0%-10%
10952,5494,16.0,-0.0,0%-10%
10952,5868,16.0,-0.0,0%-10%
10952,6474,12.0,0.0,0%-10%
10952,6737,16.0,-0.0,0%-10%
10952,7703,16.0,-0.0,0%-10%
10952,8278,16.0,-0.0,0%-10%
10952,9912,123.0,9.0,0%-10%
10952,10670,8.0,0.0,0%-10%
10952,11902,16.0,-0.0,0%-10%
10952,11965,16.0,-0.0,0%-10%
10952,12977,16.0,-0.0,0%-10%
10952,13984,16.0,-0.0,0%-10%
10952,14074,16.0,-0.0,0%-10%
10952,14371,16.0,-0.0,0%-10%
10952,14907,16.0,-0.0,0%-10%
10952,14948,16.0,-0.0,0%-10%
10952,14976,16.0,-0.0,0%-10%
10952,15093,16.0,-0.0,0%-10%
10952,15104,16.0,-0.0,0%-10%
10954,2748,138.0,20.0,10%-15%
10954,5098,50.0,5.0,0%-10%
10954,5999,16.0,0.0,0%-10%
10954,6957,16.0,0.0,0%-10%
10954,7499,170.0,17.0,0%-10%
10954,8844,16.0,0.0,0%-10%
10954,10067,16.0,0.0,0%-10%
10954,10506,8.0,0.0,0%-10%
10954,11034,454.0,68.0,10%-15%
10954,11348,12.0,0.0,0%-10%
10954,13010,8.0,-0.0,0%-10%
10954,13421,40.0,3.0,0%-10%
10954,13865,8.0,-0.0,0%-10%
10956,1178,157.0,13.0,0%-10%
10956,1179,100.0,8.0,0%-10%
10956,1684,16.0,-0.0,0%-10%
10956,1870,65.0,5.0,0%-10%
10956,2488,16.0,-0.0,0%-10%
10956,2785,8.0,0.0,0%-10%
10956,3031,8.0,0.0,0%-10%
10956,3614,194.0,17.0,0%-10%
10956,3911,14.0,0.0,0%-10%
10956,4296,8.0,0.0,0%-10%
10956,5869,16.0,-0.0,0%-10%
10956,6158,68.0,5.0,0%-10%
10956,6595,18.0,-0.0,0%-10%
10956,6956,16.0,-0.0,0%-10%
10956,7212,14.0,0.0,0%-10%
10956,8152,16.0,-0.0,0%-10%
10956,8963,283.0,25.0,0%-10%
10956,9095,16.0,-0.0,0%-10%
10956,9481,16.0,-0.0,0%-10%
10956,9902,60.0,5.0,0%-10%
10956,10078,80.0,-0.0,0%-10%
10956,10421,16.0,-0.0,0%-10%
10956,11387,100.0,8.0,0%-10%
10956,11784,117.0,3.0,0%-10%
10956,12206,16.0,-0.0,0%-10%
10956,14024,187.0,16.0,0%-10%
10956,14029,16.0,-0.0,0%-10%
10956,15540,8.0,0.0,0%-10%
10960,3,120.0,0.0,0%-10%
10960,3661,8.0,0.0,0%-10%
10960,3956,45.0,0.0,0%-10%
10960,4263,87.0,0.0,0%-10%
10960,4853,16.0,0.0,0%-10%
10960,9809,77.0,0.0,0%-10%
10960,10868,16.0,0.0,0%-10%
10960,11795,73.0,0.0,0%-10%
10960,15466,18.0,0.0,0%-10%
10962,11054,16.0,0.0,0%-10%
10963,355,16.0,-0.0,0%-10%
10963,3211,40.0,2.0,0%-10%
10963,3706,16.0,-0.0,0%-10%
10963,10654,8.0,0.0,0%-10%
10963,13741,44.0,2.0,0%-10%
10964,8338,101.0,-0.0,0%-10%
10964,8974,34.0,0.0,0%-10%
10965,274,16.0,0.0,0%-10%
10965,682,7.0,0.0,0%-10%
10965,1019,16.0,0.0,0%-10%
10965,3501,139.0,0.0,0%-10%
10965,5826,16.0,0.0,0%-10%
10965,6788,199.0,0.0,0%-10%
10965,8736,16.0,0.0,0%-10%
10965,8845,8.0,0.0,0%-10%
10965,9074,135.0,0.0,0%-10%
10965,11737,16.0,0.0,0%-10%
10965,15332,47.0,0.0,0%-10%
10968,7362,173.0,0.0,0%-10%
10970,3862,105.0,-0.0,0%-10%
10970,8033,16.0,-0.0,0%-10%
10970,12026,16.0,-0.0,0%-10%
10970,14636,16.0,-0.0,0%-10%
10970,14978,16.0,-0.0,0%-10%
10970,15222,16.0,-0.0,0%-10%
10970,15596,16.0,-0.0,0%-10%
10973,3750,16.0,0.0,0%-10%
10973,8611,107.0,-0.0,0%-10%
10973,12578,23.0,0.0,0%-10%
10973,14349,37.0,0.0,0%-10%
10974,7269,16.0,0.0,0%-10%
10974,7468,8.0,-0.0,0%-10%
10974,10956,8.0,0.0,0%-10%
10974,11534,8.0,-0.0,0%-10%
10974,12668,8.0,-0.0,0%-10%
10977,565,16.0,1.0,0%-10%
10977,577,16.0,1.0,0%-10%
10977,858,276.0,25.0,0%-10%
10977,979,89.0,8.0,0%-10%
10977,1384,68.0,6.0,0%-10%
10977,1385,16.0,1.0,0%-10%
10977,1611,16.0,1.0,0%-10%
10977,1743,16.0,1.0,0%-10%
10977,2771,14.0,0.0,0%-10%
10977,3013,16.0,1.0,0%-10%
10977,3347,24.0,1.0,0%-10%
10977,3652,8.0,-0.0,0%-10%
10977,3659,16.0,1.0,0%-10%
10977,3871,8.0,-0.0,0%-10%
10977,3908,8.0,-0.0,0%-10%
10977,4098,16.0,1.0,0%-10%
10977,4221,16.0,1.0,0%-10%
10977,4284,16.0,1.0,0%-10%
10977,4590,16.0,1.0,0%-10%
10977,5101,72.0,7.0,0%-10%
10977,5332,8.0,-0.0,0%-10%
10977,5337,16.0,1.0,0%-10%
10977,5955,16.0,1.0,0%-10%
10977,5989,16.0,1.0,0%-10%
10977,5994,16.0,1.0,0%-10%
10977,6027,126.0,11.0,0%-10%
10977,6157,176.0,16.0,0%-10%
10977,6315,266.0,24.0,0%-10%
10977,6734,16.0,1.0,0%-10%
10977,6770,16.0,1.0,0%-10%
10977,7616,80.0,8.0,0%-10%
10977,7672,16.0,1.0,0%-10%
10977,8162,16.0,1.0,0%-10%
10977,8250,19.0,1.0,0%-10%
10977,8255,16.0,1.0,0%-10%
10977,8432,16.0,1.0,0%-10%
10977,8503,8.0,-0.0,0%-10%
10977,8847,8.0,0.0,0%-10%
10977,9375,16.0,1.0,0%-10%
10977,9448,16.0,1.0,0%-10%
10977,9577,36.0,3.0,0%-10%
10977,10085,25.0,2.0,0%-10%
10977,10188,16.0,1.0,0%-10%
10977,11239,32.0,3.0,0%-10%
10977,11292,16.0,1.0,0%-10%
10977,11336,8.0,-0.0,0%-10%
10977,11494,16.0,1.0,0%-10%
10977,11953,16.0,1.0,0%-10%
10977,12100,16.0,1.0,0%-10%
10977,12575,16.0,1.0,0%-10%
10977,12727,16.0,1.0,0%-10%
10977,13159,16.0,1.0,0%-10%
10977,13315,16.0,1.0,0%-10%
10977,13770,16.0,1.0,0%-10%
10977,13880,16.0,1.0,0%-10%
10977,14262,325.0,30.0,0%-10%
10977,14311,59.0,5.0,0%-10%
10977,15011,16.0,1.0,0%-10%
10980,1186,173.0,15.0,0%-10%
10980,3522,16.0,-0.0,0%-10%
10980,4048,16.0,-0.0,0%-10%
10980,7129,40.0,3.0,0%-10%
10980,11630,16.0,-0.0,0%-10%
10980,12875,16.0,-0.0,0%-10%
10980,13402,8.0,-0.0,0%-10%
10980,13717,16.0,-0.0,0%-10%
10980,14240,16.0,-0.0,0%-10%
10980,14997,16.0,-0.0,0%-10%
10980,15157,16.0,-0.0,0%-10%
10983,1195,16.0,-0.0,0%-10%
10983,6844,230.0,11.0,0%-10%
10984,175,80.0,-0.0,0%-10%
10984,5677,55.0,3.0,0%-10%
10984,13230,8.0,0.0,0%-10%
10987,3658,40.0,4.0,0%-10%
10989,3330,16.0,-0.0,0%-10%
10989,5395,16.0,-0.0,0%-10%
10989,5617,50.0,-0.0,0%-10%
10989,6333,21.0,-0.0,0%-10%
10989,10816,96.0,-0.0,0%-10%
10989,11477,12.0,0.0,0%-10%
10989,11880,50.0,-0.0,0%-10%
10990,1075,60.0,4.0,0%-10%
10990,2556,37.0,1.0,0%-10%
10990,2712,95.0,7.0,0%-10%
10990,2726,16.0,-0.0,0%-10%
10990,2963,39.0,1.0,0%-10%
10990,6685,40.0,2.0,0%-10%
10990,7390,16.0,-0.0,0%-10%
10990,7722,68.0,4.0,0%-10%
10990,8892,8.0,-0.0,0%-10%
10990,10722,8.0,0.0,0%-10%
10990,11829,16.0,-0.0,0%-10%
10990,12562,63.0,4.0,0%-10%
10992,152,89.0,13.0,10%-15%
10992,4165,34.0,0.9999953313126002,0%-10%
10992,5333,77.0,11.0,10%-15%
10992,8507,40.0,4.0,0%-10%
10992,11838,16.0,0.0,0%-10%
10992,13243,104.0,15.0,10%-15%
10993,2355,58.0,0.0,0%-10%
10993,2460,146.0,-0.0,0%-10%
10993,4239,86.0,-0.0,0%-10%
10993,5226,87.0,-0.0,0%-10%
10993,6842,16.0,0.0,0%-10%
10993,15327,8.0,0.0,0%-10%
10994,107,243.0,36.0,10%-15%
10994,1737,16.0,2.0,10%-15%
10994,2557,260.0,39.0,10%-15%
10994,7597,60.0,9.0,10%-15%
10994,8167,40.0,6.0,10%-15%
10994,8828,16.0,3.0,15%-20%
10994,9141,174.0,34.0,15%-20%
10994,12006,16.0,2.0,10%-15%
10998,7705,43.0,0.0,0%-10%
11001,708,16.0,-0.0,0%-10%
11001,955,16.0,-0.0,0%-10%
11001,1993,16.0,-0.0,0%-10%
11001,4212,16.0,-0.0,0%-10%
11001,5708,16.0,-0.0,0%-10%
11001,8747,16.0,-0.0,0%-10%
11001,8900,16.0,-0.0,0%-10%
11001,9336,12.0,0.0,0%-10%
11001,12663,16.0,-0.0,0%-10%
11001,13486,70.0,-0.0,0%-10%
11001,14474,90.0,6.0,0%-10%
11001,14630,16.0,-0.0,0%-10%
11001,14850,205.0,17.0,0%-10%
11001,15087,16.0,-0.0,0%-10%
11003,350,16.0,-0.0,0%-10%
11003,424,16.0,-0.0,0%-10%
11003,494,16.0,-0.0,0%-10%
11003,618,16.0,-0.0,0%-10%
11003,824,16.0,-0.0,0%-10%
11003,1227,44.0,3.0,0%-10%
11003,1297,16.0,-0.0,0%-10%
11003,1334,12.0,0.0,0%-10%
11003,1951,16.0,-0.0,0%-10%
11003,2189,10.0,-0.0,0%-10%
11003,2833,16.0,-0.0,0%-10%
11003,2990,16.0,-0.0,0%-10%
11003,3266,16.0,-0.0,0%-10%
11003,3309,405.0,36.0,0%-10%
11003,3397,16.0,-0.0,0%-10%
11003,3783,16.0,-0.0,0%-10%
11003,4017,460.0,35.0,0%-10%
11003,4106,16.0,-0.0,0%-10%
11003,4996,104.0,8.0,0%-10%
11003,6216,50.0,4.0,0%-10%
11003,6306,16.0,-0.0,0%-10%
11003,6557,16.0,-0.0,0%-10%
11003,6583,16.0,-0.0,0%-10%
11003,6679,8.0,0.0,0%-10%
11003,6814,340.0,-0.0,0%-10%
11003,6870,16.0,-0.0,0%-10%
11003,6962,8.0,0.0,0%-10%
11003,7205,60.0,5.0,0%-10%
11003,7315,16.0,-0.0,0%-10%
11003,7554,16.0,-0.0,0%-10%
11003,7770,16.0,-0.0,0%-10%
11003,8103,8.0,0.0,0%-10%
11003,8256,10.0,-0.0,0%-10%
11003,9009,16.0,-0.0,0%-10%
11003,9879,16.0,-0.0,0%-10%
11003,10158,16.0,-0.0,0%-10%
11003,10484,268.0,23.0,0%-10%
11003,10571,16.0,-0.0,0%-10%
11003,10992,16.0,-0.0,0%-10%
11003,11474,76.0,6.0,0%-10%
11003,11777,16.0,-0.0,0%-10%
11003,12459,16.0,-0.0,0%-10%
11003,12999,16.0,-0.0,0%-10%
11003,13068,16.0,-0.0,0%-10%
11003,13681,8.0,0.0,0%-10%
11003,13729,16.0,-0.0,0%-10%
11003,13847,16.0,-0.0,0%-10%
11003,14281,16.0,-0.0,0%-10%
11003,14452,16.0,-0.0,0%-10%
11003,15280,16.0,-0.0,0%-10%
11004,7130,187.0,-0.0,0%-10%
11004,10504,240.0,-0.0,0%-10%
11010,2250,162.0,-0.0,0%-10%
11010,4566,16.0,0.0,0%-10%
11010,4953,16.0,0.0,0%-10%
11010,5243,16.0,0.0,0%-10%
11010,7084,16.0,0.0,0%-10%
11010,7151,16.0,0.0,0%-10%
11010,8363,16.0,0.0,0%-10%
11010,9160,8.0,-0.0,0%-10%
11010,14287,16.0,0.0,0%-10%
11020,200,80.0,-0.0,0%-10%
11020,5478,62.0,4.0,0%-10%
11021,349,79.0,11.0,10%-15%
11021,6449,65.0,6.0,0%-10%
11021,6917,58.0,8.0,10%-15%
11023,4640,8.0,-0.0,0%-10%
11023,5646,60.0,-0.0,0%-10%
11023,7062,118.0,-0.0,0%-10%
11023,9831,99.0,-0.0,0%-10%
11023,10398,70.0,-0.0,0%-10%
11024,4014,148.0,22.0,10%-15%
11024,4942,82.0,8.0,0%-10%
11024,6049,44.0,3.0,0%-10%
11024,12055,206.0,20.0,0%-10%
11024,12582,72.0,7.0,0%-10%
11030,773,56.0,3.0,0%-10%
11030,4182,25.0,0.0,0%-10%
11030,5634,26.0,0.0,0%-10%
11030,6409,130.0,10.0,0%-10%
11030,8623,67.0,4.0,0%-10%
11030,8794,270.0,23.0,0%-10%
11030,11209,115.0,8.0,0%-10%
11040,1463,62.0,6.0,0%-10%
11040,1666,62.0,6.0,0%-10%
11040,2331,181.0,17.0,0%-10%
11040,2527,460.0,46.0,0%-10%
11040,4232,75.0,7.0,0%-10%
11040,5505,182.0,18.0,0%-10%
11040,6527,66.0,6.0,0%-10%
11040,6768,16.0,1.0,0%-10%
11040,6855,108.0,10.0,0%-10%
11040,15519,8.0,-0.0,0%-10%
11042,5170,282.0,-0.0,0%-10%
11050,491,91.0,7.0,0%-10%
11050,1508,60.0,5.0,0%-10%
11050,2303,84.0,6.0,0%-10%
11050,3398,136.0,11.0,0%-10%
11050,3762,16.0,-0.0,0%-10%
11050,4648,171.0,15.0,0%-10%
11050,4861,131.0,11.0,0%-10%
11050,4959,127.0,11.0,0%-10%
11050,5615,97.0,9.0,0%-10%
11050,6825,16.0,1.0,0%-10%
11050,7507,88.0,8.0,0%-10%
11050,9052,16.0,1.0,0%-10%
11050,9287,298.0,27.0,0%-10%
11050,9295,38.0,3.0,0%-10%
11050,10760,16.0,1.0,0%-10%
11050,12976,117.0,10.0,0%-10%
11050,13643,153.0,14.0,0%-10%
11050,14525,25.0,2.0,0%-10%
11050,14663,79.0,7.0,0%-10%
11050,15279,113.0,10.0,0%-10%
11050,15544,56.0,5.0,0%-10%
11096,211,9.0,-0.0,0%-10%
11096,974,16.0,0.0,0%-10%
11096,1074,12.0,0.0,0%-10%
11096,2317,16.0,-0.0,0%-10%
11096,5737,70.0,7.0,0%-10%
11096,6199,135.0,13.0,0%-10%
11096,8023,16.0,0.0,0%-10%
11096,10817,16.0,0.0,0%-10%
11096,11921,43.0,1.0,0%-10%
11096,13624,16.0,-0.0,0%-10%
11101,884,75.0,6.0,0%-10%
11101,3775,117.0,-0.0,0%-10%
11101,3837,8.0,-0.0,0%-10%
11101,5682,136.0,11.0,0%-10%
11101,7058,200.0,1.0,0%-10%
11101,7224,180.0,16.0,0%-10%
11101,8361,16.0,-0.0,0%-10%
11101,8649,16.0,-0.0,0%-10%
11101,9903,122.0,10.0,0%-10%
11101,10098,16.0,-0.0,0%-10%
11101,10811,16.0,-0.0,0%-10%
11101,11968,16.0,-0.0,0%-10%
11101,13616,460.0,46.0,0%-10%
11101,13646,16.0,-0.0,0%-10%
11101,14193,154.0,13.0,0%-10%
11101,14828,68.0,5.0,0%-10%
11102,380,16.0,-0.0,0%-10%
11102,755,128.0,10.0,0%-10%
11102,1341,120.0,10.0,0%-10%
11102,1343,132.0,12.0,0%-10%
11102,2037,225.0,20.0,0%-10%
11102,3153,8.0,0.0,0%-10%
11102,3804,104.0,9.0,0%-10%
11102,4838,8.0,0.0,0%-10%
11102,5461,137.0,12.0,0%-10%
11102,8225,16.0,1.0,0%-10%
11102,8488,166.0,15.0,0%-10%
11102,9451,8.0,0.0,0%-10%
11102,9836,14.0,0.0,0%-10%
11102,9851,260.0,24.0,0%-10%
11102,10601,16.0,1.0,0%-10%
11102,11604,16.0,1.0,0%-10%
11102,12499,16.0,1.0,0%-10%
11103,474,10.0,-0.0,0%-10%
11103,886,213.0,2.0,0%-10%
11103,1261,12.0,0.0,0%-10%
11103,3861,16.0,-0.0,0%-10%
11103,6033,16.0,0.0,0%-10%
11103,6584,16.0,-0.0,0%-10%
11103,7170,16.0,-0.0,0%-10%
11103,8401,209.0,-0.0,0%-10%
11103,14354,16.0,-0.0,0%-10%
11104,75,100.0,15.0,10%-15%
11104,470,10.0,0.0,0%-10%
11104,609,14.0,1.0,0%-10%
11104,898,248.0,37.0,10%-15%
11104,1451,16.0,2.0,10%-15%
11104,1645,16.0,2.0,10%-15%
11104,2057,300.0,45.0,10%-15%
11104,4850,325.0,48.0,10%-15%
11104,6115,160.0,24.0,10%-15%
11104,11822,40.0,6.0,10%-15%
11105,1144,16.0,0.0,0%-10%
11105,1294,75.0,-0.0,0%-10%
11105,2333,255.0,2.0,0%-10%
11105,2650,16.0,0.0,0%-10%
11105,8942,16.0,0.0,0%-10%
11105,9959,203.0,-0.0,0%-10%
11105,10310,233.0,-0.0,0%-10%
11105,12944,16.0,0.0,0%-10%
11106,271,216.0,19.0,0%-10%
11106,536,16.0,-0.0,0%-10%
11106,583,205.0,18.0,0%-10%
11106,907,80.0,-0.0,0%-10%
11106,1047,16.0,-0.0,0%-10%
11106,1223,45.0,3.0,0%-10%
11106,2136,200.0,20.0,0%-10%
11106,2273,16.0,-0.0,0%-10%
11106,2352,16.0,-0.0,0%-10%
11106,3386,16.0,-0.0,0%-10%
11106,3594,16.0,-0.0,0%-10%
11106,4431,16.0,-0.0,0%-10%
11106,4879,73.0,-0.0,0%-10%
11106,5723,65.0,5.0,0%-10%
11106,7342,16.0,-0.0,0%-10%
11106,8883,16.0,-0.0,0%-10%
11106,9456,16.0,-0.0,0%-10%
11106,10431,8.0,0.0,0%-10%
11106,10700,8.0,0.0,0%-10%
11106,10927,228.0,20.0,0%-10%
11106,10943,115.0,9.0,0%-10%
11106,11442,16.0,-0.0,0%-10%
11106,12867,16.0,-0.0,0%-10%
11106,13020,16.0,-0.0,0%-10%
11106,13386,8.0,-0.0,0%-10%
11106,13731,16.0,-0.0,0%-10%
11106,13854,60.0,5.0,0%-10%
11109,8601,89.0,-0.0,0%-10%
11201,411,182.0,15.0,0%-10%
11201,1113,16.0,-0.0,0%-10%
11201,1184,12.0,0.0,0%-10%
11201,1398,140.0,11.0,0%-10%
11201,1800,114.0,8.0,0%-10%
11201,1995,16.0,-0.0,0%-10%
11201,2203,16.0,-0.0,0%-10%
11201,2884,16.0,-0.0,0%-10%
11201,2940,16.0,-0.0,0%-10%
11201,2992,16.0,-0.0,0%-10%
11201,3003,16.0,-0.0,0%-10%
11201,3030,16.0,-0.0,0%-10%
11201,3047,400.0,35.0,0%-10%
11201,4629,16.0,-0.0,0%-10%
11201,4833,16.0,-0.0,0%-10%
11201,4983,14.0,0.0,0%-10%
11201,5471,16.0,-0.0,0%-10%
11201,5834,147.0,11.0,0%-10%
11201,6107,90.0,6.0,0%-10%
11201,6964,16.0,-0.0,0%-10%
11201,6994,160.0,13.0,0%-10%
11201,7413,80.0,-0.0,0%-10%
11201,9424,8.0,0.0,0%-10%
11201,9838,16.0,-0.0,0%-10%
11201,10588,16.0,-0.0,0%-10%
11201,11656,15.0,-0.0,0%-10%
11201,11661,16.0,-0.0,0%-10%
11201,11797,128.0,-0.0,0%-10%
11201,12759,95.0,7.0,0%-10%
11201,12953,132.0,10.0,0%-10%
11203,258,16.0,-0.0,0%-10%
11203,344,16.0,-0.0,0%-10%
11203,402,16.0,-0.0,0%-10%
11203,568,16.0,-0.0,0%-10%
11203,1496,14.0,0.0,0%-10%
11203,1526,16.0,-0.0,0%-10%
11203,2033,16.0,-0.0,0%-10%
11203,2425,6.0,0.0,0%-10%
11203,2477,16.0,-0.0,0%-10%
11203,3165,14.0,0.0,0%-10%
11203,3242,12.0,0.0,0%-10%
11203,3935,16.0,-0.0,0%-10%
11203,3954,35.0,2.0,0%-10%
11203,4373,12.0,0.0,0%-10%
11203,4557,14.0,0.0,0%-10%
11203,4739,16.0,-0.0,0%-10%
11203,4829,98.0,8.0,0%-10%
11203,5167,135.0,11.0,0%-10%
11203,5356,16.0,-0.0,0%-10%
11203,5392,156.0,13.0,0%-10%
11203,5467,20.0,1.0,0%-10%
11203,5846,16.0,-0.0,0%-10%
11203,5961,16.0,-0.0,0%-10%
11203,6177,16.0,-0.0,0%-10%
11203,6609,16.0,-0.0,0%-10%
11203,6672,16.0,-0.0,0%-10%
11203,6968,60.0,5.0,0%-10%
11203,7096,16.0,-0.0,0%-10%
11203,7215,119.0,9.0,0%-10%
11203,7286,16.0,-0.0,0%-10%
11203,7658,272.0,24.0,0%-10%
11203,7676,8.0,-0.0,0%-10%
11203,7697,138.0,11.0,0%-10%
11203,7710,16.0,-0.0,0%-10%
11203,7732,16.0,-0.0,0%-10%
11203,7761,146.0,12.0,0%-10%
11203,7916,83.0,6.0,0%-10%
11203,8062,16.0,-0.0,0%-10%
11203,8075,16.0,-0.0,0%-10%
11203,8396,16.0,-0.0,0%-10%
11203,8409,132.0,11.0,0%-10%
11203,8663,16.0,1.0,0%-10%
11203,8671,16.0,1.0,0%-10%
11203,8707,16.0,1.0,0%-10%
11203,8731,16.0,1.0,0%-10%
11203,8791,16.0,1.0,0%-10%
11203,9149,16.0,1.0,0%-10%
11203,9351,127.0,11.0,0%-10%
11203,9668,203.0,18.0,0%-10%
11203,9960,16.0,1.0,0%-10%
11203,10202,16.0,1.0,0%-10%
11203,10219,16.0,1.0,0%-10%
11203,10409,16.0,1.0,0%-10%
11203,10522,16.0,1.0,0%-10%
11203,10523,168.0,15.0,0%-10%
11203,10529,198.0,18.0,0%-10%
11203,10815,16.0,1.0,0%-10%
11203,10829,16.0,1.0,0%-10%
11203,11495,16.0,1.0,0%-10%
11203,11648,40.0,4.0,0%-10%
11203,11681,16.0,1.0,0%-10%
11203,12576,16.0,1.0,0%-10%
11203,12642,16.0,1.0,0%-10%
11203,12705,16.0,1.0,0%-10%
11203,13081,16.0,1.0,0%-10%
11203,13122,172.0,16.0,0%-10%
11203,13151,10.0,1.0,0%-10%
11203,13275,16.0,1.0,0%-10%
11203,13977,213.0,19.0,0%-10%
11203,14014,16.0,1.0,0%-10%
11203,14072,16.0,1.0,0%-10%
11203,14405,16.0,1.0,0%-10%
11203,14434,16.0,1.0,0%-10%
11203,14463,16.0,1.0,0%-10%
11203,15082,8.0,-0.0,0%-10%
11203,15160,8.0,0.0,0%-10%
11203,15391,16.0,1.0,0%-10%
11203,15562,16.0,1.0,0%-10%
11204,128,16.0,-0.0,0%-10%
11204,135,16.0,-0.0,0%-10%
11204,592,100.0,8.0,0%-10%
11204,1780,16.0,-0.0,0%-10%
11204,1842,16.0,-0.0,0%-10%
11204,1996,16.0,-0.0,0%-10%
11204,2544,131.0,11.0,0%-10%
11204,2656,16.0,-0.0,0%-10%
11204,2873,16.0,-0.0,0%-10%
11204,2882,16.0,-0.0,0%-10%
11204,2896,16.0,-0.0,0%-10%
11204,3311,173.0,15.0,0%-10%
11204,3505,16.0,-0.0,0%-10%
11204,3651,120.0,10.0,0%-10%
11204,4084,16.0,-0.0,0%-10%
11204,4245,201.0,20.0,0%-10%
11204,5459,16.0,-0.0,0%-10%
11204,5672,16.0,-0.0,0%-10%
11204,5813,127.0,-0.0,0%-10%
11204,6545,16.0,-0.0,0%-10%
11204,6992,149.0,12.0,0%-10%
11204,7311,350.0,31.0,0%-10%
11204,7687,16.0,-0.0,0%-10%
11204,7775,195.0,17.0,0%-10%
11204,7803,16.0,-0.0,0%-10%
11204,7911,16.0,-0.0,0%-10%
11204,8091,16.0,-0.0,0%-10%
11204,8313,16.0,-0.0,0%-10%
11204,9605,16.0,-0.0,0%-10%
11204,9721,111.0,9.0,0%-10%
11204,10750,16.0,-0.0,0%-10%
11204,11245,200.0,6.0,0%-10%
11204,11384,300.0,27.0,0%-10%
11204,11823,339.0,30.0,0%-10%
11204,11941,16.0,-0.0,0%-10%
11204,12336,16.0,-0.0,0%-10%
11204,12638,16.0,-0.0,0%-10%
11204,12922,16.0,-0.0,0%-10%
11204,13001,16.0,-0.0,0%-10%
11204,13518,16.0,-0.0,0%-10%
11204,13710,16.0,-0.0,0%-10%
11204,13874,16.0,-0.0,0%-10%
11204,14308,120.0,10.0,0%-10%
11204,14361,16.0,-0.0,0%-10%
11204,14385,16.0,-0.0,0%-10%
11204,14611,16.0,-0.0,0%-10%
11204,14637,16.0,-0.0,0%-10%
11204,15089,16.0,-0.0,0%-10%
11204,15275,16.0,-0.0,0%-10%
11204,15521,16.0,-0.0,0%-10%
11205,78,101.0,8.0,0%-10%
11205,185,8.0,-0.0,0%-10%
11205,422,8.0,-0.0,0%-10%
11205,544,8.0,-0.0,0%-10%
11205,991,166.0,14.0,0%-10%
11205,1386,191.0,16.0,0%-10%
11205,1832,16.0,-0.0,0%-10%
11205,1946,16.0,1.0,0%-10%
11205,2524,14.0,0.0,0%-10%
11205,2739,16.0,1.0,0%-10%
11205,3880,16.0,1.0,0%-10%
11205,6082,136.0,12.0,0%-10%
11205,6186,14.0,0.0,0%-10%
11205,8533,6.0,0.0,0%-10%
11205,10804,29.0,1.0,0%-10%
11205,12873,8.0,0.0,0%-10%
11205,14028,16.0,1.0,0%-10%
11205,14971,16.0,1.0,0%-10%
11205,14984,123.0,11.0,0%-10%
11205,15600,10.0,1.0,0%-10%
11206,223,45.0,3.0,0%-10%
11206,265,22.0,-0.0,0%-10%
11206,488,16.0,-0.0,0%-10%
11206,701,46.0,3.0,0%-10%
11206,1448,6.0,0.0,0%-10%
11206,1807,130.0,11.0,0%-10%
11206,2383,154.0,13.0,0%-10%
11206,2749,160.0,14.0,0%-10%
11206,2878,16.0,-0.0,0%-10%
11206,3626,6.0,0.0,0%-10%
11206,3642,115.0,-0.0,0%-10%
11206,3868,127.0,-0.0,0%-10%
11206,3948,10.0,-0.0,0%-10%
11206,4234,84.0,-0.0,0%-10%
11206,4450,226.0,22.0,0%-10%
11206,4912,16.0,-0.0,0%-10%
11206,4971,6.0,0.0,0%-10%
11206,5209,12.0,0.0,0%-10%
11206,5503,8.0,-0.0,0%-10%
11206,5581,7.0,-0.0,0%-10%
11206,5699,16.0,-0.0,0%-10%
11206,6439,190.0,8.0,0%-10%
11206,6514,30.0,2.0,0%-10%
11206,6540,12.0,0.0,0%-10%
11206,6847,16.0,-0.0,0%-10%
11206,7116,16.0,-0.0,0%-10%
11206,7735,8.0,0.0,0%-10%
11206,7978,8.0,-0.0,0%-10%
11206,8047,300.0,27.0,0%-10%
11206,8819,8.0,-0.0,0%-10%
11206,8820,16.0,-0.0,0%-10%
11206,8987,68.0,5.0,0%-10%
11206,9050,14.0,0.0,0%-10%
11206,9811,16.0,-0.0,0%-10%
11206,9948,140.0,12.0,0%-10%
11206,10211,16.0,-0.0,0%-10%
11206,10480,195.0,17.0,0%-10%
11206,10548,167.0,14.0,0%-10%
11206,10765,16.0,-0.0,0%-10%
11206,10988,16.0,-0.0,0%-10%
11206,11246,100.0,8.0,0%-10%
11206,11533,120.0,10.0,0%-10%
11206,11645,14.0,0.0,0%-10%
11206,11919,16.0,-0.0,0%-10%
11206,12092,16.0,-0.0,0%-10%
11206,12331,16.0,-0.0,0%-10%
11206,12354,8.0,-0.0,0%-10%
11206,12418,160.0,14.0,0%-10%
11206,12670,12.0,0.0,0%-10%
11206,12692,16.0,-0.0,0%-10%
11206,13297,16.0,-0.0,0%-10%
11206,13425,138.0,11.0,0%-10%
11206,13620,97.0,8.0,0%-10%
11206,13687,8.0,0.0,0%-10%
11206,13702,16.0,-0.0,0%-10%
11206,14204,16.0,-0.0,0%-10%
11206,14515,16.0,-0.0,0%-10%
11206,14648,128.0,-0.0,0%-10%
11207,138,16.0,-0.0,0%-10%
11207,527,16.0,-0.0,0%-10%
11207,668,16.0,-0.0,0%-10%
11207,716,16.0,-0.0,0%-10%
11207,846,16.0,-0.0,0%-10%
11207,864,100.0,8.0,0%-10%
11207,874,162.0,14.0,0%-10%
11207,915,8.0,-0.0,0%-10%
11207,981,16.0,-0.0,0%-10%
11207,1133,16.0,-0.0,0%-10%
11207,1267,16.0,-0.0,0%-10%
11207,1374,16.0,-0.0,0%-10%
11207,1414,14.0,0.0,0%-10%
11207,1847,16.0,-0.0,0%-10%
11207,1873,16.0,-0.0,0%-10%
11207,1874,72.0,2.0,0%-10%
11207,1979,8.0,-0.0,0%-10%
11207,2071,8.0,-0.0,0%-10%
11207,2079,16.0,-0.0,0%-10%
11207,2124,16.0,-0.0,0%-10%
11207,2257,231.0,20.0,0%-10%
11207,2369,16.0,-0.0,0%-10%
11207,2380,16.0,-0.0,0%-10%
11207,2706,16.0,-0.0,0%-10%
11207,2758,16.0,-0.0,0%-10%
11207,2766,16.0,-0.0,0%-10%
11207,2805,16.0,-0.0,0%-10%
11207,2812,16.0,-0.0,0%-10%
11207,3037,16.0,-0.0,0%-10%
11207,3107,16.0,-0.0,0%-10%
11207,3236,16.0,-0.0,0%-10%
11207,3281,16.0,-0.0,0%-10%
11207,3476,10.0,-0.0,0%-10%
11207,3681,6.0,0.0,0%-10%
11207,3692,16.0,-0.0,0%-10%
11207,3827,16.0,-0.0,0%-10%
11207,3883,16.0,-0.0,0%-10%
11207,3887,16.0,-0.0,0%-10%
11207,3890,16.0,-0.0,0%-10%
11207,3962,219.0,19.0,0%-10%
11207,3965,16.0,-0.0,0%-10%
11207,3980,16.0,-0.0,0%-10%
11207,4093,52.0,4.0,0%-10%
11207,4150,8.0,-0.0,0%-10%
11207,4260,16.0,-0.0,0%-10%
11207,4568,16.0,-0.0,0%-10%
11207,4792,16.0,-0.0,0%-10%
11207,4906,16.0,-0.0,0%-10%
11207,4914,14.0,0.0,0%-10%
11207,5024,175.0,15.0,0%-10%
11207,5025,26.0,1.0,0%-10%
11207,5250,16.0,-0.0,0%-10%
11207,5792,61.0,5.0,0%-10%
11207,6038,192.0,19.0,0%-10%
11207,6071,16.0,-0.0,0%-10%
11207,6159,140.0,12.0,0%-10%
11207,6204,114.0,9.0,0%-10%
11207,6237,16.0,1.0,0%-10%
11207,6250,16.0,1.0,0%-10%
11207,6269,16.0,1.0,0%-10%
11207,6305,312.0,29.0,0%-10%
11207,6345,16.0,1.0,0%-10%
11207,6447,120.0,11.0,0%-10%
11207,6499,8.0,-0.0,0%-10%
11207,6501,279.0,25.0,0%-10%
11207,6528,8.0,0.0,0%-10%
11207,6561,16.0,1.0,0%-10%
11207,6572,16.0,1.0,0%-10%
11207,6636,16.0,1.0,0%-10%
11207,6709,8.0,0.0,0%-10%
11207,6765,16.0,1.0,0%-10%
11207,6808,16.0,1.0,0%-10%
11207,6896,16.0,1.0,0%-10%
11207,6908,8.0,-0.0,0%-10%
11207,6944,16.0,1.0,0%-10%
11207,7095,16.0,1.0,0%-10%
11207,7139,16.0,1.0,0%-10%
11207,7199,16.0,1.0,0%-10%
11207,7497,16.0,1.0,0%-10%
11207,7689,16.0,1.0,0%-10%
11207,7818,116.0,10.0,0%-10%
11207,7822,16.0,1.0,0%-10%
11207,7914,16.0,1.0,0%-10%
11207,8045,102.0,9.0,0%-10%
11207,8068,16.0,1.0,0%-10%
11207,8088,16.0,1.0,0%-10%
11207,8133,23.0,1.0,0%-10%
11207,8184,16.0,1.0,0%-10%
11207,8207,10.0,1.0,0%-10%
11207,8360,16.0,1.0,0%-10%
11207,8436,17.0,1.0,0%-10%
11207,8568,16.0,1.0,0%-10%
11207,8648,146.0,13.0,0%-10%
11207,8930,16.0,1.0,0%-10%
11207,9043,16.0,1.0,0%-10%
11207,9153,16.0,1.0,0%-10%
11207,9198,16.0,1.0,0%-10%
11207,9248,16.0,1.0,0%-10%
11207,9285,8.0,-0.0,0%-10%
11207,9313,16.0,1.0,0%-10%
11207,9440,16.0,1.0,0%-10%
11207,9503,229.0,21.0,0%-10%
11207,9619,16.0,1.0,0%-10%
11207,9801,16.0,1.0,0%-10%
11207,9884,16.0,1.0,0%-10%
11207,9968,8.0,-0.0,0%-10%
11207,10095,16.0,1.0,0%-10%
11207,10263,92.0,8.0,0%-10%
11207,10366,164.0,15.0,0%-10%
11207,10759,16.0,1.0,0%-10%
11207,10984,16.0,1.0,0%-10%
11207,11150,16.0,1.0,0%-10%
11207,11306,16.0,1.0,0%-10%
11207,11420,16.0,1.0,0%-10%
11207,11460,16.0,1.0,0%-10%
11207,11569,16.0,1.0,0%-10%
11207,11745,168.0,15.0,0%-10%
11207,11852,87.0,8.0,0%-10%
11207,11883,176.0,16.0,0%-10%
11207,11933,34.0,2.0,0%-10%
11207,11945,16.0,1.0,0%-10%
11207,12180,16.0,1.0,0%-10%
11207,12343,16.0,1.0,0%-10%
11207,12420,16.0,1.0,0%-10%
11207,12519,16.0,1.0,0%-10%
11207,12541,16.0,1.0,0%-10%
11207,12772,16.0,1.0,0%-10%
11207,12852,16.0,1.0,0%-10%
11207,13027,16.0,1.0,0%-10%
11207,13135,16.0,1.0,0%-10%
11207,13180,16.0,1.0,0%-10%
11207,13306,16.0,1.0,0%-10%
11207,13331,16.0,1.0,0%-10%
11207,13623,16.0,1.0,0%-10%
11207,13705,16.0,1.0,0%-10%
11207,13859,16.0,1.0,0%-10%
11207,13994,16.0,1.0,0%-10%
11207,14042,16.0,1.0,0%-10%
11207,14049,16.0,1.0,0%-10%
11207,14099,16.0,1.0,0%-10%
11207,14137,16.0,1.0,0%-10%
11207,14243,90.0,8.0,0%-10%
11207,14273,16.0,1.0,0%-10%
11207,14379,102.0,9.0,0%-10%
11207,14399,16.0,1.0,0%-10%
11207,14569,130.0,12.0,0%-10%
11207,14599,103.0,9.0,0%-10%
11207,14609,16.0,1.0,0%-10%
11207,14628,231.0,21.0,0%-10%
11207,14810,8.0,-0.0,0%-10%
11207,14877,16.0,1.0,0%-10%
11207,14974,8.0,-0.0,0%-10%
11207,15080,14.0,0.0,0%-10%
11207,15148,15.0,1.0,0%-10%
11207,15417,16.0,1.0,0%-10%
11207,15560,124.0,11.0,0%-10%
11208,114,8.0,0.0,0%-10%
11208,530,14.0,0.0,0%-10%
11208,1001,8.0,-0.0,0%-10%
11208,1003,16.0,-0.0,0%-10%
11208,1169,8.0,-0.0,0%-10%
11208,1308,297.0,26.0,0%-10%
11208,1494,16.0,-0.0,0%-10%
11208,1499,10.0,-0.0,0%-10%
11208,1549,16.0,-0.0,0%-10%
11208,1565,210.0,18.0,0%-10%
11208,1710,80.0,-0.0,0%-10%
11208,1959,16.0,-0.0,0%-10%
11208,1964,117.0,9.0,0%-10%
11208,2073,16.0,-0.0,0%-10%
11208,2158,16.0,-0.0,0%-10%
11208,2201,16.0,-0.0,0%-10%
11208,2210,68.0,5.0,0%-10%
11208,2289,16.0,-0.0,0%-10%
11208,2589,16.0,-0.0,0%-10%
11208,2636,200.0,20.0,0%-10%
11208,2783,16.0,-0.0,0%-10%
11208,2842,16.0,-0.0,0%-10%
11208,2910,16.0,-0.0,0%-10%
11208,3072,14.0,0.0,0%-10%
11208,3325,8.0,-0.0,0%-10%
11208,3362,16.0,-0.0,0%-10%
11208,3366,671.0,61.0,0%-10%
11208,3509,16.0,-0.0,0%-10%
11208,3639,16.0,-0.0,0%-10%
11208,3697,16.0,-0.0,0%-10%
11208,3780,8.0,-0.0,0%-10%
11208,4116,300.0,27.0,0%-10%
11208,4268,15.0,-0.0,0%-10%
11208,4294,8.0,-0.0,0%-10%
11208,4305,16.0,-0.0,0%-10%
11208,4449,16.0,-0.0,0%-10%
11208,4493,7.0,-0.0,0%-10%
11208,4503,8.0,-0.0,0%-10%
11208,4605,186.0,16.0,0%-10%
11208,4628,16.0,-0.0,0%-10%
11208,4671,12.0,0.0,0%-10%
11208,4820,16.0,-0.0,0%-10%
11208,5003,16.0,-0.0,0%-10%
11208,5286,16.0,-0.0,0%-10%
11208,5323,16.0,-0.0,0%-10%
11208,5585,16.0,-0.0,0%-10%
11208,5659,10.0,-0.0,0%-10%
11208,5733,175.0,15.0,0%-10%
11208,5838,16.0,-0.0,0%-10%
11208,5839,8.0,-0.0,0%-10%
11208,5929,16.0,-0.0,0%-10%
11208,5963,16.0,-0.0,0%-10%
11208,5997,14.0,-0.0,0%-10%
11208,5998,16.0,-0.0,0%-10%
11208,6008,16.0,-0.0,0%-10%
11208,6053,8.0,-0.0,0%-10%
11208,6113,16.0,-0.0,0%-10%
11208,6229,16.0,-0.0,0%-10%
11208,6249,8.0,0.0,0%-10%
11208,6280,16.0,-0.0,0%-10%
11208,6368,16.0,-0.0,0%-10%
11208,6370,12.0,0.0,0%-10%
11208,6427,14.0,0.0,0%-10%
11208,6460,16.0,-0.0,0%-10%
11208,6469,160.0,14.0,0%-10%
11208,6576,14.0,0.0,0%-10%
11208,6665,16.0,-0.0,0%-10%
11208,6742,16.0,-0.0,0%-10%
11208,6813,16.0,-0.0,0%-10%
11208,6874,8.0,-0.0,0%-10%
11208,7142,111.0,9.0,0%-10%
11208,7235,16.0,-0.0,0%-10%
11208,7265,7.0,0.0,0%-10%
11208,7542,16.0,-0.0,0%-10%
11208,7683,16.0,-0.0,0%-10%
11208,7848,16.0,-0.0,0%-10%
11208,7852,167.0,14.0,0%-10%
11208,7897,16.0,-0.0,0%-10%
11208,8362,16.0,-0.0,0%-10%
11208,8386,16.0,-0.0,0%-10%
11208,8470,16.0,-0.0,0%-10%
11208,8480,16.0,-0.0,0%-10%
11208,8780,12.0,0.0,0%-10%
11208,8805,16.0,-0.0,0%-10%
11208,8812,14.0,0.0,0%-10%
11208,9273,10.0,-0.0,0%-10%
11208,9361,16.0,-0.0,0%-10%
11208,10000,16.0,-0.0,0%-10%
11208,10014,8.0,-0.0,0%-10%
11208,10569,16.0,-0.0,0%-10%
11208,10592,12.0,0.0,0%-10%
11208,10659,16.0,-0.0,0%-10%
11208,10826,16.0,-0.0,0%-10%
11208,10910,108.0,9.0,0%-10%
11208,10979,16.0,-0.0,0%-10%
11208,11123,16.0,-0.0,0%-10%
11208,11133,14.0,0.0,0%-10%
11208,11183,16.0,-0.0,0%-10%
11208,11244,16.0,-0.0,0%-10%
11208,11848,16.0,-0.0,0%-10%
11208,11884,16.0,-0.0,0%-10%
11208,11940,16.0,-0.0,0%-10%
11208,11970,16.0,-0.0,0%-10%
11208,12160,16.0,-0.0,0%-10%
11208,12489,200.0,20.0,0%-10%
11208,12830,16.0,1.0,0%-10%
11208,12909,16.0,1.0,0%-10%
11208,12971,16.0,1.0,0%-10%
11208,13409,16.0,1.0,0%-10%
11208,13410,16.0,1.0,0%-10%
11208,13414,8.0,-0.0,0%-10%
11208,13475,138.0,12.0,0%-10%
11208,13589,16.0,1.0,0%-10%
11208,13664,16.0,1.0,0%-10%
11208,13752,16.0,1.0,0%-10%
11208,13838,16.0,1.0,0%-10%
11208,13971,16.0,1.0,0%-10%
11208,14017,100.0,9.0,0%-10%
11208,14036,16.0,1.0,0%-10%
11208,14057,16.0,1.0,0%-10%
11208,14436,8.0,-0.0,0%-10%
11208,14464,153.0,14.0,0%-10%
11208,14694,16.0,1.0,0%-10%
11208,14755,16.0,1.0,0%-10%
11208,14876,16.0,1.0,0%-10%
11208,14952,16.0,1.0,0%-10%
11208,15213,16.0,1.0,0%-10%
11208,15487,16.0,1.0,0%-10%
11208,15499,16.0,1.0,0%-10%
11208,15555,16.0,1.0,0%-10%
11209,689,16.0,-0.0,0%-10%
11209,834,16.0,-0.0,0%-10%
11209,1966,16.0,-0.0,0%-10%
11209,2009,213.0,17.0,0%-10%
11209,3315,231.0,19.0,0%-10%
11209,4699,16.0,-0.0,0%-10%
11209,5144,16.0,-0.0,0%-10%
11209,6497,244.0,20.0,0%-10%
11209,7246,7.0,-0.0,0%-10%
11209,7327,16.0,-0.0,0%-10%
11209,7538,294.0,25.0,0%-10%
11209,8452,16.0,-0.0,0%-10%
11209,9038,16.0,-0.0,0%-10%
11209,9737,16.0,-0.0,0%-10%
11209,10371,16.0,-0.0,0%-10%
11209,10930,16.0,-0.0,0%-10%
11209,11586,16.0,-0.0,0%-10%
11209,11903,160.0,13.0,0%-10%
11209,13229,16.0,-0.0,0%-10%
11209,13256,66.0,4.0,0%-10%
11210,117,16.0,-0.0,0%-10%
11210,348,16.0,-0.0,0%-10%
11210,351,16.0,-0.0,0%-10%
11210,377,16.0,-0.0,0%-10%
11210,440,16.0,-0.0,0%-10%
11210,652,16.0,-0.0,0%-10%
11210,785,8.0,0.0,0%-10%
11210,810,16.0,-0.0,0%-10%
11210,1311,149.0,12.0,0%-10%
11210,1691,16.0,-0.0,0%-10%
11210,1924,16.0,-0.0,0%-10%
11210,2386,20.0,1.0,0%-10%
11210,2770,320.0,29.0,0%-10%
11210,3161,135.0,11.0,0%-10%
11210,3283,16.0,-0.0,0%-10%
11210,3723,16.0,-0.0,0%-10%
11210,3792,16.0,-0.0,0%-10%
11210,3830,165.0,14.0,0%-10%
11210,4255,16.0,-0.0,0%-10%
11210,4725,16.0,-0.0,0%-10%
11210,4759,16.0,-0.0,0%-10%
11210,5578,16.0,-0.0,0%-10%
11210,5786,16.0,-0.0,0%-10%
11210,6422,16.0,-0.0,0%-10%
11210,6851,16.0,-0.0,0%-10%
11210,7450,16.0,-0.0,0%-10%
11210,7641,70.0,3.0,0%-10%
11210,7810,16.0,-0.0,0%-10%
11210,8149,16.0,-0.0,0%-10%
11210,8329,16.0,-0.0,0%-10%
11210,8673,69.0,5.0,0%-10%
11210,8862,88.0,7.0,0%-10%
11210,8959,10.0,-0.0,0%-10%
11210,9443,16.0,-0.0,0%-10%
11210,9783,111.0,9.0,0%-10%
11210,10334,16.0,-0.0,0%-10%
11210,10411,16.0,-0.0,0%-10%
11210,10537,16.0,-0.0,0%-10%
11210,10635,16.0,-0.0,0%-10%
11210,11007,94.0,9.0,0%-10%
11210,11256,16.0,-0.0,0%-10%
11210,11268,16.0,-0.0,0%-10%
11210,11527,16.0,-0.0,0%-10%
11210,11809,16.0,-0.0,0%-10%
11210,11814,16.0,-0.0,0%-10%
11210,12200,16.0,-0.0,0%-10%
11210,12458,16.0,-0.0,0%-10%
11210,13688,16.0,-0.0,0%-10%
11210,13716,8.0,-0.0,0%-10%
11210,15369,175.0,16.0,0%-10%
11210,15403,16.0,1.0,0%-10%
11211,67,12.0,0.0,0%-10%
11211,69,284.0,25.0,0%-10%
11211,1443,6.0,0.0,0%-10%
11211,1573,80.0,6.0,0%-10%
11211,1803,278.0,24.0,0%-10%
11211,3660,6.0,0.0,0%-10%
11211,3670,16.0,-0.0,0%-10%
11211,3932,183.0,16.0,0%-10%
11211,4105,64.0,5.0,0%-10%
11211,4748,112.0,9.0,0%-10%
11211,4988,233.0,21.0,0%-10%
11211,6776,219.0,20.0,0%-10%
11211,7794,240.0,22.0,0%-10%
11211,8173,16.0,1.0,0%-10%
11211,8669,16.0,1.0,0%-10%
11211,9093,8.0,-0.0,0%-10%
11211,9115,16.0,1.0,0%-10%
11211,9151,37.0,3.0,0%-10%
11211,9156,10.0,1.0,0%-10%
11211,9349,120.0,11.0,0%-10%
11211,9372,8.0,0.0,0%-10%
11211,9730,6.0,0.0,0%-10%
11211,10083,100.0,9.0,0%-10%
11211,10554,8.0,-0.0,0%-10%
11211,11289,190.0,17.0,0%-10%
11211,11517,16.0,1.0,0%-10%
11211,11808,60.0,6.0,0%-10%
11211,15240,93.0,8.0,0%-10%
11211,15461,16.0,1.0,0%-10%
11212,426,16.0,-0.0,0%-10%
11212,437,16.0,-0.0,0%-10%
11212,517,16.0,-0.0,0%-10%
11212,604,16.0,-0.0,0%-10%
11212,719,16.0,-0.0,0%-10%
11212,739,16.0,-0.0,0%-10%
11212,742,14.0,0.0,0%-10%
11212,866,8.0,-0.0,0%-10%
11212,900,259.0,22.0,0%-10%
11212,980,16.0,-0.0,0%-10%
11212,1042,16.0,-0.0,0%-10%
11212,1097,66.0,5.0,0%-10%
11212,1122,202.0,20.0,0%-10%
11212,1456,117.0,11.0,0%-10%
11212,1457,16.0,-0.0,0%-10%
11212,1871,16.0,-0.0,0%-10%
11212,2066,144.0,12.0,0%-10%
11212,2164,16.0,-0.0,0%-10%
11212,2367,16.0,-0.0,0%-10%
11212,2453,16.0,-0.0,0%-10%
11212,2689,8.0,-0.0,0%-10%
11212,2825,16.0,-0.0,0%-10%
11212,2899,16.0,-0.0,0%-10%
11212,3337,7.0,-0.0,0%-10%
11212,3632,153.0,13.0,0%-10%
11212,3645,16.0,-0.0,0%-10%
11212,3725,60.0,5.0,0%-10%
11212,3763,16.0,-0.0,0%-10%
11212,3849,70.0,-0.0,0%-10%
11212,3984,16.0,-0.0,0%-10%
11212,3990,160.0,15.0,0%-10%
11212,4126,16.0,1.0,0%-10%
11212,4352,16.0,1.0,0%-10%
11212,4398,16.0,1.0,0%-10%
11212,4425,16.0,1.0,0%-10%
11212,4519,16.0,1.0,0%-10%
11212,4664,48.0,4.0,0%-10%
11212,4705,124.0,11.0,0%-10%
11212,4719,16.0,1.0,0%-10%
11212,5018,16.0,1.0,0%-10%
11212,5495,8.0,-0.0,0%-10%
11212,5572,58.0,5.0,0%-10%
11212,5796,16.0,1.0,0%-10%
11212,5812,33.0,3.0,0%-10%
11212,5944,8.0,-0.0,0%-10%
11212,6059,16.0,1.0,0%-10%
11212,6139,160.0,15.0,0%-10%
11212,6180,8.0,-0.0,0%-10%
11212,6194,16.0,1.0,0%-10%
11212,6234,30.0,3.0,0%-10%
11212,6242,16.0,1.0,0%-10%
11212,6297,16.0,1.0,0%-10%
11212,6309,16.0,1.0,0%-10%
11212,6718,85.0,7.0,0%-10%
11212,7086,16.0,1.0,0%-10%
11212,7146,16.0,1.0,0%-10%
11212,7185,16.0,1.0,0%-10%
11212,7430,144.0,13.0,0%-10%
11212,7502,16.0,1.0,0%-10%
11212,7503,8.0,-0.0,0%-10%
11212,7632,110.0,10.0,0%-10%
11212,7714,87.0,8.0,0%-10%
11212,7815,40.0,4.0,0%-10%
11212,7885,13.0,0.0,0%-10%
11212,7895,100.0,9.0,0%-10%
11212,8000,16.0,1.0,0%-10%
11212,8024,16.0,1.0,0%-10%
11212,8112,365.0,33.0,0%-10%
11212,8395,231.0,21.0,0%-10%
11212,8570,16.0,1.0,0%-10%
11212,8614,16.0,1.0,0%-10%
11212,8697,16.0,1.0,0%-10%
11212,8709,16.0,1.0,0%-10%
11212,8755,16.0,1.0,0%-10%
11212,8782,16.0,1.0,0%-10%
11212,8852,105.0,9.0,0%-10%
11212,8943,16.0,1.0,0%-10%
11212,9236,16.0,1.0,0%-10%
11212,9429,16.0,1.0,0%-10%
11212,9637,141.0,13.0,0%-10%
11212,9691,16.0,1.0,0%-10%
11212,9702,16.0,1.0,0%-10%
11212,9751,16.0,1.0,0%-10%
11212,9766,80.0,7.0,0%-10%
11212,9908,16.0,1.0,0%-10%
11212,10181,8.0,-0.0,0%-10%
11212,10367,20.0,2.0,0%-10%
11212,10380,194.0,18.0,0%-10%
11212,10513,16.0,1.0,0%-10%
11212,10538,40.0,4.0,0%-10%
11212,10618,177.0,16.0,0%-10%
11212,10997,16.0,1.0,0%-10%
11212,11067,16.0,1.0,0%-10%
11212,11216,16.0,1.0,0%-10%
11212,11263,16.0,1.0,0%-10%
11212,11333,14.0,0.0,0%-10%
11212,11335,16.0,1.0,0%-10%
11212,11512,16.0,1.0,0%-10%
11212,11623,8.0,0.0,0%-10%
11212,11752,23.0,1.0,0%-10%
11212,11982,16.0,1.0,0%-10%
11212,12320,111.0,10.0,0%-10%
11212,13370,66.0,6.0,0%-10%
11212,13426,8.0,-0.0,0%-10%
11212,13832,139.0,12.0,0%-10%
11212,14381,16.0,1.0,0%-10%
11212,14607,175.0,16.0,0%-10%
11212,14683,217.0,20.0,0%-10%
11212,14964,16.0,1.0,0%-10%
11212,15305,16.0,1.0,0%-10%
11213,501,57.0,4.0,0%-10%
11213,1038,31.0,2.0,0%-10%
11213,2280,120.0,10.0,0%-10%
11213,2286,16.0,-0.0,0%-10%
11213,3134,8.0,-0.0,0%-10%
11213,3322,30.0,2.0,0%-10%
11213,3332,16.0,-0.0,0%-10%
11213,3855,60.0,5.0,0%-10%
11213,3995,16.0,-0.0,0%-10%
11213,4049,150.0,13.0,0%-10%
11213,4054,49.0,3.0,0%-10%
11213,4311,6.0,0.0,0%-10%
11213,4592,16.0,-0.0,0%-10%
11213,4597,149.0,12.0,0%-10%
11213,4973,16.0,-0.0,0%-10%
11213,5544,16.0,1.0,0%-10%
11213,5556,261.0,24.0,0%-10%
11213,5862,16.0,1.0,0%-10%
11213,6245,120.0,11.0,0%-10%
11213,6441,8.0,0.0,0%-10%
11213,6668,16.0,1.0,0%-10%
11213,6879,31.0,3.0,0%-10%
11213,7241,172.0,16.0,0%-10%
11213,7298,168.0,15.0,0%-10%
11213,7847,16.0,1.0,0%-10%
11213,8107,8.0,-0.0,0%-10%
11213,8579,16.0,1.0,0%-10%
11213,8596,16.0,1.0,0%-10%
11213,8620,16.0,1.0,0%-10%
11213,8846,16.0,1.0,0%-10%
11213,8993,16.0,1.0,0%-10%
11213,9845,8.0,-0.0,0%-10%
11213,9847,16.0,1.0,0%-10%
11213,9871,16.0,1.0,0%-10%
11213,10090,16.0,1.0,0%-10%
11213,10111,16.0,1.0,0%-10%
11213,10210,51.0,5.0,0%-10%
11213,10989,8.0,-0.0,0%-10%
11213,11366,16.0,1.0,0%-10%
11213,13436,172.0,16.0,0%-10%
11213,14064,130.0,12.0,0%-10%
11213,14300,58.0,5.0,0%-10%
11213,14335,16.0,1.0,0%-10%
11213,15372,16.0,1.0,0%-10%
11214,226,16.0,-0.0,0%-10%
11214,786,16.0,-0.0,0%-10%
11214,2105,16.0,-0.0,0%-10%
11214,2733,16.0,-0.0,0%-10%
11214,2787,16.0,-0.0,0%-10%
11214,3142,16.0,-0.0,0%-10%
11214,3511,309.0,27.0,0%-10%
11214,3867,293.0,26.0,0%-10%
11214,4113,16.0,-0.0,0%-10%
11214,5014,108.0,9.0,0%-10%
11214,5042,93.0,7.0,0%-10%
11214,5242,5.0,0.0,0%-10%
11214,6921,12.0,0.0,0%-10%
11214,7001,16.0,-0.0,0%-10%
11214,7371,16.0,-0.0,0%-10%
11214,7422,16.0,-0.0,0%-10%
11214,7492,360.0,32.0,0%-10%
11214,7845,16.0,-0.0,0%-10%
11214,7965,16.0,-0.0,0%-10%
11214,8026,196.0,17.0,0%-10%
11214,8028,16.0,-0.0,0%-10%
11214,8311,466.0,42.0,0%-10%
11214,8807,16.0,-0.0,0%-10%
11214,8945,80.0,6.0,0%-10%
11214,8969,119.0,9.0,0%-10%
11214,9482,14.0,0.0,0%-10%
11214,11042,16.0,-0.0,0%-10%
11214,11087,104.0,8.0,0%-10%
11214,11484,16.0,-0.0,0%-10%
11214,14175,16.0,-0.0,0%-10%
11214,14579,51.0,4.0,0%-10%
11214,15531,16.0,-0.0,0%-10%
11215,329,62.0,5.0,0%-10%
11215,744,16.0,-0.0,0%-10%
11215,867,16.0,-0.0,0%-10%
11215,1026,16.0,-0.0,0%-10%
11215,1055,16.0,-0.0,0%-10%
11215,1056,16.0,-0.0,0%-10%
11215,1185,16.0,-0.0,0%-10%
11215,1367,16.0,-0.0,0%-10%
11215,1435,16.0,-0.0,0%-10%
11215,1514,16.0,-0.0,0%-10%
11215,1584,16.0,-0.0,0%-10%
11215,1950,140.0,12.0,0%-10%
11215,2109,14.0,-0.0,0%-10%
11215,2710,16.0,-0.0,0%-10%
11215,2727,12.0,0.0,0%-10%
11215,3567,14.0,-0.0,0%-10%
11215,3654,175.0,15.0,0%-10%
11215,3727,16.0,-0.0,0%-10%
11215,3941,16.0,-0.0,0%-10%
11215,3964,16.0,-0.0,0%-10%
11215,4141,16.0,-0.0,0%-10%
11215,4160,16.0,-0.0,0%-10%
11215,4197,16.0,-0.0,0%-10%
11215,4207,16.0,-0.0,0%-10%
11215,4295,16.0,-0.0,0%-10%
11215,4335,16.0,-0.0,0%-10%
11215,4821,14.0,0.0,0%-10%
11215,4981,16.0,-0.0,0%-10%
11215,5132,16.0,-0.0,0%-10%
11215,5151,16.0,-0.0,0%-10%
11215,5370,120.0,10.0,0%-10%
11215,5688,180.0,16.0,0%-10%
11215,5820,16.0,-0.0,0%-10%
11215,6075,7.0,-0.0,0%-10%
11215,6273,16.0,-0.0,0%-10%
11215,6374,16.0,-0.0,0%-10%
11215,6410,14.0,-0.0,0%-10%
11215,6767,16.0,-0.0,0%-10%
11215,6838,173.0,15.0,0%-10%
11215,6967,16.0,-0.0,0%-10%
11215,6984,16.0,-0.0,0%-10%
11215,7063,16.0,-0.0,0%-10%
11215,7154,16.0,-0.0,0%-10%
11215,7408,16.0,-0.0,0%-10%
11215,7744,16.0,1.0,0%-10%
11215,8139,16.0,1.0,0%-10%
11215,8169,16.0,1.0,0%-10%
11215,8615,16.0,1.0,0%-10%
11215,8629,14.0,0.0,0%-10%
11215,8658,16.0,1.0,0%-10%
11215,8835,16.0,1.0,0%-10%
11215,9111,16.0,1.0,0%-10%
11215,9122,16.0,1.0,0%-10%
11215,9154,14.0,-0.0,0%-10%
11215,9256,120.0,11.0,0%-10%
11215,9286,16.0,1.0,0%-10%
11215,9350,16.0,1.0,0%-10%
11215,10126,16.0,1.0,0%-10%
11215,10335,240.0,22.0,0%-10%
11215,10472,233.0,21.0,0%-10%
11215,10621,16.0,1.0,0%-10%
11215,10637,16.0,1.0,0%-10%
11215,11240,16.0,1.0,0%-10%
11215,11510,16.0,1.0,0%-10%
11215,11672,12.0,0.0,0%-10%
11215,11946,128.0,11.0,0%-10%
11215,12146,16.0,1.0,0%-10%
11215,12362,16.0,1.0,0%-10%
11215,12471,16.0,1.0,0%-10%
11215,12667,215.0,20.0,0%-10%
11215,12694,16.0,1.0,0%-10%
11215,13255,16.0,1.0,0%-10%
11215,13312,16.0,1.0,0%-10%
11215,13480,16.0,1.0,0%-10%
11215,13584,16.0,1.0,0%-10%
11215,13668,16.0,1.0,0%-10%
11215,13975,16.0,1.0,0%-10%
11215,14103,16.0,1.0,0%-10%
11215,14134,16.0,1.0,0%-10%
11215,14191,16.0,1.0,0%-10%
11215,14206,200.0,18.0,0%-10%
11215,14920,16.0,1.0,0%-10%
11215,15307,16.0,1.0,0%-10%
11215,15427,16.0,1.0,0%-10%
11215,15557,16.0,1.0,0%-10%
11216,453,100.0,7.0,0%-10%
11216,1797,16.0,-0.0,0%-10%
11216,2561,168.0,13.0,0%-10%
11216,2583,16.0,-0.0,0%-10%
11216,2622,47.0,2.0,0%-10%
11216,3149,12.0,0.0,0%-10%
11216,3552,16.0,-0.0,0%-10%
11216,3630,134.0,10.0,0%-10%
11216,3714,140.0,11.0,0%-10%
11216,3740,16.0,-0.0,0%-10%
11216,5139,16.0,-0.0,0%-10%
11216,5526,120.0,9.0,0%-10%
11216,6359,7.0,0.0,0%-10%
11216,7043,12.0,0.0,0%-10%
11216,7056,146.0,11.0,0%-10%
11216,7143,12.0,0.0,0%-10%
11216,7470,16.0,-0.0,0%-10%
11216,8252,60.0,4.0,0%-10%
11216,8929,80.0,-0.0,0%-10%
11216,9302,72.0,-0.0,0%-10%
11216,9592,60.0,4.0,0%-10%
11216,9698,40.0,2.0,0%-10%
11216,10149,280.0,24.0,0%-10%
11216,10311,8.0,0.0,0%-10%
11216,10405,16.0,-0.0,0%-10%
11216,10905,16.0,-0.0,0%-10%
11216,11249,16.0,-0.0,0%-10%
11216,11937,16.0,-0.0,0%-10%
11216,12177,16.0,-0.0,0%-10%
11216,13555,16.0,-0.0,0%-10%
11216,14707,16.0,-0.0,0%-10%
11216,14862,72.0,-0.0,0%-10%
11217,830,16.0,-0.0,0%-10%
11217,1562,7.0,0.0,0%-10%
11217,2025,8.0,0.0,0%-10%
11217,3094,193.0,9.0,0%-10%
11217,4040,16.0,-0.0,0%-10%
11217,5001,16.0,-0.0,0%-10%
11217,5416,16.0,-0.0,0%-10%
11217,5434,16.0,-0.0,0%-10%
11217,6759,16.0,-0.0,0%-10%
11217,8571,16.0,-0.0,0%-10%
11217,8763,16.0,-0.0,0%-10%
11217,9243,160.0,14.0,0%-10%
11217,9716,114.0,9.0,0%-10%
11217,10450,16.0,-0.0,0%-10%
11217,10677,120.0,10.0,0%-10%
11217,10871,16.0,-0.0,0%-10%
11217,11573,16.0,-0.0,0%-10%
11217,12274,16.0,-0.0,0%-10%
11217,13242,16.0,-0.0,0%-10%
11217,13590,16.0,-0.0,0%-10%
11217,13987,240.0,21.0,0%-10%
11217,15039,16.0,-0.0,0%-10%
11217,15277,16.0,-0.0,0%-10%
11217,15408,85.0,-0.0,0%-10%
11218,68,12.0,0.0,0%-10%
11218,184,16.0,-0.0,0%-10%
11218,251,13.0,0.0,0%-10%
11218,811,16.0,-0.0,0%-10%
11218,939,16.0,-0.0,0%-10%
11218,1131,68.0,5.0,0%-10%
11218,1739,16.0,-0.0,0%-10%
11218,1775,16.0,-0.0,0%-10%
11218,1779,16.0,-0.0,0%-10%
11218,2176,16.0,-0.0,0%-10%
11218,2184,16.0,-0.0,0%-10%
11218,2531,16.0,-0.0,0%-10%
11218,2867,16.0,-0.0,0%-10%
11218,3321,16.0,-0.0,0%-10%
11218,4383,16.0,-0.0,0%-10%
11218,4474,16.0,-0.0,0%-10%
11218,4606,16.0,-0.0,0%-10%
11218,4655,16.0,-0.0,0%-10%
11218,5080,36.0,2.0,0%-10%
11218,5120,16.0,-0.0,0%-10%
11218,5293,16.0,-0.0,0%-10%
11218,5325,250.0,22.0,0%-10%
11218,5916,58.0,5.0,0%-10%
11218,6380,276.0,25.0,0%-10%
11218,6468,16.0,1.0,0%-10%
11218,7216,237.0,21.0,0%-10%
11218,7799,8.0,-0.0,0%-10%
11218,7839,260.0,24.0,0%-10%
11218,8530,16.0,1.0,0%-10%
11218,8797,16.0,1.0,0%-10%
11218,8898,16.0,1.0,0%-10%
11218,9383,16.0,1.0,0%-10%
11218,9604,16.0,1.0,0%-10%
11218,9621,16.0,1.0,0%-10%
11218,9718,16.0,1.0,0%-10%
11218,9754,16.0,1.0,0%-10%
11218,10266,16.0,1.0,0%-10%
11218,10337,16.0,1.0,0%-10%
11218,11596,16.0,1.0,0%-10%
11218,11739,16.0,1.0,0%-10%
11218,11889,366.0,33.0,0%-10%
11218,11993,38.0,3.0,0%-10%
11218,12209,35.0,3.0,0%-10%
11218,12574,8.0,0.0,0%-10%
11218,12947,16.0,1.0,0%-10%
11218,13245,16.0,1.0,0%-10%
11218,13440,16.0,1.0,0%-10%
11218,13474,491.0,45.0,0%-10%
11218,13482,16.0,1.0,0%-10%
11218,13759,16.0,1.0,0%-10%
11218,13762,95.0,9.0,0%-10%
11218,14021,16.0,1.0,0%-10%
11218,14160,16.0,1.0,0%-10%
11218,14244,16.0,1.0,0%-10%
11218,14740,130.0,12.0,0%-10%
11218,14773,50.0,5.0,0%-10%
11218,15057,16.0,1.0,0%-10%
11218,15317,16.0,1.0,0%-10%
11218,15492,16.0,1.0,0%-10%
11219,418,16.0,-0.0,0%-10%
11219,852,214.0,18.0,0%-10%
11219,1444,16.0,-0.0,0%-10%
11219,2111,16.0,-0.0,0%-10%
11219,2421,16.0,-0.0,0%-10%
11219,2964,16.0,-0.0,0%-10%
11219,3196,16.0,-0.0,0%-10%
11219,3290,16.0,-0.0,0%-10%
11219,3416,10.0,-0.0,0%-10%
11219,3537,12.0,0.0,0%-10%
11219,3735,216.0,19.0,0%-10%
11219,4029,6.0,0.0,0%-10%
11219,4286,16.0,-0.0,0%-10%
11219,4436,16.0,-0.0,0%-10%
11219,4496,16.0,1.0,0%-10%
11219,5287,247.0,22.0,0%-10%
11219,5960,16.0,1.0,0%-10%
11219,6689,16.0,1.0,0%-10%
11219,6877,16.0,1.0,0%-10%
11219,7496,16.0,1.0,0%-10%
11219,7902,16.0,1.0,0%-10%
11219,8126,300.0,28.0,0%-10%
11219,8146,16.0,1.0,0%-10%
11219,9305,16.0,1.0,0%-10%
11219,9991,16.0,1.0,0%-10%
11219,10729,16.0,1.0,0%-10%
11219,10814,16.0,1.0,0%-10%
11219,10917,16.0,1.0,0%-10%
11219,10985,16.0,1.0,0%-10%
11219,11000,16.0,1.0,0%-10%
11219,11975,16.0,1.0,0%-10%
11219,11999,12.0,0.0,0%-10%
11219,12120,16.0,1.0,0%-10%
11219,12189,16.0,1.0,0%-10%
11219,12219,16.0,1.0,0%-10%
11219,12251,16.0,1.0,0%-10%
11219,12312,16.0,1.0,0%-10%
11219,12390,16.0,1.0,0%-10%
11219,12473,16.0,1.0,0%-10%
11219,12485,16.0,1.0,0%-10%
11219,12539,16.0,1.0,0%-10%
11219,12569,16.0,1.0,0%-10%
11219,12627,16.0,1.0,0%-10%
11219,12628,16.0,1.0,0%-10%
11219,12850,16.0,1.0,0%-10%
11219,12870,120.0,11.0,0%-10%
11219,12906,16.0,1.0,0%-10%
11219,13052,16.0,1.0,0%-10%
11219,13110,16.0,1.0,0%-10%
11219,13127,16.0,1.0,0%-10%
11219,13140,16.0,1.0,0%-10%
11219,13181,16.0,1.0,0%-10%
11219,13246,16.0,1.0,0%-10%
11219,13405,16.0,1.0,0%-10%
11219,13411,16.0,1.0,0%-10%
11219,13594,16.0,1.0,0%-10%
11219,13627,16.0,1.0,0%-10%
11219,13776,16.0,1.0,0%-10%
11219,13835,16.0,1.0,0%-10%
11219,13899,16.0,1.0,0%-10%
11219,13914,16.0,1.0,0%-10%
11219,14008,16.0,1.0,0%-10%
11219,14127,16.0,1.0,0%-10%
11219,14142,16.0,1.0,0%-10%
11219,14165,16.0,1.0,0%-10%
11219,14250,16.0,1.0,0%-10%
11219,14344,16.0,1.0,0%-10%
11219,14366,16.0,1.0,0%-10%
11219,14448,16.0,1.0,0%-10%
11219,14501,16.0,1.0,0%-10%
11219,14519,16.0,1.0,0%-10%
11219,14546,16.0,1.0,0%-10%
11219,14653,16.0,1.0,0%-10%
11219,14788,16.0,1.0,0%-10%
11219,14795,16.0,1.0,0%-10%
11219,14922,16.0,1.0,0%-10%
11219,14926,16.0,1.0,0%-10%
11219,14950,16.0,1.0,0%-10%
11219,14985,16.0,1.0,0%-10%
11219,14986,16.0,1.0,0%-10%
11219,14990,16.0,1.0,0%-10%
11219,15048,16.0,1.0,0%-10%
11219,15106,16.0,1.0,0%-10%
11219,15255,166.0,15.0,0%-10%
11219,15342,16.0,1.0,0%-10%
11219,15359,16.0,1.0,0%-10%
11219,15433,16.0,1.0,0%-10%
11219,15448,16.0,1.0,0%-10%
11219,15456,16.0,1.0,0%-10%
11219,15486,12.0,0.0,0%-10%
11219,15496,16.0,1.0,0%-10%
11220,121,16.0,-0.0,0%-10%
11220,220,16.0,-0.0,0%-10%
11220,635,60.0,4.0,0%-10%
11220,821,16.0,-0.0,0%-10%
11220,862,16.0,-0.0,0%-10%
11220,1892,12.0,0.0,0%-10%
11220,2558,16.0,-0.0,0%-10%
11220,3130,16.0,-0.0,0%-10%
11220,3190,318.0,27.0,0%-10%
11220,3506,12.0,0.0,0%-10%
11220,3824,14.0,0.0,0%-10%
11220,4541,180.0,15.0,0%-10%
11220,5363,16.0,-0.0,0%-10%
11220,5426,16.0,-0.0,0%-10%
11220,6036,16.0,-0.0,0%-10%
11220,6912,16.0,-0.0,0%-10%
11220,6930,16.0,-0.0,0%-10%
11220,6938,16.0,-0.0,0%-10%
11220,7097,8.0,-0.0,0%-10%
11220,7103,298.0,25.0,0%-10%
11220,7187,14.0,-0.0,0%-10%
11220,7436,16.0,-0.0,0%-10%
11220,7521,220.0,18.0,0%-10%
11220,8269,16.0,-0.0,0%-10%
11220,8332,16.0,-0.0,0%-10%
11220,8547,8.0,0.0,0%-10%
11220,9294,8.0,-0.0,0%-10%
11220,9591,16.0,-0.0,0%-10%
11220,9841,8.0,-0.0,0%-10%
11220,10107,16.0,-0.0,0%-10%
11220,10852,16.0,-0.0,0%-10%
11220,11009,16.0,-0.0,0%-10%
11220,11280,100.0,7.0,0%-10%
11220,11399,350.0,30.0,0%-10%
11220,11666,16.0,-0.0,0%-10%
11220,12003,16.0,-0.0,0%-10%
11220,12239,16.0,-0.0,0%-10%
11220,12504,96.0,7.0,0%-10%
11220,13257,12.0,0.0,0%-10%
11220,13558,16.0,-0.0,0%-10%
11220,14035,16.0,-0.0,0%-10%
11220,14713,160.0,13.0,0%-10%
11220,15169,16.0,-0.0,0%-10%
11220,15195,117.0,9.0,0%-10%
11220,15589,16.0,-0.0,0%-10%
11221,208,16.0,-0.0,0%-10%
11221,630,16.0,-0.0,0%-10%
11221,814,211.0,18.0,0%-10%
11221,863,16.0,-0.0,0%-10%
11221,957,16.0,-0.0,0%-10%
11221,1035,16.0,-0.0,0%-10%
11221,1083,80.0,6.0,0%-10%
11221,1145,74.0,6.0,0%-10%
11221,1339,59.0,4.0,0%-10%
11221,1360,16.0,-0.0,0%-10%
11221,1439,104.0,8.0,0%-10%
11221,1546,30.0,2.0,0%-10%
11221,2118,16.0,-0.0,0%-10%
11221,2459,301.0,27.0,0%-10%
11221,2653,16.0,-0.0,0%-10%
11221,2714,16.0,-0.0,0%-10%
11221,3238,16.0,-0.0,0%-10%
11221,3527,16.0,-0.0,0%-10%
11221,3568,16.0,-0.0,0%-10%
11221,3752,16.0,-0.0,0%-10%
11221,3790,16.0,-0.0,0%-10%
11221,3888,16.0,1.0,0%-10%
11221,4055,40.0,4.0,0%-10%
11221,4444,145.0,13.0,0%-10%
11221,4681,16.0,1.0,0%-10%
11221,4682,16.0,1.0,0%-10%
11221,4797,16.0,1.0,0%-10%
11221,4814,16.0,1.0,0%-10%
11221,5046,8.0,0.0,0%-10%
11221,5301,12.0,0.0,0%-10%
11221,5538,12.0,0.0,0%-10%
11221,5649,16.0,1.0,0%-10%
11221,5794,16.0,1.0,0%-10%
11221,5814,16.0,1.0,0%-10%
11221,6261,8.0,-0.0,0%-10%
11221,6789,12.0,0.0,0%-10%
11221,7090,36.0,3.0,0%-10%
11221,7322,16.0,1.0,0%-10%
11221,7475,16.0,1.0,0%-10%
11221,7592,16.0,1.0,0%-10%
11221,7924,16.0,1.0,0%-10%
11221,8194,16.0,1.0,0%-10%
11221,8287,16.0,1.0,0%-10%
11221,8306,16.0,1.0,0%-10%
11221,8836,16.0,1.0,0%-10%
11221,9253,14.0,0.0,0%-10%
11221,9550,75.0,7.0,0%-10%
11221,9720,16.0,1.0,0%-10%
11221,9742,16.0,1.0,0%-10%
11221,9808,136.0,12.0,0%-10%
11221,9931,16.0,1.0,0%-10%
11221,10494,306.0,28.0,0%-10%
11221,10646,158.0,14.0,0%-10%
11221,10723,16.0,1.0,0%-10%
11221,10727,14.0,0.0,0%-10%
11221,10906,16.0,1.0,0%-10%
11221,10911,16.0,1.0,0%-10%
11221,10950,16.0,1.0,0%-10%
11221,11110,16.0,1.0,0%-10%
11221,11224,120.0,11.0,0%-10%
11221,11231,140.0,13.0,0%-10%
11221,11577,14.0,0.0,0%-10%
11221,11748,16.0,1.0,0%-10%
11221,11758,16.0,1.0,0%-10%
11221,11960,7.0,0.0,0%-10%
11221,12028,16.0,1.0,0%-10%
11221,12173,16.0,1.0,0%-10%
11221,12245,16.0,1.0,0%-10%
11221,12536,16.0,1.0,0%-10%
11221,12740,16.0,1.0,0%-10%
11221,12991,16.0,1.0,0%-10%
11221,13359,16.0,1.0,0%-10%
11221,14171,16.0,1.0,0%-10%
11221,14246,16.0,1.0,0%-10%
11221,14370,16.0,1.0,0%-10%
11221,14420,140.0,13.0,0%-10%
11221,14427,6.0,0.0,0%-10%
11221,14646,10.0,1.0,0%-10%
11221,14750,16.0,1.0,0%-10%
11221,15315,23.0,1.0,0%-10%
11222,1586,16.0,-0.0,0%-10%
11222,2050,240.0,24.0,0%-10%
11222,4694,18.0,-0.0,0%-10%
11222,5056,56.0,0.0,0%-10%
11222,6593,150.0,5.0,0%-10%
11222,7479,114.0,0.0,0%-10%
11222,8161,16.0,-0.0,0%-10%
11222,8795,14.0,0.0,0%-10%
11222,9328,16.0,-0.0,0%-10%
11222,9692,16.0,-0.0,0%-10%
11222,12446,16.0,-0.0,0%-10%
11223,419,16.0,-0.0,0%-10%
11223,1599,16.0,-0.0,0%-10%
11223,2365,16.0,-0.0,0%-10%
11223,2951,155.0,12.0,0%-10%
11223,3180,111.0,8.0,0%-10%
11223,3732,8.0,0.0,0%-10%
11223,4075,260.0,22.0,0%-10%
11223,4706,16.0,-0.0,0%-10%
11223,7075,16.0,-0.0,0%-10%
11223,7425,16.0,-0.0,0%-10%
11223,7525,14.0,0.0,0%-10%
11223,7691,16.0,-0.0,0%-10%
11223,9002,118.0,-0.0,0%-10%
11223,9396,366.0,31.0,0%-10%
11223,10679,16.0,-0.0,0%-10%
11223,10709,16.0,-0.0,0%-10%
11223,11641,240.0,20.0,0%-10%
11223,12093,16.0,-0.0,0%-10%
11223,14526,16.0,-0.0,0%-10%
11224,1050,153.0,12.0,0%-10%
11224,1234,16.0,-0.0,0%-10%
11224,1929,159.0,12.0,0%-10%
11224,3039,120.0,9.0,0%-10%
11224,3685,68.0,4.0,0%-10%
11224,3806,16.0,-0.0,0%-10%
11224,4808,14.0,0.0,0%-10%
11224,5285,180.0,15.0,0%-10%
11224,7599,16.0,-0.0,0%-10%
11224,8789,35.0,1.0,0%-10%
11224,9489,86.0,-0.0,0%-10%
11224,9935,121.0,9.0,0%-10%
11224,10880,16.0,-0.0,0%-10%
11224,11668,16.0,-0.0,0%-10%
11224,12893,125.0,9.0,0%-10%
11224,13233,16.0,-0.0,0%-10%
11224,14178,8.0,0.0,0%-10%
11225,8,16.0,-0.0,0%-10%
11225,113,16.0,-0.0,0%-10%
11225,147,16.0,-0.0,0%-10%
11225,171,288.0,25.0,0%-10%
11225,177,16.0,-0.0,0%-10%
11225,390,160.0,14.0,0%-10%
11225,504,14.0,0.0,0%-10%
11225,613,0.0,0.0,N/A
11225,1255,12.0,0.0,0%-10%
11225,1257,16.0,-0.0,0%-10%
11225,2027,12.0,0.0,0%-10%
11225,2798,16.0,-0.0,0%-10%
11225,3132,16.0,-0.0,0%-10%
11225,3813,16.0,-0.0,0%-10%
11225,4276,16.0,-0.0,0%-10%
11225,4347,16.0,-0.0,0%-10%
11225,5473,16.0,-0.0,0%-10%
11225,5777,16.0,-0.0,0%-10%
11225,5828,16.0,-0.0,0%-10%
11225,6002,103.0,8.0,0%-10%
11225,6619,16.0,-0.0,0%-10%
11225,6865,16.0,-0.0,0%-10%
11225,7360,8.0,0.0,0%-10%
11225,7465,16.0,-0.0,0%-10%
11225,7877,16.0,-0.0,0%-10%
11225,7976,16.0,-0.0,0%-10%
11225,8320,8.0,-0.0,0%-10%
11225,8490,222.0,19.0,0%-10%
11225,8521,16.0,1.0,0%-10%
11225,9072,16.0,1.0,0%-10%
11225,9077,14.0,-0.0,0%-10%
11225,9580,16.0,1.0,0%-10%
11225,9634,33.0,3.0,0%-10%
11225,9654,102.0,9.0,0%-10%
11225,9675,200.0,18.0,0%-10%
11225,9820,10.0,1.0,0%-10%
11225,9835,50.0,5.0,0%-10%
11225,9924,16.0,1.0,0%-10%
11225,10284,30.0,3.0,0%-10%
11225,10477,8.0,-0.0,0%-10%
11225,10546,44.0,4.0,0%-10%
11225,11343,26.0,2.0,0%-10%
11225,11397,148.0,13.0,0%-10%
11225,11649,16.0,1.0,0%-10%
11225,11760,16.0,1.0,0%-10%
11225,12076,8.0,-0.0,0%-10%
11225,13232,16.0,1.0,0%-10%
11225,13394,16.0,1.0,0%-10%
11225,13629,16.0,1.0,0%-10%
11225,14157,13.0,0.0,0%-10%
11225,14280,16.0,1.0,0%-10%
11225,14684,16.0,1.0,0%-10%
11225,15533,16.0,1.0,0%-10%
11226,9,16.0,-0.0,0%-10%
11226,133,14.0,0.0,0%-10%
11226,436,285.0,25.0,0%-10%
11226,1049,25.0,1.0,0%-10%
11226,1100,10.0,-0.0,0%-10%
11226,1156,170.0,15.0,0%-10%
11226,1228,16.0,-0.0,0%-10%
11226,1256,193.0,19.0,0%-10%
11226,1577,14.0,-0.0,0%-10%
11226,2010,8.0,-0.0,0%-10%
11226,2245,43.0,3.0,0%-10%
11226,2372,16.0,-0.0,0%-10%
11226,2639,8.0,-0.0,0%-10%
11226,2673,14.0,0.0,0%-10%
11226,2792,116.0,11.0,0%-10%
11226,2924,16.0,-0.0,0%-10%
11226,3055,55.0,4.0,0%-10%
11226,3090,16.0,-0.0,0%-10%
11226,4224,16.0,-0.0,0%-10%
11226,4401,134.0,11.0,0%-10%
11226,4630,22.0,-0.0,0%-10%
11226,4742,80.0,1.0,0%-10%
11226,4762,8.0,-0.0,0%-10%
11226,5090,8.0,-0.0,0%-10%
11226,5329,16.0,-0.0,0%-10%
11226,5354,8.0,0.0,0%-10%
11226,5382,113.0,9.0,0%-10%
11226,5779,16.0,-0.0,0%-10%
11226,5824,24.0,-0.0,0%-10%
11226,5954,16.0,-0.0,0%-10%
11226,6092,16.0,-0.0,0%-10%
11226,6138,8.0,-0.0,0%-10%
11226,6747,16.0,-0.0,0%-10%
11226,6909,16.0,-0.0,0%-10%
11226,7005,16.0,-0.0,0%-10%
11226,7069,6.0,0.0,0%-10%
11226,7134,8.0,-0.0,0%-10%
11226,7150,16.0,-0.0,0%-10%
11226,7227,16.0,-0.0,0%-10%
11226,7277,16.0,-0.0,0%-10%
11226,7489,16.0,-0.0,0%-10%
11226,7589,16.0,-0.0,0%-10%
11226,7716,8.0,0.0,0%-10%
11226,7835,16.0,-0.0,0%-10%
11226,7985,131.0,12.0,0%-10%
11226,7998,178.0,16.0,0%-10%
11226,8308,16.0,1.0,0%-10%
11226,8793,16.0,1.0,0%-10%
11226,9447,16.0,1.0,0%-10%
11226,9496,16.0,1.0,0%-10%
11226,9707,30.0,3.0,0%-10%
11226,9767,16.0,1.0,0%-10%
11226,9942,16.0,1.0,0%-10%
11226,9966,16.0,1.0,0%-10%
11226,10057,125.0,11.0,0%-10%
11226,10061,8.0,-0.0,0%-10%
11226,10091,16.0,1.0,0%-10%
11226,10542,28.0,1.0,0%-10%
11226,10689,16.0,1.0,0%-10%
11226,10848,14.0,0.0,0%-10%
11226,10991,210.0,19.0,0%-10%
11226,11212,16.0,1.0,0%-10%
11226,11229,16.0,1.0,0%-10%
11226,11267,16.0,1.0,0%-10%
11226,11329,16.0,1.0,0%-10%
11226,11369,16.0,1.0,0%-10%
11226,11639,16.0,1.0,0%-10%
11226,11709,8.0,-0.0,0%-10%
11226,11757,16.0,1.0,0%-10%
11226,11996,8.0,-0.0,0%-10%
11226,12223,16.0,1.0,0%-10%
11226,12672,64.0,6.0,0%-10%
11226,13850,12.0,0.0,0%-10%
11226,13904,175.0,16.0,0%-10%
11226,14179,16.0,1.0,0%-10%
11226,14318,16.0,1.0,0%-10%
11226,14573,16.0,1.0,0%-10%
11226,14714,16.0,1.0,0%-10%
11226,15228,47.0,4.0,0%-10%
11226,15400,39.0,3.0,0%-10%
11228,2437,16.0,1.0,0%-10%
11228,3121,140.0,13.0,0%-10%
11228,4008,16.0,1.0,0%-10%
11228,4321,301.0,28.0,0%-10%
11228,4899,16.0,1.0,0%-10%
11228,5119,220.0,22.0,0%-10%
11228,6015,16.0,1.0,0%-10%
11228,6175,100.0,9.0,0%-10%
11228,8266,115.0,11.0,0%-10%
11228,10925,16.0,1.0,0%-10%
11228,11459,224.0,22.0,0%-10%
11228,12703,16.0,1.0,0%-10%
11228,13596,81.0,8.0,0%-10%
11228,13866,16.0,1.0,0%-10%
11229,1123,290.0,26.0,0%-10%
11229,1674,16.0,-0.0,0%-10%
11229,2223,16.0,-0.0,0%-10%
11229,2350,16.0,-0.0,0%-10%
11229,2430,60.0,5.0,0%-10%
11229,2491,16.0,-0.0,0%-10%
11229,2995,120.0,10.0,0%-10%
11229,3064,16.0,-0.0,0%-10%
11229,3202,88.0,7.0,0%-10%
11229,3342,16.0,-0.0,0%-10%
11229,3409,16.0,-0.0,0%-10%
11229,4153,16.0,-0.0,0%-10%
11229,4859,189.0,16.0,0%-10%
11229,5291,16.0,-0.0,0%-10%
11229,5922,16.0,-0.0,0%-10%
11229,7679,16.0,-0.0,0%-10%
11229,7721,16.0,-0.0,0%-10%
11229,7737,16.0,-0.0,0%-10%
11229,8233,139.0,11.0,0%-10%
11229,8469,175.0,16.0,0%-10%
11229,8491,7.0,-0.0,0%-10%
11229,8751,16.0,1.0,0%-10%
11229,9044,16.0,1.0,0%-10%
11229,9070,16.0,1.0,0%-10%
11229,9474,16.0,1.0,0%-10%
11229,9568,80.0,7.0,0%-10%
11229,10032,16.0,1.0,0%-10%
11229,10289,16.0,1.0,0%-10%
11229,10429,72.0,6.0,0%-10%
11229,10606,220.0,20.0,0%-10%
11229,10844,16.0,1.0,0%-10%
11229,11632,16.0,1.0,0%-10%
11229,12381,16.0,1.0,0%-10%
11229,13639,16.0,1.0,0%-10%
11229,13951,16.0,1.0,0%-10%
11229,15132,16.0,1.0,0%-10%
11230,221,16.0,-0.0,0%-10%
11230,709,16.0,-0.0,0%-10%
11230,831,16.0,-0.0,0%-10%
11230,1559,16.0,-0.0,0%-10%
11230,2011,300.0,26.0,0%-10%
11230,3099,16.0,-0.0,0%-10%
11230,3354,112.0,8.0,0%-10%
11230,3431,16.0,-0.0,0%-10%
11230,3587,16.0,-0.0,0%-10%
11230,4539,16.0,-0.0,0%-10%
11230,5515,16.0,-0.0,0%-10%
11230,5583,16.0,-0.0,0%-10%
11230,5667,16.0,-0.0,0%-10%
11230,7583,16.0,-0.0,0%-10%
11230,7930,16.0,-0.0,0%-10%
11230,8082,16.0,-0.0,0%-10%
11230,8192,14.0,-0.0,0%-10%
11230,8654,16.0,-0.0,0%-10%
11230,9676,14.0,-0.0,0%-10%
11230,9906,16.0,-0.0,0%-10%
11230,11040,16.0,-0.0,0%-10%
11230,11128,16.0,-0.0,0%-10%
11230,11230,16.0,-0.0,0%-10%
11230,11443,16.0,-0.0,0%-10%
11230,11694,16.0,-0.0,0%-10%
11230,11895,16.0,-0.0,0%-10%
11230,14161,16.0,-0.0,0%-10%
11230,15575,16.0,-0.0,0%-10%
11231,144,16.0,-0.0,0%-10%
11231,388,16.0,-0.0,0%-10%
11231,686,230.0,20.0,0%-10%
11231,926,202.0,17.0,0%-10%
11231,1021,101.0,8.0,0%-10%
11231,1023,16.0,-0.0,0%-10%
11231,1072,14.0,0.0,0%-10%
11231,1192,16.0,1.0,0%-10%
11231,1469,16.0,1.0,0%-10%
11231,2036,120.0,11.0,0%-10%
11231,2391,6.0,0.0,0%-10%
11231,3943,16.0,1.0,0%-10%
11231,4190,16.0,1.0,0%-10%
11231,4358,16.0,1.0,0%-10%
11231,4514,16.0,1.0,0%-10%
11231,4661,16.0,1.0,0%-10%
11231,4723,16.0,1.0,0%-10%
11231,4978,16.0,1.0,0%-10%
11231,5429,20.0,2.0,0%-10%
11231,5974,16.0,1.0,0%-10%
11231,6563,16.0,1.0,0%-10%
11231,6655,192.0,17.0,0%-10%
11231,6849,16.0,1.0,0%-10%
11231,7057,32.0,3.0,0%-10%
11231,7527,66.0,6.0,0%-10%
11231,7587,14.0,0.0,0%-10%
11231,7834,16.0,1.0,0%-10%
11231,8205,16.0,1.0,0%-10%
11231,8995,16.0,1.0,0%-10%
11231,10359,16.0,1.0,0%-10%
11231,10476,16.0,1.0,0%-10%
11231,11169,16.0,1.0,0%-10%
11231,12752,16.0,1.0,0%-10%
11231,14045,16.0,1.0,0%-10%
11231,14284,16.0,1.0,0%-10%
11231,14438,16.0,1.0,0%-10%
11231,15026,65.0,6.0,0%-10%
11232,498,294.0,26.0,0%-10%
11232,967,73.0,5.0,0%-10%
11232,1421,16.0,-0.0,0%-10%
11232,1503,10.0,-0.0,0%-10%
11232,2577,16.0,-0.0,0%-10%
11232,2585,16.0,-0.0,0%-10%
11232,3041,16.0,-0.0,0%-10%
11232,3515,8.0,0.0,0%-10%
11232,4117,16.0,-0.0,0%-10%
11232,4713,16.0,-0.0,0%-10%
11232,5045,16.0,-0.0,0%-10%
11232,5062,6.0,0.0,0%-10%
11232,5835,360.0,32.0,0%-10%
11232,5851,16.0,-0.0,0%-10%
11232,6108,16.0,-0.0,0%-10%
11232,6220,16.0,-0.0,0%-10%
11232,7201,16.0,1.0,0%-10%
11232,7539,16.0,1.0,0%-10%
11232,7570,16.0,1.0,0%-10%
11232,7723,16.0,1.0,0%-10%
11232,8513,7.0,0.0,0%-10%
11232,8871,8.0,-0.0,0%-10%
11232,9206,16.0,1.0,0%-10%
11232,9861,8.0,-0.0,0%-10%
11232,10336,16.0,1.0,0%-10%
11232,10899,380.0,35.0,0%-10%
11232,11930,16.0,1.0,0%-10%
11232,12044,16.0,1.0,0%-10%
11232,12474,16.0,1.0,0%-10%
11232,12625,209.0,19.0,0%-10%
11232,13973,16.0,1.0,0%-10%
11232,14930,16.0,1.0,0%-10%
11233,109,16.0,-0.0,0%-10%
11233,131,16.0,-0.0,0%-10%
11233,231,111.0,9.0,0%-10%
11233,359,80.0,-0.0,0%-10%
11233,600,191.0,19.0,0%-10%
11233,624,16.0,-0.0,0%-10%
11233,691,208.0,18.0,0%-10%
11233,1437,19.0,-0.0,0%-10%
11233,1634,219.0,19.0,0%-10%
11233,2611,16.0,-0.0,0%-10%
11233,3187,16.0,-0.0,0%-10%
11233,3199,16.0,-0.0,0%-10%
11233,3539,300.0,27.0,0%-10%
11233,3694,16.0,-0.0,0%-10%
11233,3718,16.0,-0.0,0%-10%
11233,3738,16.0,-0.0,0%-10%
11233,3753,8.0,-0.0,0%-10%
11233,3768,16.0,-0.0,0%-10%
11233,3967,16.0,-0.0,0%-10%
11233,5481,16.0,-0.0,0%-10%
11233,5597,16.0,-0.0,0%-10%
11233,5600,191.0,1.0,0%-10%
11233,5722,14.0,0.0,0%-10%
11233,5758,16.0,-0.0,0%-10%
11233,5810,16.0,-0.0,0%-10%
11233,6795,16.0,-0.0,0%-10%
11233,7029,123.0,10.0,0%-10%
11233,7466,16.0,-0.0,0%-10%
11233,7565,16.0,-0.0,0%-10%
11233,7752,184.0,16.0,0%-10%
11233,7921,16.0,-0.0,0%-10%
11233,8576,49.0,3.0,0%-10%
11233,8788,16.0,-0.0,0%-10%
11233,8802,16.0,-0.0,0%-10%
11233,8927,99.0,8.0,0%-10%
11233,8937,200.0,20.0,0%-10%
11233,9119,16.0,-0.0,0%-10%
11233,9441,14.0,-0.0,0%-10%
11233,9511,119.0,-0.0,0%-10%
11233,9759,16.0,-0.0,0%-10%
11233,9919,16.0,-0.0,0%-10%
11233,10225,16.0,-0.0,0%-10%
11233,10531,100.0,8.0,0%-10%
11233,10914,16.0,-0.0,0%-10%
11233,10934,16.0,-0.0,0%-10%
11233,10964,16.0,-0.0,0%-10%
11233,11704,16.0,-0.0,0%-10%
11233,11735,16.0,-0.0,0%-10%
11233,11759,86.0,-0.0,0%-10%
11233,12078,8.0,-0.0,0%-10%
11233,12666,16.0,-0.0,0%-10%
11233,12738,8.0,-0.0,0%-10%
11233,12823,30.0,2.0,0%-10%
11233,12933,150.0,13.0,0%-10%
11233,13465,47.0,3.0,0%-10%
11233,13495,154.0,13.0,0%-10%
11233,14266,20.0,1.0,0%-10%
11233,14395,16.0,-0.0,0%-10%
11233,15061,8.0,0.0,0%-10%
11233,15107,16.0,-0.0,0%-10%
11233,15131,50.0,4.0,0%-10%
11233,15377,97.0,8.0,0%-10%
11234,91,100.0,8.0,0%-10%
11234,333,16.0,-0.0,0%-10%
11234,408,16.0,-0.0,0%-10%
11234,412,200.0,17.0,0%-10%
11234,723,16.0,-0.0,0%-10%
11234,972,231.0,20.0,0%-10%
11234,1031,16.0,-0.0,0%-10%
11234,1045,16.0,-0.0,0%-10%
11234,1509,16.0,-0.0,0%-10%
11234,1590,16.0,-0.0,0%-10%
11234,1791,16.0,-0.0,0%-10%
11234,1926,100.0,8.0,0%-10%
11234,2038,16.0,-0.0,0%-10%
11234,2110,160.0,14.0,0%-10%
11234,2174,16.0,-0.0,0%-10%
11234,2259,16.0,-0.0,0%-10%
11234,2358,16.0,-0.0,0%-10%
11234,2360,14.0,0.0,0%-10%
11234,2553,172.0,15.0,0%-10%
11234,2560,16.0,-0.0,0%-10%
11234,2571,16.0,1.0,0%-10%
11234,2835,40.0,4.0,0%-10%
11234,3085,16.0,1.0,0%-10%
11234,3363,16.0,1.0,0%-10%
11234,3451,16.0,1.0,0%-10%
11234,3688,16.0,1.0,0%-10%
11234,3751,12.0,0.0,0%-10%
11234,3835,16.0,1.0,0%-10%
11234,3843,304.0,28.0,0%-10%
11234,4047,288.0,26.0,0%-10%
11234,4459,16.0,1.0,0%-10%
11234,4691,120.0,11.0,0%-10%
11234,4823,16.0,1.0,0%-10%
11234,4905,16.0,1.0,0%-10%
11234,5249,16.0,1.0,0%-10%
11234,5557,16.0,1.0,0%-10%
11234,5651,16.0,1.0,0%-10%
11234,5679,12.0,0.0,0%-10%
11234,5969,8.0,-0.0,0%-10%
11234,6078,16.0,1.0,0%-10%
11234,6152,16.0,1.0,0%-10%
11234,6407,16.0,1.0,0%-10%
11234,6478,16.0,1.0,0%-10%
11234,6489,16.0,1.0,0%-10%
11234,6654,123.0,11.0,0%-10%
11234,6822,12.0,0.0,0%-10%
11234,6934,16.0,1.0,0%-10%
11234,7042,16.0,1.0,0%-10%
11234,7253,16.0,1.0,0%-10%
11234,7783,16.0,1.0,0%-10%
11234,7878,8.0,-0.0,0%-10%
11234,8575,16.0,1.0,0%-10%
11234,8624,16.0,1.0,0%-10%
11234,9857,16.0,1.0,0%-10%
11234,10034,16.0,1.0,0%-10%
11234,10130,8.0,0.0,0%-10%
11234,10857,80.0,7.0,0%-10%
11234,11551,16.0,1.0,0%-10%
11234,12012,16.0,1.0,0%-10%
11234,12163,16.0,1.0,0%-10%
11234,12452,16.0,1.0,0%-10%
11234,12710,16.0,1.0,0%-10%
11234,12749,16.0,1.0,0%-10%
11234,12766,16.0,1.0,0%-10%
11234,12796,14.0,0.0,0%-10%
11234,12942,16.0,1.0,0%-10%
11234,13101,16.0,1.0,0%-10%
11234,13599,16.0,1.0,0%-10%
11234,13751,16.0,1.0,0%-10%
11234,14297,16.0,1.0,0%-10%
11234,14404,16.0,1.0,0%-10%
11234,15084,16.0,1.0,0%-10%
11234,15201,16.0,1.0,0%-10%
11234,15420,16.0,1.0,0%-10%
11235,272,16.0,-0.0,0%-10%
11235,324,60.0,4.0,0%-10%
11235,908,16.0,-0.0,0%-10%
11235,1390,16.0,-0.0,0%-10%
11235,1841,173.0,14.0,0%-10%
11235,1848,16.0,-0.0,0%-10%
11235,1888,178.0,14.0,0%-10%
11235,2251,16.0,-0.0,0%-10%
11235,2483,16.0,-0.0,0%-10%
11235,2551,8.0,-0.0,0%-10%
11235,2633,16.0,-0.0,0%-10%
11235,3508,16.0,-0.0,0%-10%
11235,3958,16.0,-0.0,0%-10%
11235,4267,6.0,0.0,0%-10%
11235,4993,18.0,-0.0,0%-10%
11235,5135,16.0,-0.0,0%-10%
11235,5633,16.0,-0.0,0%-10%
11235,5841,16.0,-0.0,0%-10%
11235,5902,14.0,-0.0,0%-10%
11235,6187,16.0,-0.0,0%-10%
11235,7136,11.0,0.0,0%-10%
11235,7455,156.0,12.0,0%-10%
11235,8197,444.0,39.0,0%-10%
11235,8224,16.0,-0.0,0%-10%
11235,8472,16.0,-0.0,0%-10%
11235,8562,16.0,-0.0,0%-10%
11235,8567,300.0,26.0,0%-10%
11235,8659,37.0,1.0,0%-10%
11235,8843,16.0,-0.0,0%-10%
11235,9064,74.0,5.0,0%-10%
11235,10193,16.0,-0.0,0%-10%
11235,10441,16.0,-0.0,0%-10%
11235,10734,16.0,-0.0,0%-10%
11235,11020,16.0,-0.0,0%-10%
11235,11286,16.0,-0.0,0%-10%
11235,12365,14.0,0.0,0%-10%
11235,12786,16.0,-0.0,0%-10%
11235,13614,16.0,-0.0,0%-10%
11235,14774,16.0,-0.0,0%-10%
11235,15134,16.0,-0.0,0%-10%
11236,55,180.0,16.0,0%-10%
11236,83,196.0,17.0,0%-10%
11236,306,80.0,6.0,0%-10%
11236,368,8.0,-0.0,0%-10%
11236,435,16.0,-0.0,0%-10%
11236,454,16.0,-0.0,0%-10%
11236,467,16.0,-0.0,0%-10%
11236,705,16.0,-0.0,0%-10%
11236,1014,16.0,-0.0,0%-10%
11236,1071,16.0,-0.0,0%-10%
11236,1318,16.0,-0.0,0%-10%
11236,1699,16.0,-0.0,0%-10%
11236,1821,16.0,-0.0,0%-10%
11236,1860,16.0,-0.0,0%-10%
11236,1872,16.0,-0.0,0%-10%
11236,1953,16.0,-0.0,0%-10%
11236,2003,16.0,-0.0,0%-10%
11236,2170,65.0,5.0,0%-10%
11236,2293,16.0,1.0,0%-10%
11236,2375,16.0,1.0,0%-10%
11236,2412,41.0,4.0,0%-10%
11236,2657,16.0,1.0,0%-10%
11236,2898,16.0,1.0,0%-10%
11236,3021,281.0,26.0,0%-10%
11236,3131,10.0,1.0,0%-10%
11236,3228,16.0,1.0,0%-10%
11236,3261,16.0,1.0,0%-10%
11236,3411,80.0,7.0,0%-10%
11236,3582,230.0,21.0,0%-10%
11236,3585,10.0,1.0,0%-10%
11236,3895,110.0,10.0,0%-10%
11236,4085,10.0,1.0,0%-10%
11236,4101,16.0,1.0,0%-10%
11236,4111,16.0,1.0,0%-10%
11236,4469,16.0,1.0,0%-10%
11236,4826,16.0,1.0,0%-10%
11236,4845,16.0,1.0,0%-10%
11236,4874,16.0,1.0,0%-10%
11236,4943,16.0,1.0,0%-10%
11236,5010,66.0,6.0,0%-10%
11236,5053,16.0,1.0,0%-10%
11236,5175,16.0,1.0,0%-10%
11236,5236,16.0,1.0,0%-10%
11236,5386,16.0,1.0,0%-10%
11236,5582,20.0,2.0,0%-10%
11236,5593,16.0,1.0,0%-10%
11236,5601,16.0,1.0,0%-10%
11236,5801,16.0,1.0,0%-10%
11236,5832,16.0,1.0,0%-10%
11236,6136,16.0,1.0,0%-10%
11236,6188,16.0,1.0,0%-10%
11236,6235,16.0,1.0,0%-10%
11236,6386,16.0,1.0,0%-10%
11236,6505,325.0,30.0,0%-10%
11236,6602,16.0,1.0,0%-10%
11236,6801,15.0,1.0,0%-10%
11236,6892,16.0,1.0,0%-10%
11236,7245,16.0,1.0,0%-10%
11236,7262,63.0,6.0,0%-10%
11236,7331,16.0,1.0,0%-10%
11236,7367,16.0,1.0,0%-10%
11236,7385,16.0,1.0,0%-10%
11236,7386,16.0,1.0,0%-10%
11236,7406,16.0,1.0,0%-10%
11236,7449,24.0,1.0,0%-10%
11236,7763,12.0,0.0,0%-10%
11236,7966,16.0,1.0,0%-10%
11236,8022,16.0,1.0,0%-10%
11236,8257,265.0,24.0,0%-10%
11236,8376,16.0,1.0,0%-10%
11236,8833,16.0,1.0,0%-10%
11236,8859,16.0,1.0,0%-10%
11236,8961,16.0,1.0,0%-10%
11236,9047,16.0,1.0,0%-10%
11236,9107,168.0,15.0,0%-10%
11236,9123,173.0,16.0,0%-10%
11236,9171,16.0,1.0,0%-10%
11236,9434,16.0,1.0,0%-10%
11236,9491,16.0,1.0,0%-10%
11236,9501,16.0,1.0,0%-10%
11236,9864,16.0,1.0,0%-10%
11236,9914,16.0,1.0,0%-10%
11236,10053,16.0,1.0,0%-10%
11236,10071,16.0,1.0,0%-10%
11236,10209,16.0,1.0,0%-10%
11236,10417,16.0,1.0,0%-10%
11236,10619,16.0,1.0,0%-10%
11236,10639,16.0,1.0,0%-10%
11236,10684,16.0,1.0,0%-10%
11236,10856,16.0,1.0,0%-10%
11236,10889,16.0,1.0,0%-10%
11236,10944,20.0,2.0,0%-10%
11236,11041,16.0,1.0,0%-10%
11236,11190,45.0,4.0,0%-10%
11236,11294,294.0,27.0,0%-10%
11236,11393,16.0,1.0,0%-10%
11236,11428,40.0,4.0,0%-10%
11236,11492,16.0,1.0,0%-10%
11236,11619,16.0,1.0,0%-10%
11236,11911,16.0,1.0,0%-10%
11236,11955,16.0,1.0,0%-10%
11236,12121,40.0,4.0,0%-10%
11236,12299,12.0,0.0,0%-10%
11236,13056,16.0,1.0,0%-10%
11236,13430,16.0,1.0,0%-10%
11236,13577,16.0,1.0,0%-10%
11236,13631,16.0,1.0,0%-10%
11236,13745,16.0,1.0,0%-10%
11236,13857,80.0,7.0,0%-10%
11236,13897,136.0,12.0,0%-10%
11236,14020,8.0,0.0,0%-10%
11236,14052,16.0,1.0,0%-10%
11236,14402,8.0,-0.0,0%-10%
11236,14465,16.0,1.0,0%-10%
11236,14472,16.0,1.0,0%-10%
11236,14475,16.0,1.0,0%-10%
11236,14687,16.0,1.0,0%-10%
11236,14765,16.0,1.0,0%-10%
11236,14845,16.0,1.0,0%-10%
11236,14848,16.0,1.0,0%-10%
11236,14945,16.0,1.0,0%-10%
11236,15191,16.0,1.0,0%-10%
11236,15202,61.0,6.0,0%-10%
11237,125,16.0,-0.0,0%-10%
11237,1190,284.0,25.0,0%-10%
11237,1371,16.0,-0.0,0%-10%
11237,1849,16.0,-0.0,0%-10%
11237,2120,131.0,11.0,0%-10%
11237,2614,16.0,-0.0,0%-10%
11237,3839,14.0,0.0,0%-10%
11237,4527,124.0,10.0,0%-10%
11237,4532,150.0,13.0,0%-10%
11237,5169,80.0,-0.0,0%-10%
11237,5767,16.0,-0.0,0%-10%
11237,6735,238.0,19.0,0%-10%
11237,7417,16.0,-0.0,0%-10%
11237,7817,22.0,-0.0,0%-10%
11237,8501,166.0,14.0,0%-10%
11237,8692,8.0,-0.0,0%-10%
11237,8981,16.0,-0.0,0%-10%
11237,9512,16.0,-0.0,0%-10%
11237,9806,16.0,-0.0,0%-10%
11237,10707,16.0,-0.0,0%-10%
11237,10973,16.0,-0.0,0%-10%
11237,11168,8.0,0.0,0%-10%
11237,11225,16.0,-0.0,0%-10%
11237,11259,16.0,-0.0,0%-10%
11237,13788,20.0,1.0,0%-10%
11237,14624,16.0,-0.0,0%-10%
11238,315,16.0,-0.0,0%-10%
11238,395,16.0,-0.0,0%-10%
11238,649,16.0,1.0,0%-10%
11238,731,14.0,0.0,0%-10%
11238,1070,80.0,7.0,0%-10%
11238,1557,100.0,9.0,0%-10%
11238,1722,164.0,15.0,0%-10%
11238,1893,16.0,1.0,0%-10%
11238,2133,150.0,14.0,0%-10%
11238,2390,7.0,-0.0,0%-10%
11238,3773,145.0,13.0,0%-10%
11238,4011,16.0,1.0,0%-10%
11238,4074,16.0,1.0,0%-10%
11238,4407,16.0,1.0,0%-10%
11238,5267,119.0,10.0,0%-10%
11238,5309,130.0,12.0,0%-10%
11238,6606,16.0,1.0,0%-10%
11238,7827,16.0,1.0,0%-10%
11238,7969,16.0,1.0,0%-10%
11238,8016,16.0,1.0,0%-10%
11238,8781,16.0,1.0,0%-10%
11238,10097,16.0,1.0,0%-10%
11238,10468,16.0,1.0,0%-10%
11238,10730,192.0,17.0,0%-10%
11238,11620,177.0,16.0,0%-10%
11238,12425,127.0,11.0,0%-10%
11238,12516,16.0,1.0,0%-10%
11238,12804,259.0,23.0,0%-10%
11238,13395,66.0,6.0,0%-10%
11238,13839,16.0,1.0,0%-10%
11238,14742,8.0,-0.0,0%-10%
11238,14819,16.0,1.0,0%-10%
11239,569,148.0,11.0,0%-10%
11239,2296,16.0,-0.0,0%-10%
11239,3172,8.0,0.0,0%-10%
11239,3575,98.0,7.0,0%-10%
11239,4148,16.0,-0.0,0%-10%
11239,4497,8.0,-0.0,0%-10%
11239,5194,8.0,-0.0,0%-10%
11239,6887,16.0,-0.0,0%-10%
11239,7234,16.0,-0.0,0%-10%
11239,7405,60.0,4.0,0%-10%
11239,8632,16.0,-0.0,0%-10%
11239,9926,188.0,15.0,0%-10%
11239,12285,16.0,-0.0,0%-10%
11239,13743,8.0,-0.0,0%-10%
11239,14695,164.0,13.0,0%-10%
11239,15581,16.0,-0.0,0%-10%
11249,1078,16.0,-0.0,0%-10%
11249,1560,16.0,-0.0,0%-10%
11249,5623,16.0,-0.0,0%-10%
11249,10375,103.0,7.0,0%-10%
11249,12735,16.0,-0.0,0%-10%
11249,12756,16.0,-0.0,0%-10%
11249,13093,16.0,-0.0,0%-10%
11249,13800,84.0,-0.0,0%-10%
11249,13907,16.0,-0.0,0%-10%
11249,14302,16.0,-0.0,0%-10%
11354,995,80.0,-0.0,0%-10%
11354,2489,236.0,-0.0,0%-10%
11354,3312,160.0,13.0,0%-10%
11354,4172,16.0,-0.0,0%-10%
11354,4344,112.0,8.0,0%-10%
11354,6263,16.0,-0.0,0%-10%
11354,7133,150.0,12.0,0%-10%
11354,7829,16.0,-0.0,0%-10%
11354,9265,120.0,9.0,0%-10%
11354,9887,16.0,-0.0,0%-10%
11354,10875,220.0,18.0,0%-10%
11354,11352,16.0,-0.0,0%-10%
11354,11601,16.0,-0.0,0%-10%
11354,11680,19.0,-0.0,0%-10%
11354,12747,20.0,0.0,0%-10%
11354,13454,8.0,0.0,0%-10%
11354,14289,16.0,-0.0,0%-10%
11354,15044,16.0,-0.0,0%-10%
11355,1654,127.0,4.0,0%-10%
11355,1734,111.0,9.0,0%-10%
11355,3166,38.0,2.0,0%-10%
11355,3444,136.0,11.0,0%-10%
11355,4308,16.0,-0.0,0%-10%
11355,4785,185.0,16.0,0%-10%
11355,5064,163.0,14.0,0%-10%
11355,5547,265.0,23.0,0%-10%
11355,6093,239.0,23.0,0%-10%
11355,6453,16.0,-0.0,0%-10%
11355,7007,191.0,19.0,0%-10%
11355,7325,171.0,16.0,0%-10%
11355,7766,16.0,1.0,0%-10%
11355,7850,14.0,0.0,0%-10%
11355,8206,16.0,1.0,0%-10%
11355,8411,101.0,9.0,0%-10%
11355,8423,110.0,10.0,0%-10%
11355,8906,16.0,1.0,0%-10%
11355,9040,16.0,1.0,0%-10%
11355,9238,460.0,42.0,0%-10%
11355,9498,10.0,1.0,0%-10%
11355,9819,146.0,13.0,0%-10%
11355,10318,16.0,1.0,0%-10%
11355,10708,160.0,15.0,0%-10%
11355,10883,6.0,0.0,0%-10%
11355,11594,267.0,24.0,0%-10%
11355,12535,16.0,1.0,0%-10%
11355,12899,16.0,1.0,0%-10%
11355,12904,100.0,9.0,0%-10%
11355,13225,16.0,1.0,0%-10%
11355,14056,8.0,-0.0,0%-10%
11355,14535,16.0,1.0,0%-10%
11355,14708,140.0,13.0,0%-10%
11355,15200,129.0,11.0,0%-10%
11356,4333,16.0,-0.0,0%-10%
11356,4790,57.0,4.0,0%-10%
11356,6278,16.0,-0.0,0%-10%
11356,6630,16.0,-0.0,0%-10%
11356,7400,265.0,23.0,0%-10%
11356,7448,16.0,-0.0,0%-10%
11356,9143,16.0,-0.0,0%-10%
11356,9229,56.0,4.0,0%-10%
11356,9309,16.0,1.0,0%-10%
11356,10187,304.0,28.0,0%-10%
11356,12292,16.0,1.0,0%-10%
11356,12301,16.0,1.0,0%-10%
11356,12861,8.0,-0.0,0%-10%
11356,12927,16.0,1.0,0%-10%
11356,13167,16.0,1.0,0%-10%
11356,14387,16.0,1.0,0%-10%
11356,14458,16.0,1.0,0%-10%
11357,1704,140.0,11.0,0%-10%
11357,1765,111.0,8.0,0%-10%
11357,2283,194.0,16.0,0%-10%
11357,2804,40.0,2.0,0%-10%
11357,3580,16.0,-0.0,0%-10%
11357,4285,16.0,-0.0,0%-10%
11357,6431,16.0,-0.0,0%-10%
11357,6639,145.0,11.0,0%-10%
11357,10940,16.0,-0.0,0%-10%
11357,13050,305.0,26.0,0%-10%
11357,13853,56.0,3.0,0%-10%
11357,14919,16.0,-0.0,0%-10%
11357,15123,16.0,-0.0,0%-10%
11358,688,141.0,14.0,0%-10%
11358,2679,298.0,29.0,0%-10%
11358,3910,16.0,0.0,0%-10%
11358,5292,16.0,0.0,0%-10%
11358,7667,16.0,0.0,0%-10%
11358,10666,16.0,0.0,0%-10%
11358,10678,16.0,0.0,0%-10%
11358,11860,16.0,0.0,0%-10%
11358,12530,16.0,0.0,0%-10%
11358,12542,16.0,0.0,0%-10%
11358,12583,16.0,0.0,0%-10%
11358,14376,16.0,0.0,0%-10%
11358,15145,64.0,6.0,0%-10%
11358,15585,16.0,0.0,0%-10%
11360,8430,360.0,-0.0,0%-10%
11360,9938,16.0,-0.0,0%-10%
11360,12665,16.0,-0.0,0%-10%
11360,14999,93.0,-0.0,0%-10%
11361,346,16.0,-0.0,0%-10%
11361,427,320.0,28.0,0%-10%
11361,614,16.0,-0.0,0%-10%
11361,2704,18.0,-0.0,0%-10%
11361,3346,16.0,-0.0,0%-10%
11361,3450,140.0,11.0,0%-10%
11361,4486,16.0,-0.0,0%-10%
11361,4621,133.0,10.0,0%-10%
11361,5060,263.0,22.0,0%-10%
11361,6384,435.0,38.0,0%-10%
11361,6570,16.0,-0.0,0%-10%
11361,6650,16.0,-0.0,0%-10%
11361,11994,16.0,-0.0,0%-10%
11361,13118,16.0,-0.0,0%-10%
11361,14473,16.0,-0.0,0%-10%
11361,14864,16.0,-0.0,0%-10%
11361,15070,16.0,-0.0,0%-10%
11361,15529,16.0,-0.0,0%-10%
11362,4026,14.0,-0.0,0%-10%
11362,5322,15.0,0.0,0%-10%
11362,6121,126.0,3.0,0%-10%
11362,7562,16.0,0.0,0%-10%
11362,9649,16.0,0.0,0%-10%
11362,11140,150.0,15.0,0%-10%
11362,14116,12.0,0.0,0%-10%
11363,9193,16.0,-0.0,0%-10%
11363,11159,146.0,21.0,10%-15%
11363,12643,16.0,-0.0,0%-10%
11363,13301,16.0,-0.0,0%-10%
11363,13585,16.0,1.0,0%-10%
11363,13708,16.0,1.0,0%-10%
11364,62,16.0,-0.0,0%-10%
11364,875,16.0,-0.0,0%-10%
11364,890,48.0,2.0,0%-10%
11364,1305,16.0,-0.0,0%-10%
11364,2502,120.0,9.0,0%-10%
11364,3396,16.0,-0.0,0%-10%
11364,6063,152.0,12.0,0%-10%
11364,6308,84.0,-0.0,0%-10%
11364,8941,250.0,21.0,0%-10%
11364,8983,139.0,10.0,0%-10%
11364,9731,52.0,3.0,0%-10%
11364,9745,108.0,8.0,0%-10%
11364,9933,16.0,-0.0,0%-10%
11364,11796,28.0,-0.0,0%-10%
11364,11869,145.0,11.0,0%-10%
11364,15326,124.0,9.0,0%-10%
11365,337,267.0,23.0,0%-10%
11365,1206,20.0,1.0,0%-10%
11365,3969,16.0,-0.0,0%-10%
11365,5052,440.0,40.0,0%-10%
11365,5816,16.0,-0.0,0%-10%
11365,6688,16.0,-0.0,0%-10%
11365,7093,20.0,1.0,0%-10%
11365,7572,16.0,-0.0,0%-10%
11365,8247,238.0,12.0,0%-10%
11365,9148,16.0,-0.0,0%-10%
11365,9545,16.0,-0.0,0%-10%
11365,10662,105.0,8.0,0%-10%
11365,10999,16.0,-0.0,0%-10%
11365,12079,16.0,-0.0,0%-10%
11365,12125,8.0,0.0,0%-10%
11365,12284,20.0,1.0,0%-10%
11365,13237,16.0,-0.0,0%-10%
11365,14129,16.0,-0.0,0%-10%
11365,14260,16.0,-0.0,0%-10%
11365,14440,16.0,-0.0,0%-10%
11365,15349,16.0,-0.0,0%-10%
11366,46,16.0,-0.0,0%-10%
11366,455,16.0,-0.0,0%-10%
11366,775,14.0,0.0,0%-10%
11366,1141,16.0,-0.0,0%-10%
11366,3882,16.0,-0.0,0%-10%
11366,4109,16.0,-0.0,0%-10%
11366,7428,16.0,-0.0,0%-10%
11366,7515,16.0,-0.0,0%-10%
11366,8201,281.0,24.0,0%-10%
11366,9097,16.0,-0.0,0%-10%
11366,9487,16.0,-0.0,0%-10%
11366,11608,116.0,8.0,0%-10%
11366,13591,16.0,-0.0,0%-10%
11366,14080,16.0,-0.0,0%-10%
11367,23,16.0,-0.0,0%-10%
11367,247,16.0,-0.0,0%-10%
11367,643,16.0,-0.0,0%-10%
11367,763,16.0,-0.0,0%-10%
11367,1066,16.0,-0.0,0%-10%
11367,1254,134.0,11.0,0%-10%
11367,1379,15.0,-0.0,0%-10%
11367,1640,16.0,-0.0,0%-10%
11367,1859,14.0,0.0,0%-10%
11367,1865,132.0,11.0,0%-10%
11367,2683,16.0,-0.0,0%-10%
11367,3127,16.0,-0.0,0%-10%
11367,3548,16.0,-0.0,0%-10%
11367,3566,16.0,-0.0,0%-10%
11367,3601,278.0,24.0,0%-10%
11367,3724,16.0,-0.0,0%-10%
11367,3975,16.0,-0.0,0%-10%
11367,4237,16.0,-0.0,0%-10%
11367,4602,16.0,-0.0,0%-10%
11367,4764,16.0,-0.0,0%-10%
11367,5756,16.0,-0.0,0%-10%
11367,5769,16.0,-0.0,0%-10%
11367,5843,16.0,-0.0,0%-10%
11367,6155,16.0,-0.0,0%-10%
11367,6214,16.0,-0.0,0%-10%
11367,6516,16.0,-0.0,0%-10%
11367,6543,16.0,-0.0,0%-10%
11367,6695,16.0,-0.0,0%-10%
11367,7189,16.0,-0.0,0%-10%
11367,7520,14.0,-0.0,0%-10%
11367,7733,16.0,-0.0,0%-10%
11367,8155,14.0,0.0,0%-10%
11367,8223,16.0,-0.0,0%-10%
11367,8746,291.0,27.0,0%-10%
11367,8785,14.0,-0.0,0%-10%
11367,8972,14.0,0.0,0%-10%
11367,9190,16.0,1.0,0%-10%
11367,9412,16.0,1.0,0%-10%
11367,9957,16.0,1.0,0%-10%
11367,9990,240.0,22.0,0%-10%
11367,11218,16.0,1.0,0%-10%
11367,11486,16.0,1.0,0%-10%
11367,11618,16.0,1.0,0%-10%
11367,11786,16.0,1.0,0%-10%
11367,11995,16.0,1.0,0%-10%
11367,12034,16.0,1.0,0%-10%
11367,12371,16.0,1.0,0%-10%
11367,12809,16.0,1.0,0%-10%
11367,13241,16.0,1.0,0%-10%
11367,13526,193.0,17.0,0%-10%
11367,13691,16.0,1.0,0%-10%
11367,13697,16.0,1.0,0%-10%
11367,14131,16.0,1.0,0%-10%
11367,14388,40.0,4.0,0%-10%
11367,14638,16.0,1.0,0%-10%
11367,14656,8.0,-0.0,0%-10%
11367,15085,84.0,7.0,0%-10%
11367,15178,16.0,1.0,0%-10%
11367,15244,16.0,1.0,0%-10%
11367,15252,16.0,1.0,0%-10%
11367,15291,16.0,1.0,0%-10%
11368,457,16.0,1.0,0%-10%
11368,526,7.0,-0.0,0%-10%
11368,586,13.0,0.0,0%-10%
11368,640,105.0,10.0,0%-10%
11368,1481,16.0,1.0,0%-10%
11368,1534,251.0,23.0,0%-10%
11368,2122,16.0,1.0,0%-10%
11368,2179,16.0,1.0,0%-10%
11368,2457,16.0,1.0,0%-10%
11368,2521,14.0,-0.0,0%-10%
11368,2684,14.0,0.0,0%-10%
11368,2720,16.0,1.0,0%-10%
11368,3246,170.0,17.0,0%-10%
11368,3540,16.0,1.0,0%-10%
11368,3669,8.0,-0.0,0%-10%
11368,3715,131.0,12.0,0%-10%
11368,4368,52.0,5.0,0%-10%
11368,4409,16.0,1.0,0%-10%
11368,4472,16.0,1.0,0%-10%
11368,4891,16.0,1.0,0%-10%
11368,4989,48.0,4.0,0%-10%
11368,5297,14.0,0.0,0%-10%
11368,5320,12.0,0.0,0%-10%
11368,5525,16.0,1.0,0%-10%
11368,6017,8.0,0.0,0%-10%
11368,6179,16.0,1.0,0%-10%
11368,6248,16.0,1.0,0%-10%
11368,6433,16.0,1.0,0%-10%
11368,6707,16.0,1.0,0%-10%
11368,7755,200.0,20.0,0%-10%
11368,8094,16.0,1.0,0%-10%
11368,8282,16.0,1.0,0%-10%
11368,8500,12.0,0.0,0%-10%
11368,8644,209.0,20.0,0%-10%
11368,8714,6.0,0.0,0%-10%
11368,9173,16.0,1.0,0%-10%
11368,9179,12.0,0.0,0%-10%
11368,9400,16.0,1.0,0%-10%
11368,9572,208.0,20.0,0%-10%
11368,9714,16.0,1.0,0%-10%
11368,9918,271.0,27.0,0%-10%
11368,10110,5.0,0.0,0%-10%
11368,10264,254.0,24.0,0%-10%
11368,10473,16.0,1.0,0%-10%
11368,11116,170.0,17.0,0%-10%
11368,11493,16.0,1.0,0%-10%
11368,11634,144.0,13.0,0%-10%
11368,11855,12.0,0.0,0%-10%
11368,11983,16.0,1.0,0%-10%
11368,11984,16.0,1.0,0%-10%
11368,12754,8.0,-0.0,0%-10%
11368,13328,37.0,3.0,0%-10%
11368,13669,16.0,1.0,0%-10%
11368,13807,16.0,1.0,0%-10%
11368,13837,16.0,1.0,0%-10%
11368,14430,16.0,1.0,0%-10%
11368,14629,16.0,1.0,0%-10%
11368,14900,150.0,15.0,0%-10%
11368,14914,16.0,1.0,0%-10%
11368,14958,16.0,1.0,0%-10%
11368,15146,16.0,1.0,0%-10%
11368,15374,16.0,1.0,0%-10%
11369,264,16.0,-0.0,0%-10%
11369,641,8.0,-0.0,0%-10%
11369,960,10.0,-0.0,0%-10%
11369,1301,16.0,1.0,0%-10%
11369,1695,12.0,0.0,0%-10%
11369,1755,16.0,1.0,0%-10%
11369,2242,16.0,1.0,0%-10%
11369,2581,16.0,1.0,0%-10%
11369,3141,16.0,1.0,0%-10%
11369,3387,12.0,0.0,0%-10%
11369,3415,16.0,1.0,0%-10%
11369,4009,16.0,1.0,0%-10%
11369,4020,16.0,1.0,0%-10%
11369,4053,16.0,1.0,0%-10%
11369,4110,16.0,1.0,0%-10%
11369,4301,119.0,10.0,0%-10%
11369,4415,16.0,1.0,0%-10%
11369,4727,16.0,1.0,0%-10%
11369,4921,16.0,1.0,0%-10%
11369,5000,16.0,1.0,0%-10%
11369,5759,14.0,0.0,0%-10%
11369,6050,16.0,1.0,0%-10%
11369,6110,16.0,1.0,0%-10%
11369,6274,16.0,1.0,0%-10%
11369,6313,16.0,1.0,0%-10%
11369,6451,63.0,6.0,0%-10%
11369,6508,16.0,1.0,0%-10%
11369,6744,16.0,1.0,0%-10%
11369,6754,16.0,1.0,0%-10%
11369,6766,16.0,1.0,0%-10%
11369,6850,16.0,1.0,0%-10%
11369,7077,14.0,0.0,0%-10%
11369,7486,138.0,12.0,0%-10%
11369,7532,16.0,1.0,0%-10%
11369,8012,200.0,18.0,0%-10%
11369,9300,12.0,0.0,0%-10%
11369,9528,16.0,1.0,0%-10%
11369,9963,16.0,1.0,0%-10%
11369,10365,16.0,1.0,0%-10%
11369,10586,16.0,1.0,0%-10%
11369,10998,16.0,1.0,0%-10%
11369,11402,154.0,14.0,0%-10%
11369,11625,16.0,1.0,0%-10%
11369,11696,16.0,1.0,0%-10%
11369,12195,16.0,1.0,0%-10%
11369,12249,16.0,1.0,0%-10%
11369,12264,16.0,1.0,0%-10%
11369,12863,16.0,1.0,0%-10%
11369,13017,16.0,1.0,0%-10%
11369,13145,16.0,1.0,0%-10%
11369,13997,16.0,1.0,0%-10%
11369,14706,16.0,1.0,0%-10%
11369,14717,16.0,1.0,0%-10%
11369,15325,16.0,1.0,0%-10%
11369,15593,16.0,1.0,0%-10%
11370,217,16.0,-0.0,0%-10%
11370,246,16.0,-0.0,0%-10%
11370,593,16.0,-0.0,0%-10%
11370,2018,16.0,-0.0,0%-10%
11370,2801,16.0,-0.0,0%-10%
11370,2917,16.0,-0.0,0%-10%
11370,2937,16.0,-0.0,0%-10%
11370,3220,16.0,-0.0,0%-10%
11370,3252,16.0,-0.0,0%-10%
11370,5302,16.0,-0.0,0%-10%
11370,5537,8.0,-0.0,0%-10%
11370,6045,16.0,-0.0,0%-10%
11370,10703,222.0,18.0,0%-10%
11370,12045,16.0,-0.0,0%-10%
11370,13873,16.0,-0.0,0%-10%
11370,15304,16.0,-0.0,0%-10%
11372,1159,12.0,0.0,0%-10%
11372,2059,156.0,13.0,0%-10%
11372,3455,16.0,-0.0,0%-10%
11372,3469,19.0,-0.0,0%-10%
11372,3944,196.0,17.0,0%-10%
11372,4176,16.0,-0.0,0%-10%
11372,4666,16.0,-0.0,0%-10%
11372,5742,16.0,-0.0,0%-10%
11372,6378,16.0,-0.0,0%-10%
11372,6432,12.0,0.0,0%-10%
11372,6828,124.0,10.0,0%-10%
11372,7266,120.0,10.0,0%-10%
11372,9199,210.0,18.0,0%-10%
11372,10246,16.0,-0.0,0%-10%
11372,10381,16.0,1.0,0%-10%
11372,11081,12.0,0.0,0%-10%
11372,11390,134.0,12.0,0%-10%
11372,11679,217.0,20.0,0%-10%
11372,11699,300.0,28.0,0%-10%
11372,11782,15.0,1.0,0%-10%
11372,12558,16.0,1.0,0%-10%
11372,13438,16.0,1.0,0%-10%
11372,13528,16.0,1.0,0%-10%
11372,13868,16.0,1.0,0%-10%
11372,13998,16.0,1.0,0%-10%
11372,14030,16.0,1.0,0%-10%
11372,14363,16.0,1.0,0%-10%
11372,14612,16.0,1.0,0%-10%
11373,44,16.0,-0.0,0%-10%
11373,1533,16.0,-0.0,0%-10%
11373,2114,16.0,-0.0,0%-10%
11373,2306,16.0,-0.0,0%-10%
11373,2481,720.0,72.0,0%-10%
11373,2827,16.0,-0.0,0%-10%
11373,3676,16.0,-0.0,0%-10%
11373,3687,16.0,-0.0,0%-10%
11373,3970,324.0,29.0,0%-10%
11373,4353,29.0,-0.0,0%-10%
11373,6327,16.0,-0.0,0%-10%
11373,6566,16.0,-0.0,0%-10%
11373,6580,16.0,-0.0,0%-10%
11373,6587,16.0,-0.0,0%-10%
11373,6812,8.0,-0.0,0%-10%
11373,7427,16.0,-0.0,0%-10%
11373,7665,96.0,8.0,0%-10%
11373,8532,385.0,34.0,0%-10%
11373,9738,367.0,33.0,0%-10%
11373,9913,16.0,-0.0,0%-10%
11373,10001,171.0,15.0,0%-10%
11373,11272,16.0,-0.0,0%-10%
11373,11865,16.0,-0.0,0%-10%
11373,12162,438.0,39.0,0%-10%
11373,12406,16.0,-0.0,0%-10%
11373,12477,18.0,-0.0,0%-10%
11373,12966,146.0,12.0,0%-10%
11373,12995,16.0,-0.0,0%-10%
11373,13435,16.0,-0.0,0%-10%
11373,13735,16.0,-0.0,0%-10%
11373,14088,16.0,-0.0,0%-10%
11373,15308,200.0,7.0,0%-10%
11373,15430,136.0,11.0,0%-10%
11374,61,16.0,-0.0,0%-10%
11374,676,8.0,-0.0,0%-10%
11374,1300,16.0,-0.0,0%-10%
11374,1556,12.0,0.0,0%-10%
11374,1788,12.0,0.0,0%-10%
11374,1867,50.0,4.0,0%-10%
11374,2032,14.0,0.0,0%-10%
11374,2738,16.0,-0.0,0%-10%
11374,2774,70.0,-0.0,0%-10%
11374,4087,8.0,-0.0,0%-10%
11374,4728,221.0,19.0,0%-10%
11374,4849,16.0,-0.0,0%-10%
11374,4894,146.0,12.0,0%-10%
11374,4950,16.0,-0.0,0%-10%
11374,5198,177.0,15.0,0%-10%
11374,5903,8.0,-0.0,0%-10%
11374,6743,16.0,-0.0,0%-10%
11374,7272,16.0,-0.0,0%-10%
11374,7754,16.0,-0.0,0%-10%
11374,7923,16.0,-0.0,0%-10%
11374,7999,16.0,-0.0,0%-10%
11374,8903,16.0,-0.0,0%-10%
11374,9367,16.0,-0.0,0%-10%
11374,10117,16.0,-0.0,0%-10%
11374,10165,240.0,21.0,0%-10%
11374,10395,16.0,-0.0,0%-10%
11374,12853,8.0,-0.0,0%-10%
11374,12938,16.0,-0.0,0%-10%
11374,13034,81.0,2.0,0%-10%
11374,13679,16.0,-0.0,0%-10%
11374,14923,8.0,0.0,0%-10%
11374,15083,516.0,46.0,0%-10%
11374,15116,16.0,-0.0,0%-10%
11375,307,16.0,-0.0,0%-10%
11375,1043,12.0,0.0,0%-10%
11375,1607,16.0,-0.0,0%-10%
11375,1884,212.0,18.0,0%-10%
11375,1952,16.0,-0.0,0%-10%
11375,3143,8.0,-0.0,0%-10%
11375,3285,16.0,-0.0,0%-10%
11375,3421,228.0,20.0,0%-10%
11375,4043,16.0,-0.0,0%-10%
11375,4324,16.0,-0.0,0%-10%
11375,4348,16.0,-0.0,0%-10%
11375,6098,16.0,-0.0,0%-10%
11375,7000,213.0,18.0,0%-10%
11375,7183,16.0,-0.0,0%-10%
11375,7790,16.0,1.0,0%-10%
11375,8344,80.0,7.0,0%-10%
11375,9015,8.0,0.0,0%-10%
11375,9035,16.0,1.0,0%-10%
11375,9438,16.0,1.0,0%-10%
11375,10153,16.0,1.0,0%-10%
11375,10319,88.0,8.0,0%-10%
11375,10518,16.0,1.0,0%-10%
11375,11074,16.0,1.0,0%-10%
11375,11305,160.0,15.0,0%-10%
11375,11370,16.0,1.0,0%-10%
11375,11806,16.0,1.0,0%-10%
11375,14608,16.0,1.0,0%-10%
11375,14802,16.0,1.0,0%-10%
11375,15205,16.0,1.0,0%-10%
11375,15261,48.0,4.0,0%-10%
11377,906,12.0,0.0,0%-10%
11377,984,191.0,19.0,0%-10%
11377,2690,39.0,3.0,0%-10%
11377,2942,16.0,1.0,0%-10%
11377,3186,91.0,8.0,0%-10%
11377,3358,480.0,45.0,0%-10%
11377,3464,309.0,28.0,0%-10%
11377,3997,535.0,49.0,0%-10%
11377,4570,14.0,0.0,0%-10%
11377,5261,152.0,14.0,0%-10%
11377,5307,127.0,12.0,0%-10%
11377,5559,16.0,1.0,0%-10%
11377,5752,16.0,1.0,0%-10%
11377,5878,86.0,8.0,0%-10%
11377,6446,16.0,1.0,0%-10%
11377,7022,16.0,1.0,0%-10%
11377,7842,8.0,-0.0,0%-10%
11377,8891,220.0,20.0,0%-10%
11377,8921,190.0,19.0,0%-10%
11377,9477,16.0,1.0,0%-10%
11377,9576,16.0,1.0,0%-10%
11377,10749,16.0,1.0,0%-10%
11377,12119,16.0,1.0,0%-10%
11377,12346,126.0,11.0,0%-10%
11377,12946,8.0,-0.0,0%-10%
11377,13459,240.0,22.0,0%-10%
11377,14209,16.0,1.0,0%-10%
11377,15394,34.0,2.0,0%-10%
11377,15406,16.0,1.0,0%-10%
11377,15587,8.0,0.0,0%-10%
11378,19,15.0,0.0,0%-10%
11378,534,200.0,0.0,0%-10%
11378,5214,16.0,0.0,0%-10%
11378,5662,16.0,0.0,0%-10%
11378,8478,173.0,0.0,0%-10%
11378,10010,198.0,-0.0,0%-10%
11378,10663,14.0,-0.0,0%-10%
11379,1270,247.0,22.0,0%-10%
11379,3351,316.0,28.0,0%-10%
11379,3629,80.0,-0.0,0%-10%
11379,5366,16.0,-0.0,0%-10%
11379,5568,16.0,-0.0,0%-10%
11379,6569,16.0,-0.0,0%-10%
11379,9445,16.0,-0.0,0%-10%
11379,10039,16.0,-0.0,0%-10%
11379,10385,10.0,-0.0,0%-10%
11379,11458,16.0,-0.0,0%-10%
11379,11498,350.0,31.0,0%-10%
11379,11515,16.0,-0.0,0%-10%
11379,11730,487.0,44.0,0%-10%
11379,14155,16.0,-0.0,0%-10%
11385,96,16.0,-0.0,0%-10%
11385,148,16.0,-0.0,0%-10%
11385,150,16.0,-0.0,0%-10%
11385,197,14.0,0.0,0%-10%
11385,597,200.0,8.0,0%-10%
11385,698,16.0,-0.0,0%-10%
11385,806,10.0,-0.0,0%-10%
11385,1120,236.0,23.0,0%-10%
11385,1423,16.0,-0.0,0%-10%
11385,1510,16.0,-0.0,0%-10%
11385,1823,16.0,-0.0,0%-10%
11385,1875,238.0,23.0,0%-10%
11385,2185,40.0,3.0,0%-10%
11385,2772,16.0,-0.0,0%-10%
11385,3070,239.0,23.0,0%-10%
11385,3391,16.0,-0.0,0%-10%
11385,4386,16.0,-0.0,0%-10%
11385,4714,16.0,-0.0,0%-10%
11385,4846,16.0,-0.0,0%-10%
11385,4854,16.0,-0.0,0%-10%
11385,4881,16.0,-0.0,0%-10%
11385,4948,16.0,-0.0,0%-10%
11385,5393,245.0,21.0,0%-10%
11385,5522,16.0,-0.0,0%-10%
11385,5532,16.0,-0.0,0%-10%
11385,5663,16.0,-0.0,0%-10%
11385,5664,111.0,9.0,0%-10%
11385,6111,16.0,1.0,0%-10%
11385,6794,14.0,0.0,0%-10%
11385,7603,16.0,1.0,0%-10%
11385,7681,16.0,1.0,0%-10%
11385,7920,15.0,1.0,0%-10%
11385,8264,200.0,18.0,0%-10%
11385,8370,16.0,1.0,0%-10%
11385,8520,16.0,1.0,0%-10%
11385,8538,16.0,1.0,0%-10%
11385,8951,16.0,1.0,0%-10%
11385,9260,16.0,1.0,0%-10%
11385,9362,16.0,1.0,0%-10%
11385,9537,260.0,24.0,0%-10%
11385,9840,16.0,1.0,0%-10%
11385,10179,16.0,1.0,0%-10%
11385,10182,16.0,1.0,0%-10%
11385,11153,202.0,18.0,0%-10%
11385,11170,16.0,1.0,0%-10%
11385,11202,16.0,1.0,0%-10%
11385,11283,145.0,13.0,0%-10%
11385,11310,16.0,1.0,0%-10%
11385,11518,16.0,1.0,0%-10%
11385,11553,16.0,1.0,0%-10%
11385,11732,16.0,1.0,0%-10%
11385,11776,16.0,1.0,0%-10%
11385,11840,16.0,1.0,0%-10%
11385,12203,16.0,1.0,0%-10%
11385,12389,20.0,2.0,0%-10%
11385,12923,16.0,1.0,0%-10%
11385,12972,16.0,1.0,0%-10%
11385,13541,16.0,1.0,0%-10%
11385,14202,16.0,1.0,0%-10%
11385,14269,16.0,1.0,0%-10%
11385,14456,16.0,1.0,0%-10%
11385,14662,17.0,1.0,0%-10%
11385,14834,16.0,1.0,0%-10%
11385,14887,16.0,1.0,0%-10%
11385,15035,16.0,1.0,0%-10%
11385,15147,16.0,1.0,0%-10%
11411,142,16.0,-0.0,0%-10%
11411,646,27.0,-0.0,0%-10%
11411,1405,16.0,-0.0,0%-10%
11411,1521,157.0,12.0,0%-10%
11411,1864,16.0,-0.0,0%-10%
11411,3194,16.0,-0.0,0%-10%
11411,3612,16.0,-0.0,0%-10%
11411,4707,16.0,-0.0,0%-10%
11411,5068,16.0,-0.0,0%-10%
11411,5448,16.0,-0.0,0%-10%
11411,5823,16.0,-0.0,0%-10%
11411,7378,43.0,2.0,0%-10%
11411,8866,160.0,13.0,0%-10%
11411,9012,16.0,-0.0,0%-10%
11411,9410,16.0,-0.0,0%-10%
11411,10545,16.0,-0.0,0%-10%
11411,11056,16.0,-0.0,0%-10%
11411,12859,16.0,-0.0,0%-10%
11411,13746,16.0,-0.0,0%-10%
11411,14466,16.0,-0.0,0%-10%
11411,15276,102.0,7.0,0%-10%
11412,130,8.0,-0.0,0%-10%
11412,507,8.0,-0.0,0%-10%
11412,690,16.0,-0.0,0%-10%
11412,794,61.0,5.0,0%-10%
11412,833,160.0,14.0,0%-10%
11412,1259,16.0,-0.0,0%-10%
11412,1303,16.0,-0.0,0%-10%
11412,1324,16.0,-0.0,0%-10%
11412,1639,16.0,-0.0,0%-10%
11412,1756,12.0,0.0,0%-10%
11412,2156,16.0,-0.0,0%-10%
11412,2680,16.0,-0.0,0%-10%
11412,2791,16.0,-0.0,0%-10%
11412,2997,102.0,8.0,0%-10%
11412,3221,192.0,16.0,0%-10%
11412,3599,99.0,8.0,0%-10%
11412,4573,37.0,2.0,0%-10%
11412,4639,10.0,-0.0,0%-10%
11412,4800,16.0,-0.0,0%-10%
11412,4855,163.0,14.0,0%-10%
11412,4897,16.0,-0.0,0%-10%
11412,5542,8.0,-0.0,0%-10%
11412,5681,16.0,-0.0,0%-10%
11412,5912,14.0,0.0,0%-10%
11412,7193,14.0,-0.0,0%-10%
11412,8134,16.0,-0.0,0%-10%
11412,8216,16.0,-0.0,0%-10%
11412,8553,16.0,-0.0,0%-10%
11412,8636,267.0,23.0,0%-10%
11412,8800,16.0,-0.0,0%-10%
11412,9033,16.0,-0.0,0%-10%
11412,9872,8.0,0.0,0%-10%
11412,9901,12.0,0.0,0%-10%
11412,10226,16.0,1.0,0%-10%
11412,10362,16.0,1.0,0%-10%
11412,10789,16.0,1.0,0%-10%
11412,11319,20.0,2.0,0%-10%
11412,11536,16.0,1.0,0%-10%
11412,12260,16.0,1.0,0%-10%
11412,12370,16.0,1.0,0%-10%
11412,12441,16.0,1.0,0%-10%
11412,12494,16.0,1.0,0%-10%
11412,12640,16.0,1.0,0%-10%
11412,12748,16.0,1.0,0%-10%
11412,13488,31.0,3.0,0%-10%
11412,14290,16.0,1.0,0%-10%
11412,14543,16.0,1.0,0%-10%
11413,602,16.0,-0.0,0%-10%
11413,680,16.0,-0.0,0%-10%
11413,854,16.0,-0.0,0%-10%
11413,1119,16.0,-0.0,0%-10%
11413,1242,8.0,-0.0,0%-10%
11413,1789,16.0,-0.0,0%-10%
11413,1861,16.0,-0.0,0%-10%
11413,1905,23.0,-0.0,0%-10%
11413,1925,16.0,-0.0,0%-10%
11413,2012,163.0,14.0,0%-10%
11413,2308,52.0,4.0,0%-10%
11413,2713,16.0,-0.0,0%-10%
11413,2782,16.0,-0.0,0%-10%
11413,3051,296.0,26.0,0%-10%
11413,3122,16.0,-0.0,0%-10%
11413,4022,16.0,-0.0,0%-10%
11413,4209,60.0,5.0,0%-10%
11413,4827,144.0,13.0,0%-10%
11413,4990,146.0,13.0,0%-10%
11413,5383,16.0,1.0,0%-10%
11413,5443,16.0,1.0,0%-10%
11413,5543,16.0,1.0,0%-10%
11413,5609,208.0,19.0,0%-10%
11413,5849,16.0,1.0,0%-10%
11413,6009,16.0,1.0,0%-10%
11413,6213,16.0,1.0,0%-10%
11413,6987,16.0,1.0,0%-10%
11413,7221,16.0,1.0,0%-10%
11413,7257,12.0,0.0,0%-10%
11413,7363,16.0,1.0,0%-10%
11413,8027,14.0,-0.0,0%-10%
11413,8208,16.0,1.0,0%-10%
11413,8323,16.0,1.0,0%-10%
11413,9169,16.0,1.0,0%-10%
11413,9483,16.0,1.0,0%-10%
11413,9524,16.0,1.0,0%-10%
11413,9976,16.0,1.0,0%-10%
11413,10432,141.0,13.0,0%-10%
11413,10485,16.0,1.0,0%-10%
11413,10757,14.0,0.0,0%-10%
11413,10866,16.0,1.0,0%-10%
11413,11033,14.0,0.0,0%-10%
11413,11385,12.0,0.0,0%-10%
11413,11642,16.0,1.0,0%-10%
11413,11658,16.0,1.0,0%-10%
11413,11815,16.0,1.0,0%-10%
11413,12337,16.0,1.0,0%-10%
11413,12637,16.0,1.0,0%-10%
11413,12841,16.0,1.0,0%-10%
11413,13023,16.0,1.0,0%-10%
11413,13049,28.0,1.0,0%-10%
11413,13652,16.0,1.0,0%-10%
11413,13655,16.0,1.0,0%-10%
11413,13663,16.0,1.0,0%-10%
11413,13675,16.0,1.0,0%-10%
11413,14227,248.0,22.0,0%-10%
11413,14330,16.0,1.0,0%-10%
11413,14407,70.0,6.0,0%-10%
11413,15091,16.0,1.0,0%-10%
11414,1889,168.0,13.0,0%-10%
11414,3595,16.0,-0.0,0%-10%
11414,6101,16.0,-0.0,0%-10%
11414,6197,280.0,24.0,0%-10%
11414,6713,16.0,-0.0,0%-10%
11414,7620,16.0,-0.0,0%-10%
11414,11746,16.0,-0.0,0%-10%
11414,12153,228.0,19.0,0%-10%
11414,12591,8.0,-0.0,0%-10%
11414,13357,16.0,-0.0,0%-10%
11414,14675,16.0,-0.0,0%-10%
11414,14829,16.0,-0.0,0%-10%
11414,15380,16.0,-0.0,0%-10%
11415,4752,16.0,0.0,0%-10%
11415,5468,8.0,0.0,0%-10%
11415,9021,16.0,0.0,0%-10%
11415,9261,7.0,0.0,0%-10%
11415,12937,16.0,0.0,0%-10%
11416,137,16.0,-0.0,0%-10%
11416,910,12.0,0.0,0%-10%
11416,1041,16.0,-0.0,0%-10%
11416,2516,16.0,-0.0,0%-10%
11416,5507,16.0,-0.0,0%-10%
11416,5528,16.0,-0.0,0%-10%
11416,5781,8.0,0.0,0%-10%
11416,6401,16.0,-0.0,0%-10%
11416,6902,16.0,-0.0,0%-10%
11416,7651,16.0,-0.0,0%-10%
11416,8196,16.0,-0.0,0%-10%
11416,9357,200.0,-0.0,0%-10%
11416,9837,16.0,-0.0,0%-10%
11416,10204,14.0,0.0,0%-10%
11416,10357,16.0,-0.0,0%-10%
11416,10773,16.0,-0.0,0%-10%
11416,11482,16.0,-0.0,0%-10%
11416,12359,16.0,-0.0,0%-10%
11416,12403,16.0,-0.0,0%-10%
11416,12449,71.0,-0.0,0%-10%
11416,12486,16.0,-0.0,0%-10%
11416,15072,16.0,-0.0,0%-10%
11417,397,260.0,23.0,0%-10%
11417,508,16.0,-0.0,0%-10%
11417,559,235.0,20.0,0%-10%
11417,1134,14.0,0.0,0%-10%
11417,1193,16.0,-0.0,0%-10%
11417,1412,16.0,-0.0,0%-10%
11417,5246,16.0,-0.0,0%-10%
11417,6860,16.0,-0.0,0%-10%
11417,6901,16.0,-0.0,0%-10%
11417,8407,16.0,-0.0,0%-10%
11417,9317,16.0,-0.0,0%-10%
11417,9329,16.0,-0.0,0%-10%
11417,9411,16.0,-0.0,0%-10%
11417,9897,16.0,-0.0,0%-10%
11417,10579,16.0,-0.0,0%-10%
11417,10756,33.0,2.0,0%-10%
11417,11627,16.0,-0.0,0%-10%
11417,11979,16.0,-0.0,0%-10%
11417,12347,16.0,1.0,0%-10%
11417,12911,16.0,1.0,0%-10%
11417,13058,8.0,0.0,0%-10%
11417,14263,16.0,1.0,0%-10%
11417,14410,16.0,1.0,0%-10%
11418,1798,16.0,-0.0,0%-10%
11418,1896,16.0,-0.0,0%-10%
11418,2227,14.0,0.0,0%-10%
11418,2624,260.0,23.0,0%-10%
11418,2703,16.0,-0.0,0%-10%
11418,2849,83.0,6.0,0%-10%
11418,3092,14.0,0.0,0%-10%
11418,3493,8.0,0.0,0%-10%
11418,3709,16.0,1.0,0%-10%
11418,4198,16.0,1.0,0%-10%
11418,5114,16.0,1.0,0%-10%
11418,5624,16.0,1.0,0%-10%
11418,7278,16.0,1.0,0%-10%
11418,8176,326.0,30.0,0%-10%
11418,8180,16.0,1.0,0%-10%
11418,8879,12.0,0.0,0%-10%
11418,9958,16.0,1.0,0%-10%
11418,10572,16.0,1.0,0%-10%
11418,10772,16.0,1.0,0%-10%
11418,11584,16.0,1.0,0%-10%
11418,11938,280.0,26.0,0%-10%
11418,12269,16.0,1.0,0%-10%
11418,12324,16.0,1.0,0%-10%
11418,13251,16.0,1.0,0%-10%
11418,13361,16.0,1.0,0%-10%
11418,13769,16.0,1.0,0%-10%
11418,13931,16.0,1.0,0%-10%
11418,13996,261.0,24.0,0%-10%
11418,14301,16.0,1.0,0%-10%
11418,14847,16.0,1.0,0%-10%
11418,15109,16.0,1.0,0%-10%
11419,311,8.0,0.0,0%-10%
11419,1368,16.0,-0.0,0%-10%
11419,1430,16.0,-0.0,0%-10%
11419,2000,8.0,-0.0,0%-10%
11419,2276,16.0,-0.0,0%-10%
11419,2470,16.0,-0.0,0%-10%
11419,3289,270.0,23.0,0%-10%
11419,3870,16.0,-0.0,0%-10%
11419,3893,14.0,-0.0,0%-10%
11419,4241,16.0,-0.0,0%-10%
11419,6329,16.0,-0.0,0%-10%
11419,6610,298.0,25.0,0%-10%
11419,7242,16.0,-0.0,0%-10%
11419,7285,158.0,12.0,0%-10%
11419,7873,16.0,-0.0,0%-10%
11419,8635,16.0,-0.0,0%-10%
11419,8813,16.0,-0.0,0%-10%
11419,8857,16.0,-0.0,0%-10%
11419,9522,16.0,-0.0,0%-10%
11419,9904,16.0,-0.0,0%-10%
11419,11063,16.0,-0.0,0%-10%
11419,11440,16.0,-0.0,0%-10%
11419,11956,14.0,-0.0,0%-10%
11419,12603,16.0,-0.0,0%-10%
11419,12812,16.0,-0.0,0%-10%
11419,12854,16.0,-0.0,0%-10%
11419,15357,16.0,-0.0,0%-10%
11420,847,127.0,11.0,0%-10%
11420,849,16.0,1.0,0%-10%
11420,851,8.0,-0.0,0%-10%
11420,913,146.0,13.0,0%-10%
11420,1079,16.0,1.0,0%-10%
11420,1092,16.0,1.0,0%-10%
11420,1287,16.0,1.0,0%-10%
11420,1609,280.0,26.0,0%-10%
11420,3129,8.0,1.0,10%-15%
11420,3394,16.0,1.0,0%-10%
11420,4395,14.0,1.0,0%-10%
11420,4414,16.0,1.0,0%-10%
11420,4454,16.0,1.0,0%-10%
11420,4526,177.0,16.0,0%-10%
11420,4869,16.0,1.0,0%-10%
11420,5188,16.0,1.0,0%-10%
11420,5432,16.0,1.0,0%-10%
11420,5444,16.0,1.0,0%-10%
11420,6070,16.0,1.0,0%-10%
11420,6203,14.0,1.0,0%-10%
11420,6236,16.0,1.0,0%-10%
11420,7031,16.0,1.0,0%-10%
11420,7166,8.0,1.0,10%-15%
11420,7383,16.0,1.0,0%-10%
11420,7611,16.0,1.0,0%-10%
11420,7692,8.0,-0.0,0%-10%
11420,7751,205.0,19.0,0%-10%
11420,8006,16.0,1.0,0%-10%
11420,8061,16.0,1.0,0%-10%
11420,8185,16.0,1.0,0%-10%
11420,8988,16.0,1.0,0%-10%
11420,9054,112.0,10.0,0%-10%
11420,9242,16.0,1.0,0%-10%
11420,9378,8.0,1.0,10%-15%
11420,9791,16.0,1.0,0%-10%
11420,10080,16.0,1.0,0%-10%
11420,10122,16.0,1.0,0%-10%
11420,10652,120.0,11.0,0%-10%
11420,11172,16.0,1.0,0%-10%
11420,11288,16.0,1.0,0%-10%
11420,13046,16.0,1.0,0%-10%
11420,13706,180.0,17.0,0%-10%
11420,14776,16.0,1.0,0%-10%
11420,15206,16.0,1.0,0%-10%
11420,15543,16.0,1.0,0%-10%
11421,430,16.0,-0.0,0%-10%
11421,2226,16.0,-0.0,0%-10%
11421,2319,16.0,-0.0,0%-10%
11421,2374,16.0,1.0,0%-10%
11421,2438,16.0,1.0,0%-10%
11421,3170,16.0,1.0,0%-10%
11421,3938,16.0,1.0,0%-10%
11421,4251,16.0,1.0,0%-10%
11421,4393,16.0,1.0,0%-10%
11421,4483,300.0,28.0,0%-10%
11421,4611,16.0,1.0,0%-10%
11421,5168,16.0,1.0,0%-10%
11421,6222,16.0,1.0,0%-10%
11421,7373,16.0,1.0,0%-10%
11421,7394,60.0,6.0,0%-10%
11421,7537,16.0,1.0,0%-10%
11421,8117,16.0,1.0,0%-10%
11421,8211,16.0,1.0,0%-10%
11421,9133,16.0,1.0,0%-10%
11421,10186,16.0,1.0,0%-10%
11421,10924,16.0,1.0,0%-10%
11421,10948,16.0,1.0,0%-10%
11421,11052,16.0,1.0,0%-10%
11421,11242,126.0,11.0,0%-10%
11421,12011,16.0,1.0,0%-10%
11421,12128,16.0,1.0,0%-10%
11421,12246,16.0,1.0,0%-10%
11421,12250,248.0,22.0,0%-10%
11421,12527,16.0,1.0,0%-10%
11421,12897,16.0,1.0,0%-10%
11421,13419,16.0,1.0,0%-10%
11421,13534,16.0,1.0,0%-10%
11421,13548,16.0,1.0,0%-10%
11421,13670,16.0,1.0,0%-10%
11421,13725,16.0,1.0,0%-10%
11421,13795,16.0,1.0,0%-10%
11421,14146,16.0,1.0,0%-10%
11421,14256,16.0,1.0,0%-10%
11421,14295,16.0,1.0,0%-10%
11421,15551,16.0,1.0,0%-10%
11422,24,16.0,-0.0,0%-10%
11422,330,16.0,-0.0,0%-10%
11422,429,16.0,-0.0,0%-10%
11422,760,16.0,-0.0,0%-10%
11422,904,80.0,6.0,0%-10%
11422,936,16.0,-0.0,0%-10%
11422,1084,16.0,-0.0,0%-10%
11422,1344,16.0,-0.0,0%-10%
11422,1563,16.0,-0.0,0%-10%
11422,1683,48.0,3.0,0%-10%
11422,1687,8.0,0.0,0%-10%
11422,1717,16.0,-0.0,0%-10%
11422,2196,12.0,0.0,0%-10%
11422,2258,8.0,-0.0,0%-10%
11422,2382,16.0,-0.0,0%-10%
11422,2851,16.0,-0.0,0%-10%
11422,3286,16.0,-0.0,0%-10%
11422,4371,16.0,-0.0,0%-10%
11422,4591,16.0,-0.0,0%-10%
11422,4717,16.0,1.0,0%-10%
11422,5399,8.0,-0.0,0%-10%
11422,5531,16.0,1.0,0%-10%
11422,5778,14.0,0.0,0%-10%
11422,6202,25.0,2.0,0%-10%
11422,6340,111.0,10.0,0%-10%
11422,6428,200.0,18.0,0%-10%
11422,6800,16.0,1.0,0%-10%
11422,7610,16.0,1.0,0%-10%
11422,7856,16.0,1.0,0%-10%
11422,8383,12.0,0.0,0%-10%
11422,8418,16.0,1.0,0%-10%
11422,8471,16.0,1.0,0%-10%
11422,8901,16.0,1.0,0%-10%
11422,8917,16.0,1.0,0%-10%
11422,9420,16.0,1.0,0%-10%
11422,9749,8.0,-0.0,0%-10%
11422,9883,16.0,1.0,0%-10%
11422,9953,16.0,1.0,0%-10%
11422,10790,16.0,1.0,0%-10%
11422,11565,16.0,1.0,0%-10%
11422,11783,14.0,0.0,0%-10%
11422,12233,16.0,1.0,0%-10%
11422,12357,16.0,1.0,0%-10%
11422,12421,16.0,1.0,0%-10%
11422,12869,16.0,1.0,0%-10%
11422,14143,16.0,1.0,0%-10%
11422,14228,16.0,1.0,0%-10%
11422,14883,90.0,8.0,0%-10%
11422,15019,16.0,1.0,0%-10%
11423,284,10.0,-0.0,0%-10%
11423,2555,139.0,10.0,0%-10%
11423,3433,16.0,-0.0,0%-10%
11423,3877,16.0,-0.0,0%-10%
11423,4475,12.0,0.0,0%-10%
11423,5288,16.0,-0.0,0%-10%
11423,6421,16.0,-0.0,0%-10%
11423,7949,8.0,-0.0,0%-10%
11423,8044,16.0,-0.0,0%-10%
11423,10701,162.0,13.0,0%-10%
11423,11318,16.0,-0.0,0%-10%
11423,11671,14.0,0.0,0%-10%
11423,13207,16.0,-0.0,0%-10%
11423,13940,16.0,-0.0,0%-10%
11423,15197,16.0,-0.0,0%-10%
11426,2444,16.0,-0.0,0%-10%
11426,5802,400.0,30.0,0%-10%
11426,7336,16.0,-0.0,0%-10%
11426,8406,144.0,-0.0,0%-10%
11426,12907,16.0,-0.0,0%-10%
11426,13400,16.0,-0.0,0%-10%
11426,15144,103.0,-0.0,0%-10%
11427,1108,8.0,-0.0,0%-10%
11427,1757,119.0,5.0,0%-10%
11427,2447,16.0,-0.0,0%-10%
11427,4137,16.0,-0.0,0%-10%
11427,6601,16.0,-0.0,0%-10%
11427,9005,16.0,-0.0,0%-10%
11427,13302,227.0,22.0,0%-10%
11428,694,16.0,0.0,0%-10%
11428,1777,207.0,31.0,10%-15%
11428,2163,14.0,0.0,0%-10%
11428,3103,14.0,0.0,0%-10%
11428,7643,173.0,17.0,0%-10%
11428,9539,16.0,0.0,0%-10%
11428,10332,41.0,2.0,0%-10%
11428,13080,16.0,0.0,0%-10%
11428,13871,16.0,0.0,0%-10%
11428,14996,16.0,0.0,0%-10%
11428,15219,16.0,0.0,0%-10%
11429,952,42.0,2.0,0%-10%
11429,1913,16.0,-0.0,0%-10%
11429,2511,16.0,-0.0,0%-10%
11429,2795,17.0,-0.0,0%-10%
11429,2967,14.0,-0.0,0%-10%
11429,3408,16.0,-0.0,0%-10%
11429,3477,16.0,-0.0,0%-10%
11429,4360,12.0,0.0,0%-10%
11429,4555,16.0,-0.0,0%-10%
11429,4669,16.0,-0.0,0%-10%
11429,5102,16.0,-0.0,0%-10%
11429,5184,10.0,-0.0,0%-10%
11429,6039,16.0,-0.0,0%-10%
11429,6413,16.0,-0.0,0%-10%
11429,7174,10.0,-0.0,0%-10%
11429,7447,16.0,-0.0,0%-10%
11429,9449,16.0,-0.0,0%-10%
11429,10457,12.0,0.0,0%-10%
11429,11952,16.0,-0.0,0%-10%
11429,12607,16.0,-0.0,0%-10%
11429,15285,16.0,-0.0,0%-10%
11429,15292,16.0,-0.0,0%-10%
11432,1498,40.0,3.0,0%-10%
11432,2817,78.0,6.0,0%-10%
11432,2970,16.0,-0.0,0%-10%
11432,3927,16.0,-0.0,0%-10%
11432,5335,16.0,-0.0,0%-10%
11432,6399,16.0,-0.0,0%-10%
11432,6911,88.0,7.0,0%-10%
11432,7204,16.0,-0.0,0%-10%
11432,7662,16.0,-0.0,0%-10%
11432,7788,159.0,14.0,0%-10%
11432,9472,107.0,10.0,0%-10%
11432,9601,16.0,1.0,0%-10%
11432,9777,16.0,1.0,0%-10%
11432,9877,140.0,13.0,0%-10%
11432,9971,143.0,13.0,0%-10%
11432,10256,301.0,28.0,0%-10%
11432,13064,16.0,1.0,0%-10%
11432,13922,16.0,1.0,0%-10%
11432,14248,407.0,37.0,0%-10%
11432,14797,16.0,1.0,0%-10%
11433,919,16.0,-0.0,0%-10%
11433,1249,16.0,-0.0,0%-10%
11433,1834,8.0,0.0,0%-10%
11433,1903,8.0,-0.0,0%-10%
11433,2099,8.0,-0.0,0%-10%
11433,2784,16.0,-0.0,0%-10%
11433,2962,159.0,12.0,0%-10%
11433,3520,16.0,-0.0,0%-10%
11433,3930,16.0,-0.0,0%-10%
11433,4332,16.0,-0.0,0%-10%
11433,4643,16.0,-0.0,0%-10%
11433,4835,426.0,37.0,0%-10%
11433,5715,8.0,-0.0,0%-10%
11433,6266,16.0,-0.0,0%-10%
11433,6517,16.0,-0.0,0%-10%
11433,6784,266.0,22.0,0%-10%
11433,7070,217.0,18.0,0%-10%
11433,8762,151.0,12.0,0%-10%
11433,8968,16.0,-0.0,0%-10%
11433,9027,16.0,-0.0,0%-10%
11433,9815,16.0,-0.0,0%-10%
11433,10214,64.0,4.0,0%-10%
11433,11103,360.0,31.0,0%-10%
11433,11115,126.0,9.0,0%-10%
11433,11328,12.0,0.0,0%-10%
11433,12345,16.0,-0.0,0%-10%
11433,12376,20.0,0.0,0%-10%
11433,12711,16.0,-0.0,0%-10%
11433,13737,16.0,-0.0,0%-10%
11433,13946,16.0,-0.0,0%-10%
11433,15522,16.0,-0.0,0%-10%
11434,103,8.0,-0.0,0%-10%
11434,240,8.0,-0.0,0%-10%
11434,599,16.0,-0.0,0%-10%
11434,697,16.0,-0.0,0%-10%
11434,791,16.0,-0.0,0%-10%
11434,923,16.0,-0.0,0%-10%
11434,999,16.0,-0.0,0%-10%
11434,1109,8.0,-0.0,0%-10%
11434,1196,16.0,-0.0,0%-10%
11434,1278,8.0,-0.0,0%-10%
11434,1359,16.0,-0.0,0%-10%
11434,1525,16.0,-0.0,0%-10%
11434,1970,16.0,-0.0,0%-10%
11434,2029,16.0,-0.0,0%-10%
11434,2177,240.0,21.0,0%-10%
11434,2464,14.0,-0.0,0%-10%
11434,2479,14.0,-0.0,0%-10%
11434,2594,16.0,-0.0,0%-10%
11434,2890,16.0,-0.0,0%-10%
11434,2927,16.0,-0.0,0%-10%
11434,3377,16.0,-0.0,0%-10%
11434,3521,16.0,-0.0,0%-10%
11434,3554,16.0,-0.0,0%-10%
11434,3966,15.0,-0.0,0%-10%
11434,3979,16.0,-0.0,0%-10%
11434,4023,8.0,0.0,0%-10%
11434,4078,16.0,-0.0,0%-10%
11434,4147,16.0,-0.0,0%-10%
11434,4151,16.0,-0.0,0%-10%
11434,4447,12.0,0.0,0%-10%
11434,4774,16.0,-0.0,0%-10%
11434,5220,16.0,-0.0,0%-10%
11434,5763,16.0,-0.0,0%-10%
11434,5973,16.0,-0.0,0%-10%
11434,6012,16.0,-0.0,0%-10%
11434,6161,16.0,-0.0,0%-10%
11434,6553,8.0,-0.0,0%-10%
11434,6940,278.0,24.0,0%-10%
11434,7016,16.0,-0.0,0%-10%
11434,7091,16.0,-0.0,0%-10%
11434,7148,125.0,10.0,0%-10%
11434,7271,16.0,-0.0,0%-10%
11434,7307,16.0,-0.0,0%-10%
11434,7551,16.0,-0.0,0%-10%
11434,7680,16.0,-0.0,0%-10%
11434,7715,16.0,-0.0,0%-10%
11434,7742,160.0,14.0,0%-10%
11434,7786,260.0,23.0,0%-10%
11434,7819,16.0,1.0,0%-10%
11434,8086,16.0,1.0,0%-10%
11434,8101,16.0,1.0,0%-10%
11434,8143,7.0,-0.0,0%-10%
11434,8154,16.0,1.0,0%-10%
11434,8276,30.0,3.0,0%-10%
11434,9513,14.0,0.0,0%-10%
11434,10093,16.0,1.0,0%-10%
11434,10315,148.0,13.0,0%-10%
11434,10348,16.0,1.0,0%-10%
11434,10543,280.0,26.0,0%-10%
11434,10598,8.0,-0.0,0%-10%
11434,10702,23.0,1.0,0%-10%
11434,10800,16.0,1.0,0%-10%
11434,11025,36.0,3.0,0%-10%
11434,11069,16.0,1.0,0%-10%
11434,11077,16.0,1.0,0%-10%
11434,11453,14.0,0.0,0%-10%
11434,11516,16.0,1.0,0%-10%
11434,11912,173.0,16.0,0%-10%
11434,11950,14.0,-0.0,0%-10%
11434,12236,16.0,1.0,0%-10%
11434,12276,16.0,1.0,0%-10%
11434,12634,16.0,1.0,0%-10%
11434,12761,16.0,1.0,0%-10%
11434,12934,16.0,1.0,0%-10%
11434,13002,16.0,1.0,0%-10%
11434,13161,16.0,1.0,0%-10%
11434,13163,16.0,1.0,0%-10%
11434,13299,16.0,1.0,0%-10%
11434,13659,300.0,28.0,0%-10%
11434,13707,16.0,1.0,0%-10%
11434,13804,36.0,3.0,0%-10%
11434,13811,16.0,1.0,0%-10%
11434,13820,16.0,1.0,0%-10%
11434,13875,16.0,1.0,0%-10%
11434,13893,16.0,1.0,0%-10%
11434,14138,16.0,1.0,0%-10%
11434,14484,16.0,1.0,0%-10%
11434,15469,16.0,1.0,0%-10%
11434,15556,16.0,1.0,0%-10%
11435,219,16.0,-0.0,0%-10%
11435,347,260.0,23.0,0%-10%
11435,636,12.0,0.0,0%-10%
11435,925,16.0,-0.0,0%-10%
11435,2569,16.0,-0.0,0%-10%
11435,3465,16.0,-0.0,0%-10%
11435,3947,18.0,-0.0,0%-10%
11435,4379,12.0,0.0,0%-10%
11435,4749,22.0,-0.0,0%-10%
11435,4842,120.0,10.0,0%-10%
11435,5008,14.0,-0.0,0%-10%
11435,5127,16.0,-0.0,0%-10%
11435,5642,16.0,-0.0,0%-10%
11435,6691,16.0,-0.0,0%-10%
11435,6983,16.0,-0.0,0%-10%
11435,7051,25.0,1.0,0%-10%
11435,7175,16.0,-0.0,0%-10%
11435,7464,16.0,-0.0,0%-10%
11435,7546,38.0,2.0,0%-10%
11435,8098,16.0,-0.0,0%-10%
11435,9915,216.0,19.0,0%-10%
11435,10043,12.0,0.0,0%-10%
11435,10304,16.0,-0.0,0%-10%
11435,10803,16.0,-0.0,0%-10%
11435,11314,16.0,-0.0,0%-10%
11435,12521,50.0,4.0,0%-10%
11435,12563,40.0,3.0,0%-10%
11435,13397,317.0,29.0,0%-10%
11435,14457,16.0,1.0,0%-10%
11435,14685,16.0,1.0,0%-10%
11435,14899,16.0,1.0,0%-10%
11435,15180,171.0,16.0,0%-10%
11435,15569,160.0,15.0,0%-10%
11436,671,16.0,-0.0,0%-10%
11436,3678,16.0,-0.0,0%-10%
11436,4338,14.0,-0.0,0%-10%
11436,6485,16.0,-0.0,0%-10%
11436,7941,16.0,-0.0,0%-10%
11436,9078,16.0,-0.0,0%-10%
11436,9116,16.0,-0.0,0%-10%
11436,9504,10.0,-0.0,0%-10%
11436,9770,16.0,-0.0,0%-10%
11436,9996,16.0,-0.0,0%-10%
11436,10278,16.0,-0.0,0%-10%
11436,10309,16.0,-0.0,0%-10%
11436,10340,8.0,-0.0,0%-10%
11436,13767,16.0,-0.0,0%-10%
11436,14013,16.0,-0.0,0%-10%
11436,14763,16.0,-0.0,0%-10%
11436,15603,16.0,-0.0,0%-10%
11501,352,204.0,2.0,0%-10%
11501,2366,346.0,34.0,0%-10%
11501,2674,70.0,-0.0,0%-10%
11501,5121,16.0,-0.0,0%-10%
11501,5701,16.0,-0.0,0%-10%
11501,6711,60.0,5.0,0%-10%
11501,9246,40.0,3.0,0%-10%
11501,12597,128.0,-0.0,0%-10%
11501,14117,53.0,4.0,0%-10%
11507,1340,73.0,-0.0,0%-10%
11507,3713,140.0,11.0,0%-10%
11510,279,16.0,-0.0,0%-10%
11510,452,16.0,-0.0,0%-10%
11510,1380,16.0,-0.0,0%-10%
11510,1477,16.0,-0.0,0%-10%
11510,1786,16.0,-0.0,0%-10%
11510,2284,16.0,-0.0,0%-10%
11510,2411,16.0,-0.0,0%-10%
11510,2742,8.0,0.0,0%-10%
11510,4281,57.0,3.0,0%-10%
11510,4385,16.0,-0.0,0%-10%
11510,4498,16.0,-0.0,0%-10%
11510,4500,16.0,-0.0,0%-10%
11510,5465,12.0,0.0,0%-10%
11510,5510,90.0,6.0,0%-10%
11510,5815,8.0,0.0,0%-10%
11510,6322,16.0,-0.0,0%-10%
11510,7195,167.0,13.0,0%-10%
11510,7695,145.0,12.0,0%-10%
11510,7996,16.0,-0.0,0%-10%
11510,8676,16.0,-0.0,0%-10%
11510,9164,16.0,-0.0,0%-10%
11510,9615,16.0,-0.0,0%-10%
11510,9760,8.0,0.0,0%-10%
11510,9854,279.0,24.0,0%-10%
11510,9986,16.0,-0.0,0%-10%
11510,10438,61.0,5.0,0%-10%
11510,10486,111.0,9.0,0%-10%
11510,10511,16.0,-0.0,0%-10%
11510,10739,16.0,-0.0,0%-10%
11510,10830,8.0,0.0,0%-10%
11510,11068,16.0,-0.0,0%-10%
11510,11108,57.0,4.0,0%-10%
11510,11445,16.0,-0.0,0%-10%
11510,11967,16.0,-0.0,0%-10%
11510,12378,8.0,0.0,0%-10%
11510,12392,16.0,-0.0,0%-10%
11510,13066,16.0,-0.0,0%-10%
11510,13205,16.0,-0.0,0%-10%
11510,13249,16.0,-0.0,0%-10%
11510,13455,16.0,-0.0,0%-10%
11510,13588,16.0,-0.0,0%-10%
11510,13768,16.0,-0.0,0%-10%
11510,13991,16.0,-0.0,0%-10%
11510,14672,16.0,-0.0,0%-10%
11510,14733,16.0,-0.0,0%-10%
11510,14991,16.0,-0.0,0%-10%
11510,15003,16.0,-0.0,0%-10%
11510,15534,16.0,-0.0,0%-10%
11514,703,80.0,-0.0,0%-10%
11514,3040,58.0,3.0,0%-10%
11514,8587,138.0,10.0,0%-10%
11516,38,60.0,0.0,0%-10%
11516,546,80.0,0.0,0%-10%
11516,14353,16.0,0.0,0%-10%
11518,1576,70.0,10.0,10%-15%
11518,3045,44.0,4.0,0%-10%
11518,4704,97.0,9.0,0%-10%
11518,11070,191.0,19.0,0%-10%
11518,11794,70.0,7.0,0%-10%
11520,183,16.0,-0.0,0%-10%
11520,289,16.0,-0.0,0%-10%
11520,327,8.0,-0.0,0%-10%
11520,425,16.0,-0.0,0%-10%
11520,513,16.0,-0.0,0%-10%
11520,522,16.0,-0.0,0%-10%
11520,605,16.0,-0.0,0%-10%
11520,714,8.0,-0.0,0%-10%
11520,840,16.0,-0.0,0%-10%
11520,943,16.0,-0.0,0%-10%
11520,1064,15.0,-0.0,0%-10%
11520,1284,16.0,-0.0,0%-10%
11520,1657,16.0,-0.0,0%-10%
11520,1672,16.0,-0.0,0%-10%
11520,1681,16.0,-0.0,0%-10%
11520,1784,67.0,5.0,0%-10%
11520,1795,16.0,-0.0,0%-10%
11520,1949,16.0,-0.0,0%-10%
11520,2035,16.0,-0.0,0%-10%
11520,2053,16.0,-0.0,0%-10%
11520,2155,16.0,-0.0,0%-10%
11520,2221,16.0,-0.0,0%-10%
11520,2229,16.0,-0.0,0%-10%
11520,2247,16.0,-0.0,0%-10%
11520,2401,16.0,-0.0,0%-10%
11520,2403,16.0,-0.0,0%-10%
11520,2442,16.0,-0.0,0%-10%
11520,2515,16.0,-0.0,0%-10%
11520,2541,45.0,3.0,0%-10%
11520,2977,53.0,4.0,0%-10%
11520,3176,16.0,-0.0,0%-10%
11520,3483,16.0,-0.0,0%-10%
11520,3500,16.0,-0.0,0%-10%
11520,3563,16.0,-0.0,0%-10%
11520,3576,16.0,-0.0,0%-10%
11520,3707,16.0,-0.0,0%-10%
11520,3782,16.0,-0.0,0%-10%
11520,3825,16.0,-0.0,0%-10%
11520,3863,16.0,-0.0,0%-10%
11520,4421,16.0,-0.0,0%-10%
11520,4502,16.0,-0.0,0%-10%
11520,4616,16.0,-0.0,0%-10%
11520,4889,16.0,-0.0,0%-10%
11520,4898,16.0,-0.0,0%-10%
11520,5171,16.0,-0.0,0%-10%
11520,5201,16.0,-0.0,0%-10%
11520,5257,16.0,-0.0,0%-10%
11520,5451,16.0,1.0,0%-10%
11520,5497,16.0,1.0,0%-10%
11520,6244,16.0,1.0,0%-10%
11520,6482,16.0,1.0,0%-10%
11520,6515,16.0,1.0,0%-10%
11520,6907,16.0,1.0,0%-10%
11520,6976,16.0,1.0,0%-10%
11520,7101,16.0,1.0,0%-10%
11520,7244,16.0,1.0,0%-10%
11520,7255,16.0,1.0,0%-10%
11520,7674,16.0,1.0,0%-10%
11520,7772,16.0,1.0,0%-10%
11520,7883,16.0,1.0,0%-10%
11520,7909,16.0,1.0,0%-10%
11520,7973,102.0,9.0,0%-10%
11520,8010,16.0,1.0,0%-10%
11520,8039,16.0,1.0,0%-10%
11520,8300,16.0,1.0,0%-10%
11520,8355,12.0,0.0,0%-10%
11520,8838,14.0,-0.0,0%-10%
11520,9004,16.0,1.0,0%-10%
11520,9395,16.0,1.0,0%-10%
11520,9406,16.0,1.0,0%-10%
11520,9553,16.0,1.0,0%-10%
11520,9632,168.0,15.0,0%-10%
11520,9800,16.0,1.0,0%-10%
11520,9805,16.0,1.0,0%-10%
11520,9814,16.0,1.0,0%-10%
11520,10191,85.0,7.0,0%-10%
11520,10303,16.0,1.0,0%-10%
11520,10402,16.0,1.0,0%-10%
11520,10445,79.0,7.0,0%-10%
11520,10452,16.0,1.0,0%-10%
11520,10464,16.0,1.0,0%-10%
11520,10644,16.0,1.0,0%-10%
11520,10656,16.0,1.0,0%-10%
11520,10958,16.0,1.0,0%-10%
11520,11175,16.0,1.0,0%-10%
11520,11309,120.0,11.0,0%-10%
11520,11719,16.0,1.0,0%-10%
11520,11862,16.0,1.0,0%-10%
11520,11958,16.0,1.0,0%-10%
11520,12030,16.0,1.0,0%-10%
11520,12032,16.0,1.0,0%-10%
11520,12056,8.0,-0.0,0%-10%
11520,12280,16.0,1.0,0%-10%
11520,12555,8.0,-0.0,0%-10%
11520,12564,16.0,1.0,0%-10%
11520,12568,16.0,1.0,0%-10%
11520,12646,16.0,1.0,0%-10%
11520,12724,16.0,1.0,0%-10%
11520,12783,16.0,1.0,0%-10%
11520,13177,38.0,3.0,0%-10%
11520,13197,16.0,1.0,0%-10%
11520,13238,16.0,1.0,0%-10%
11520,13268,16.0,1.0,0%-10%
11520,13318,16.0,1.0,0%-10%
11520,13375,16.0,1.0,0%-10%
11520,13401,16.0,1.0,0%-10%
11520,13406,16.0,1.0,0%-10%
11520,13499,8.0,-0.0,0%-10%
11520,13692,16.0,1.0,0%-10%
11520,13784,16.0,1.0,0%-10%
11520,13810,16.0,1.0,0%-10%
11520,13909,16.0,1.0,0%-10%
11520,13933,16.0,1.0,0%-10%
11520,14005,16.0,1.0,0%-10%
11520,14012,8.0,-0.0,0%-10%
11520,14083,16.0,1.0,0%-10%
11520,14124,16.0,1.0,0%-10%
11520,14167,89.0,8.0,0%-10%
11520,14186,16.0,1.0,0%-10%
11520,14303,16.0,1.0,0%-10%
11520,14304,16.0,1.0,0%-10%
11520,14548,16.0,1.0,0%-10%
11520,14571,16.0,1.0,0%-10%
11520,14652,16.0,1.0,0%-10%
11520,14745,16.0,1.0,0%-10%
11520,14988,8.0,0.0,0%-10%
11520,15108,16.0,1.0,0%-10%
11520,15262,16.0,1.0,0%-10%
11520,15264,16.0,1.0,0%-10%
11520,15273,16.0,1.0,0%-10%
11520,15323,16.0,1.0,0%-10%
11520,15397,30.0,3.0,0%-10%
11520,15431,16.0,1.0,0%-10%
11520,15479,16.0,1.0,0%-10%
11520,15481,12.0,0.0,0%-10%
11520,15577,16.0,1.0,0%-10%
11530,458,66.0,5.0,0%-10%
11530,2716,44.0,3.0,0%-10%
11530,3335,33.0,2.0,0%-10%
11530,3588,71.0,-0.0,0%-10%
11530,4969,82.0,-0.0,0%-10%
11530,5373,80.0,-0.0,0%-10%
11530,5606,65.0,5.0,0%-10%
11530,7122,16.0,-0.0,0%-10%
11530,8534,60.0,5.0,0%-10%
11530,9567,70.0,-0.0,0%-10%
11530,10862,84.0,5.0,0%-10%
11542,1265,46.0,3.0,0%-10%
11542,2138,59.0,4.0,0%-10%
11542,2359,202.0,2.0,0%-10%
11542,2908,150.0,13.0,0%-10%
11542,3526,39.0,2.0,0%-10%
11542,4832,110.0,9.0,0%-10%
11542,5424,228.0,20.0,0%-10%
11542,7155,16.0,-0.0,0%-10%
11542,8293,115.0,9.0,0%-10%
11542,8938,115.0,-0.0,0%-10%
11542,9719,180.0,16.0,0%-10%
11542,10742,161.0,14.0,0%-10%
11542,13248,16.0,-0.0,0%-10%
11542,13986,16.0,-0.0,0%-10%
11545,2800,16.0,0.0,0%-10%
11545,4796,120.0,12.0,0%-10%
11545,5707,65.0,6.0,0%-10%
11545,6841,162.0,16.0,0%-10%
11545,9368,225.0,22.0,0%-10%
11545,9636,61.0,2.0,0%-10%
11545,10019,16.0,-0.0,0%-10%
11545,13006,44.0,0.0,0%-10%
11548,5455,263.0,-0.0,0%-10%
11550,288,16.0,-0.0,0%-10%
11550,665,16.0,-0.0,0%-10%
11550,1150,16.0,-0.0,0%-10%
11550,1495,16.0,-0.0,0%-10%
11550,1524,16.0,-0.0,0%-10%
11550,1568,16.0,-0.0,0%-10%
11550,1857,16.0,-0.0,0%-10%
11550,1897,16.0,-0.0,0%-10%
11550,1943,16.0,-0.0,0%-10%
11550,2322,8.0,-0.0,0%-10%
11550,2353,8.0,-0.0,0%-10%
11550,2542,8.0,-0.0,0%-10%
11550,2642,16.0,-0.0,0%-10%
11550,2773,16.0,-0.0,0%-10%
11550,2828,16.0,-0.0,0%-10%
11550,2928,8.0,-0.0,0%-10%
11550,2984,16.0,-0.0,0%-10%
11550,3133,16.0,-0.0,0%-10%
11550,3178,121.0,10.0,0%-10%
11550,3378,16.0,-0.0,0%-10%
11550,3550,16.0,-0.0,0%-10%
11550,3640,16.0,-0.0,0%-10%
11550,3689,16.0,-0.0,0%-10%
11550,3899,16.0,-0.0,0%-10%
11550,4143,16.0,-0.0,0%-10%
11550,4155,88.0,7.0,0%-10%
11550,4240,16.0,-0.0,0%-10%
11550,4250,16.0,-0.0,0%-10%
11550,4275,8.0,-0.0,0%-10%
11550,4315,8.0,-0.0,0%-10%
11550,4343,206.0,18.0,0%-10%
11550,4464,16.0,-0.0,0%-10%
11550,4492,16.0,-0.0,0%-10%
11550,4637,8.0,0.0,0%-10%
11550,5022,16.0,-0.0,0%-10%
11550,5097,16.0,-0.0,0%-10%
11550,5149,8.0,-0.0,0%-10%
11550,5314,16.0,-0.0,0%-10%
11550,5379,16.0,-0.0,0%-10%
11550,5782,16.0,-0.0,0%-10%
11550,5942,16.0,-0.0,0%-10%
11550,6615,10.0,1.0,0%-10%
11550,6809,16.0,1.0,0%-10%
11550,7083,92.0,8.0,0%-10%
11550,7132,8.0,-0.0,0%-10%
11550,7329,16.0,1.0,0%-10%
11550,7410,16.0,1.0,0%-10%
11550,7505,16.0,1.0,0%-10%
11550,7992,16.0,1.0,0%-10%
11550,8096,16.0,1.0,0%-10%
11550,8121,16.0,1.0,0%-10%
11550,8334,16.0,1.0,0%-10%
11550,8453,16.0,1.0,0%-10%
11550,8483,16.0,1.0,0%-10%
11550,8767,8.0,-0.0,0%-10%
11550,8770,16.0,1.0,0%-10%
11550,8958,16.0,1.0,0%-10%
11550,9088,16.0,1.0,0%-10%
11550,9146,48.0,4.0,0%-10%
11550,9283,16.0,1.0,0%-10%
11550,9331,7.0,-0.0,0%-10%
11550,9518,8.0,-0.0,0%-10%
11550,9598,16.0,1.0,0%-10%
11550,9697,16.0,1.0,0%-10%
11550,9762,16.0,1.0,0%-10%
11550,9769,16.0,1.0,0%-10%
11550,9873,8.0,-0.0,0%-10%
11550,10118,16.0,1.0,0%-10%
11550,10216,95.0,9.0,0%-10%
11550,10575,16.0,1.0,0%-10%
11550,10731,16.0,1.0,0%-10%
11550,10771,16.0,1.0,0%-10%
11550,10849,16.0,1.0,0%-10%
11550,10951,8.0,-0.0,0%-10%
11550,11011,16.0,1.0,0%-10%
11550,11207,16.0,1.0,0%-10%
11550,11417,16.0,1.0,0%-10%
11550,11532,16.0,1.0,0%-10%
11550,11549,16.0,1.0,0%-10%
11550,11917,16.0,1.0,0%-10%
11550,12159,16.0,1.0,0%-10%
11550,12287,16.0,1.0,0%-10%
11550,12314,16.0,1.0,0%-10%
11550,12454,16.0,1.0,0%-10%
11550,12488,16.0,1.0,0%-10%
11550,12565,16.0,1.0,0%-10%
11550,12673,16.0,1.0,0%-10%
11550,12715,16.0,1.0,0%-10%
11550,12753,16.0,1.0,0%-10%
11550,12782,16.0,1.0,0%-10%
11550,12894,110.0,10.0,0%-10%
11550,12912,68.0,6.0,0%-10%
11550,13036,16.0,1.0,0%-10%
11550,13296,8.0,-0.0,0%-10%
11550,13311,16.0,1.0,0%-10%
11550,13322,16.0,1.0,0%-10%
11550,13374,16.0,1.0,0%-10%
11550,13385,16.0,1.0,0%-10%
11550,13398,110.0,10.0,0%-10%
11550,13481,16.0,1.0,0%-10%
11550,13504,16.0,1.0,0%-10%
11550,13524,16.0,1.0,0%-10%
11550,13601,16.0,1.0,0%-10%
11550,13630,16.0,1.0,0%-10%
11550,13695,16.0,1.0,0%-10%
11550,13895,97.0,9.0,0%-10%
11550,14063,16.0,1.0,0%-10%
11550,14242,16.0,1.0,0%-10%
11550,14285,16.0,1.0,0%-10%
11550,14291,16.0,1.0,0%-10%
11550,14365,16.0,1.0,0%-10%
11550,14518,16.0,1.0,0%-10%
11550,14593,110.0,10.0,0%-10%
11550,14625,16.0,1.0,0%-10%
11550,14693,16.0,1.0,0%-10%
11550,14825,16.0,1.0,0%-10%
11550,15086,16.0,1.0,0%-10%
11550,15278,16.0,1.0,0%-10%
11550,15416,16.0,1.0,0%-10%
11550,15447,16.0,1.0,0%-10%
11552,73,16.0,-0.0,0%-10%
11552,334,16.0,-0.0,0%-10%
11552,853,16.0,-0.0,0%-10%
11552,1723,16.0,-0.0,0%-10%
11552,2719,75.0,6.0,0%-10%
11552,2807,16.0,-0.0,0%-10%
11552,3011,50.0,5.0,0%-10%
11552,3666,16.0,1.0,0%-10%
11552,5628,16.0,1.0,0%-10%
11552,6046,6.0,0.0,0%-10%
11552,6151,156.0,14.0,0%-10%
11552,7055,12.0,0.0,0%-10%
11552,7301,12.0,0.0,0%-10%
11552,7511,16.0,1.0,0%-10%
11552,8431,16.0,1.0,0%-10%
11552,8882,14.0,0.0,0%-10%
11552,10435,73.0,6.0,0%-10%
11552,10970,16.0,1.0,0%-10%
11552,10995,76.0,7.0,0%-10%
11552,11213,16.0,1.0,0%-10%
11552,12510,16.0,1.0,0%-10%
11552,12757,16.0,1.0,0%-10%
11552,13204,16.0,1.0,0%-10%
11552,13622,16.0,1.0,0%-10%
11552,13917,16.0,1.0,0%-10%
11552,13962,16.0,1.0,0%-10%
11552,14451,16.0,1.0,0%-10%
11552,14633,40.0,4.0,0%-10%
11552,15505,16.0,1.0,0%-10%
11553,275,16.0,-0.0,0%-10%
11553,893,16.0,-0.0,0%-10%
11553,894,16.0,-0.0,0%-10%
11553,1111,70.0,5.0,0%-10%
11553,1129,16.0,-0.0,0%-10%
11553,1170,16.0,-0.0,0%-10%
11553,1230,10.0,-0.0,0%-10%
11553,1391,16.0,-0.0,0%-10%
11553,1449,16.0,-0.0,0%-10%
11553,1535,16.0,-0.0,0%-10%
11553,1582,16.0,-0.0,0%-10%
11553,1719,16.0,-0.0,0%-10%
11553,1845,16.0,-0.0,0%-10%
11553,1887,8.0,-0.0,0%-10%
11553,3169,16.0,-0.0,0%-10%
11553,3424,16.0,-0.0,0%-10%
11553,3467,16.0,-0.0,0%-10%
11553,3907,16.0,-0.0,0%-10%
11553,4227,8.0,-0.0,0%-10%
11553,4273,16.0,-0.0,0%-10%
11553,4458,16.0,-0.0,0%-10%
11553,4851,16.0,1.0,0%-10%
11553,4867,16.0,1.0,0%-10%
11553,5156,16.0,1.0,0%-10%
11553,5237,16.0,1.0,0%-10%
11553,5251,16.0,1.0,0%-10%
11553,6390,12.0,0.0,0%-10%
11553,6454,8.0,0.0,0%-10%
11553,7423,16.0,1.0,0%-10%
11553,7488,113.0,10.0,0%-10%
11553,7750,16.0,1.0,0%-10%
11553,7765,16.0,1.0,0%-10%
11553,7986,16.0,1.0,0%-10%
11553,8120,10.0,1.0,0%-10%
11553,8336,16.0,1.0,0%-10%
11553,8641,16.0,1.0,0%-10%
11553,8666,16.0,1.0,0%-10%
11553,9170,16.0,1.0,0%-10%
11553,9588,16.0,1.0,0%-10%
11553,10232,16.0,1.0,0%-10%
11553,10570,103.0,9.0,0%-10%
11553,10671,16.0,1.0,0%-10%
11553,10687,16.0,1.0,0%-10%
11553,11371,16.0,1.0,0%-10%
11553,11406,16.0,1.0,0%-10%
11553,11547,62.0,6.0,0%-10%
11553,11942,8.0,-0.0,0%-10%
11553,12025,16.0,1.0,0%-10%
11553,12309,16.0,1.0,0%-10%
11553,12369,8.0,-0.0,0%-10%
11553,12440,16.0,1.0,0%-10%
11553,12511,16.0,1.0,0%-10%
11553,12556,16.0,1.0,0%-10%
11553,12573,16.0,1.0,0%-10%
11553,12770,16.0,1.0,0%-10%
11553,12821,30.0,3.0,0%-10%
11553,12898,16.0,1.0,0%-10%
11553,13156,16.0,1.0,0%-10%
11553,13335,16.0,1.0,0%-10%
11553,13408,16.0,1.0,0%-10%
11553,13739,16.0,1.0,0%-10%
11553,13817,16.0,1.0,0%-10%
11553,14417,16.0,1.0,0%-10%
11553,14455,16.0,1.0,0%-10%
11553,14538,16.0,1.0,0%-10%
11553,14559,12.0,0.0,0%-10%
11553,14659,16.0,1.0,0%-10%
11553,14674,12.0,0.0,0%-10%
11553,14769,16.0,1.0,0%-10%
11553,14820,16.0,1.0,0%-10%
11553,14856,16.0,1.0,0%-10%
11553,15023,16.0,1.0,0%-10%
11553,15034,16.0,1.0,0%-10%
11553,15156,16.0,1.0,0%-10%
11553,15224,16.0,1.0,0%-10%
11553,15382,16.0,1.0,0%-10%
11553,15512,16.0,1.0,0%-10%
11553,15517,16.0,1.0,0%-10%
11554,1427,16.0,-0.0,0%-10%
11554,2722,90.0,7.0,0%-10%
11554,4162,100.0,8.0,0%-10%
11554,4307,35.0,2.0,0%-10%
11554,5859,16.0,-0.0,0%-10%
11554,10276,144.0,12.0,0%-10%
11554,10600,120.0,11.0,0%-10%
11554,10711,60.0,6.0,0%-10%
11554,11200,130.0,12.0,0%-10%
11554,11899,155.0,14.0,0%-10%
11554,13267,16.0,1.0,0%-10%
11554,13446,16.0,1.0,0%-10%
11554,13718,16.0,1.0,0%-10%
11554,13815,16.0,1.0,0%-10%
11554,13952,16.0,1.0,0%-10%
11554,14852,16.0,1.0,0%-10%
11556,4652,116.0,0.0,0%-10%
11557,1392,16.0,0.0,0%-10%
11557,8933,206.0,20.0,0%-10%
11557,10230,16.0,0.0,0%-10%
11557,11896,16.0,0.0,0%-10%
11557,12437,60.0,6.0,0%-10%
11557,13950,16.0,0.0,0%-10%
11557,14409,60.0,2.999991003333358,0%-10%
11558,895,16.0,0.0,0%-10%
11558,1659,16.0,-0.0,0%-10%
11558,6578,16.0,-0.0,0%-10%
11558,8578,35.0,-0.0,0%-10%
11558,10609,135.0,9.0,0%-10%
11558,11456,16.0,0.0,0%-10%
11558,13578,22.0,-0.0,0%-10%
11558,13661,16.0,-0.0,0%-10%
11559,1963,364.0,36.0,0%-10%
11559,2202,82.0,8.0,0%-10%
11559,2815,16.0,-0.0,0%-10%
11559,4701,207.0,20.0,0%-10%
11559,7018,76.0,0.0,0%-10%
11560,11257,57.0,3.0,0%-10%
11560,15390,16.0,-0.0,0%-10%
11560,15594,44.0,2.0,0%-10%
11561,1240,93.0,-0.0,0%-10%
11561,1836,16.0,0.0,0%-10%
11561,2061,155.0,-0.0,0%-10%
11561,2363,16.0,0.0,0%-10%
11561,2530,27.0,0.0,0%-10%
11561,3791,41.0,0.0,0%-10%
11561,3841,84.0,-0.0,0%-10%
11561,5894,131.0,-0.0,0%-10%
11561,6218,16.0,0.0,0%-10%
11561,7354,40.0,0.0,0%-10%
11561,11673,12.0,0.0,0%-10%
11561,13961,23.0,0.0,0%-10%
11563,70,152.0,12.0,0%-10%
11563,880,32.0,1.0,0%-10%
11563,1015,16.0,-0.0,0%-10%
11563,1115,16.0,-0.0,0%-10%
11563,2088,23.0,-0.0,0%-10%
11563,3243,161.0,13.0,0%-10%
11563,3797,75.0,5.0,0%-10%
11563,4445,167.0,13.0,0%-10%
11563,5094,69.0,4.0,0%-10%
11563,6799,72.0,-0.0,0%-10%
11563,6889,16.0,-0.0,0%-10%
11563,10112,135.0,10.0,0%-10%
11563,10406,16.0,-0.0,0%-10%
11563,10696,16.0,-0.0,0%-10%
11563,11858,58.0,3.0,0%-10%
11563,14084,176.0,14.0,0%-10%
11563,14768,16.0,-0.0,0%-10%
11563,14858,16.0,-0.0,0%-10%
11563,15233,16.0,-0.0,0%-10%
11565,5475,52.0,0.0,0%-10%
11565,5819,16.0,0.0,0%-10%
11565,6571,63.0,-0.0,0%-10%
11565,7947,65.0,0.0,0%-10%
11565,8989,16.0,0.0,0%-10%
11565,11597,64.0,-0.0,0%-10%
11565,13117,47.0,-0.0,0%-10%
11566,1698,150.0,12.0,0%-10%
11566,2237,208.0,17.0,0%-10%
11566,4494,157.0,12.0,0%-10%
11566,4927,16.0,-0.0,0%-10%
11566,5277,150.0,12.0,0%-10%
11566,5890,16.0,-0.0,0%-10%
11566,5914,16.0,-0.0,0%-10%
11566,6500,93.0,6.0,0%-10%
11566,7445,36.0,1.0,0%-10%
11566,7541,75.0,5.0,0%-10%
11566,7636,16.0,-0.0,0%-10%
11566,7711,127.0,-0.0,0%-10%
11566,7814,150.0,12.0,0%-10%
11566,8322,140.0,12.0,0%-10%
11566,8561,75.0,6.0,0%-10%
11566,8585,143.0,12.0,0%-10%
11566,9237,16.0,-0.0,0%-10%
11566,9583,16.0,-0.0,0%-10%
11566,10011,16.0,-0.0,0%-10%
11566,10109,16.0,-0.0,0%-10%
11566,10447,44.0,3.0,0%-10%
11566,10779,42.0,3.0,0%-10%
11566,10913,139.0,11.0,0%-10%
11566,11818,93.0,7.0,0%-10%
11566,12221,16.0,-0.0,0%-10%
11566,15006,122.0,10.0,0%-10%
11568,4546,86.0,-0.0,0%-10%
11568,5590,123.0,-0.0,0%-10%
11568,15536,82.0,-0.0,0%-10%
11570,360,16.0,-0.0,0%-10%
11570,3120,83.0,3.0,0%-10%
11570,3413,14.0,0.0,0%-10%
11570,4817,43.0,3.0,0%-10%
11570,6632,16.0,-0.0,0%-10%
11570,6756,91.0,7.0,0%-10%
11570,7792,145.0,12.0,0%-10%
11570,8043,217.0,19.0,0%-10%
11570,12339,12.0,0.0,0%-10%
11570,14940,16.0,-0.0,0%-10%
11572,1059,16.0,-0.0,0%-10%
11572,1246,16.0,-0.0,0%-10%
11572,1747,71.0,-0.0,0%-10%
11572,2604,58.0,3.0,0%-10%
11572,4585,16.0,-0.0,0%-10%
11572,4653,8.0,-0.0,0%-10%
11572,5269,16.0,-0.0,0%-10%
11572,5520,131.0,10.0,0%-10%
11572,6085,16.0,-0.0,0%-10%
11572,6221,159.0,12.0,0%-10%
11572,8063,44.0,2.0,0%-10%
11572,8481,12.0,0.0,0%-10%
11572,8592,282.0,24.0,0%-10%
11572,8728,16.0,-0.0,0%-10%
11572,9421,16.0,-0.0,0%-10%
11572,10338,134.0,10.0,0%-10%
11572,10446,8.0,-0.0,0%-10%
11572,10915,16.0,-0.0,0%-10%
11572,11570,44.0,2.0,0%-10%
11572,12051,16.0,-0.0,0%-10%
11572,12964,16.0,-0.0,0%-10%
11572,14133,12.0,0.0,0%-10%
11572,14882,16.0,-0.0,0%-10%
11572,15565,8.0,0.0,0%-10%
11575,718,16.0,-0.0,0%-10%
11575,1406,80.0,-0.0,0%-10%
11575,1578,16.0,-0.0,0%-10%
11575,1750,16.0,-0.0,0%-10%
11575,1770,16.0,-0.0,0%-10%
11575,1796,16.0,-0.0,0%-10%
11575,1819,16.0,-0.0,0%-10%
11575,1828,16.0,-0.0,0%-10%
11575,2100,95.0,7.0,0%-10%
11575,2434,16.0,-0.0,0%-10%
11575,2691,16.0,-0.0,0%-10%
11575,2743,16.0,-0.0,0%-10%
11575,2764,16.0,-0.0,0%-10%
11575,2864,16.0,-0.0,0%-10%
11575,3636,20.0,0.0,0%-10%
11575,4462,16.0,-0.0,0%-10%
11575,5561,78.0,5.0,0%-10%
11575,5696,16.0,-0.0,0%-10%
11575,5879,16.0,-0.0,0%-10%
11575,6529,16.0,-0.0,0%-10%
11575,6993,16.0,-0.0,0%-10%
11575,7281,16.0,-0.0,0%-10%
11575,7372,40.0,2.0,0%-10%
11575,7415,102.0,7.0,0%-10%
11575,7927,16.0,-0.0,0%-10%
11575,8774,16.0,-0.0,0%-10%
11575,8778,16.0,-0.0,0%-10%
11575,8910,16.0,-0.0,0%-10%
11575,8977,63.0,4.0,0%-10%
11575,9888,14.0,0.0,0%-10%
11575,11237,16.0,-0.0,0%-10%
11575,11412,16.0,-0.0,0%-10%
11575,11812,10.0,-0.0,0%-10%
11575,12097,16.0,-0.0,0%-10%
11575,12139,16.0,-0.0,0%-10%
11575,12361,16.0,-0.0,0%-10%
11575,12570,16.0,-0.0,0%-10%
11575,12681,89.0,6.0,0%-10%
11575,12704,16.0,-0.0,0%-10%
11575,13040,16.0,-0.0,0%-10%
11575,13342,89.0,6.0,0%-10%
11575,13392,16.0,-0.0,0%-10%
11575,13760,16.0,-0.0,0%-10%
11575,13856,16.0,-0.0,0%-10%
11575,13901,16.0,-0.0,0%-10%
11575,13916,106.0,7.0,0%-10%
11575,13972,16.0,-0.0,0%-10%
11575,14245,16.0,-0.0,0%-10%
11575,14953,16.0,-0.0,0%-10%
11575,15032,8.0,0.0,0%-10%
11576,3860,91.0,6.0,0%-10%
11576,4968,12.0,0.0,0%-10%
11576,4994,113.0,8.0,0%-10%
11576,5928,50.0,3.0,0%-10%
11576,7099,16.0,-0.0,0%-10%
11576,9326,184.0,15.0,0%-10%
11576,12616,16.0,-0.0,0%-10%
11576,13303,80.0,-0.0,0%-10%
11577,2793,16.0,1.0,0%-10%
11577,2865,118.0,11.0,0%-10%
11577,5694,16.0,-0.0,0%-10%
11577,6624,89.0,8.0,0%-10%
11577,7753,234.0,23.0,0%-10%
11577,8100,16.0,-0.0,0%-10%
11577,11542,16.0,-0.0,0%-10%
11577,13325,60.0,6.0,0%-10%
11577,13836,16.0,0.0,0%-10%
11577,14969,16.0,-0.0,0%-10%
11577,15370,70.0,7.0,0%-10%
11579,4005,124.0,11.0,0%-10%
11579,5155,16.0,-0.0,0%-10%
11580,887,16.0,-0.0,0%-10%
11580,2157,8.0,0.0,0%-10%
11580,2474,16.0,-0.0,0%-10%
11580,2568,8.0,-0.0,0%-10%
11580,2702,54.0,4.0,0%-10%
11580,2809,16.0,-0.0,0%-10%
11580,3623,16.0,-0.0,0%-10%
11580,4372,16.0,-0.0,0%-10%
11580,5436,16.0,-0.0,0%-10%
11580,5627,60.0,5.0,0%-10%
11580,6279,16.0,-0.0,0%-10%
11580,6411,130.0,11.0,0%-10%
11580,6577,16.0,-0.0,0%-10%
11580,7180,120.0,11.0,0%-10%
11580,7512,70.0,6.0,0%-10%
11580,8841,16.0,1.0,0%-10%
11580,9587,154.0,14.0,0%-10%
11580,9797,16.0,1.0,0%-10%
11580,10363,16.0,1.0,0%-10%
11580,10740,8.0,-0.0,0%-10%
11580,11285,148.0,13.0,0%-10%
11580,12225,16.0,1.0,0%-10%
11580,13345,16.0,1.0,0%-10%
11580,13644,16.0,1.0,0%-10%
11580,15009,16.0,1.0,0%-10%
11580,15514,9.0,-0.0,0%-10%
11581,914,16.0,-0.0,0%-10%
11581,1558,16.0,-0.0,0%-10%
11581,2610,45.0,2.0,0%-10%
11581,3278,16.0,-0.0,0%-10%
11581,4265,16.0,-0.0,0%-10%
11581,4593,16.0,-0.0,0%-10%
11581,5371,16.0,-0.0,0%-10%
11581,5691,16.0,-0.0,0%-10%
11581,5743,21.0,-0.0,0%-10%
11581,6168,16.0,-0.0,0%-10%
11581,6645,40.0,2.0,0%-10%
11581,8284,16.0,-0.0,0%-10%
11581,9063,16.0,-0.0,0%-10%
11581,9825,16.0,-0.0,0%-10%
11581,12278,16.0,-0.0,0%-10%
11581,12697,16.0,-0.0,0%-10%
11581,13491,16.0,-0.0,0%-10%
11581,13748,140.0,11.0,0%-10%
11581,14326,16.0,-0.0,0%-10%
11581,15168,16.0,-0.0,0%-10%
11581,15474,60.0,4.0,0%-10%
11590,88,57.0,4.0,0%-10%
11590,280,16.0,-0.0,0%-10%
11590,416,100.0,8.0,0%-10%
11590,660,94.0,7.0,0%-10%
11590,1531,35.0,2.0,0%-10%
11590,1725,16.0,-0.0,0%-10%
11590,1844,16.0,-0.0,0%-10%
11590,2131,16.0,-0.0,0%-10%
11590,2454,16.0,-0.0,0%-10%
11590,2493,16.0,-0.0,0%-10%
11590,2494,16.0,-0.0,0%-10%
11590,3043,16.0,-0.0,0%-10%
11590,3056,16.0,-0.0,0%-10%
11590,3280,16.0,-0.0,0%-10%
11590,3486,16.0,-0.0,0%-10%
11590,3671,8.0,0.0,0%-10%
11590,3909,16.0,-0.0,0%-10%
11590,3976,16.0,-0.0,0%-10%
11590,3993,51.0,4.0,0%-10%
11590,4357,16.0,-0.0,0%-10%
11590,4564,16.0,-0.0,0%-10%
11590,4613,16.0,-0.0,0%-10%
11590,4758,16.0,-0.0,0%-10%
11590,5279,16.0,1.0,0%-10%
11590,5375,85.0,7.0,0%-10%
11590,5404,16.0,1.0,0%-10%
11590,5736,16.0,1.0,0%-10%
11590,6267,16.0,1.0,0%-10%
11590,6628,100.0,9.0,0%-10%
11590,6753,16.0,1.0,0%-10%
11590,6858,16.0,1.0,0%-10%
11590,7076,16.0,1.0,0%-10%
11590,7108,16.0,1.0,0%-10%
11590,7671,16.0,1.0,0%-10%
11590,7857,16.0,1.0,0%-10%
11590,8106,46.0,4.0,0%-10%
11590,9037,16.0,1.0,0%-10%
11590,9087,16.0,1.0,0%-10%
11590,9376,16.0,1.0,0%-10%
11590,10400,8.0,-0.0,0%-10%
11590,10515,16.0,1.0,0%-10%
11590,10524,217.0,20.0,0%-10%
11590,11599,16.0,1.0,0%-10%
11590,11726,16.0,1.0,0%-10%
11590,11920,16.0,1.0,0%-10%
11590,12073,16.0,1.0,0%-10%
11590,12172,16.0,1.0,0%-10%
11590,12198,16.0,1.0,0%-10%
11590,12323,16.0,1.0,0%-10%
11590,12352,16.0,1.0,0%-10%
11590,12436,16.0,1.0,0%-10%
11590,12771,16.0,1.0,0%-10%
11590,12858,16.0,1.0,0%-10%
11590,13155,8.0,-0.0,0%-10%
11590,13176,16.0,1.0,0%-10%
11590,13216,16.0,1.0,0%-10%
11590,13532,16.0,1.0,0%-10%
11590,13658,16.0,1.0,0%-10%
11590,13660,16.0,1.0,0%-10%
11590,13794,16.0,1.0,0%-10%
11590,13798,16.0,1.0,0%-10%
11590,13979,16.0,1.0,0%-10%
11590,14078,16.0,1.0,0%-10%
11590,14081,16.0,1.0,0%-10%
11590,14307,16.0,1.0,0%-10%
11590,14362,16.0,1.0,0%-10%
11590,14912,16.0,1.0,0%-10%
11590,15135,16.0,1.0,0%-10%
11590,15450,16.0,1.0,0%-10%
11590,15459,16.0,1.0,0%-10%
11590,15464,16.0,1.0,0%-10%
11596,3485,66.0,6.0,0%-10%
11596,5660,83.0,8.0,0%-10%
11596,6533,37.0,3.0,0%-10%
11596,8492,67.0,10.0,10%-15%
11598,2299,16.0,-0.0,0%-10%
11598,3110,16.0,0.0,0%-10%
11598,6200,81.0,12.0,10%-15%
11598,8947,33.0,1.0,0%-10%
11598,9750,246.0,24.0,0%-10%
11691,112,16.0,1.0,0%-10%
11691,193,16.0,1.0,0%-10%
11691,512,14.0,0.0,0%-10%
11691,581,16.0,1.0,0%-10%
11691,612,16.0,1.0,0%-10%
11691,924,14.0,0.0,0%-10%
11691,1181,16.0,1.0,0%-10%
11691,1366,115.0,11.0,0%-10%
11691,1418,8.0,-0.0,0%-10%
11691,1923,144.0,13.0,0%-10%
11691,1977,16.0,1.0,0%-10%
11691,2090,117.0,11.0,0%-10%
11691,2125,60.0,6.0,0%-10%
11691,2339,16.0,1.0,0%-10%
11691,2584,16.0,1.0,0%-10%
11691,2756,143.0,13.0,0%-10%
11691,2790,16.0,1.0,0%-10%
11691,2892,16.0,1.0,0%-10%
11691,3282,16.0,1.0,0%-10%
11691,3495,16.0,1.0,0%-10%
11691,3674,16.0,1.0,0%-10%
11691,3766,16.0,1.0,0%-10%
11691,3779,16.0,1.0,0%-10%
11691,3913,16.0,1.0,0%-10%
11691,4124,7.0,0.0,0%-10%
11691,4419,8.0,-0.0,0%-10%
11691,4535,16.0,1.0,0%-10%
11691,4834,80.0,8.0,0%-10%
11691,5015,16.0,1.0,0%-10%
11691,5047,16.0,1.0,0%-10%
11691,5233,16.0,1.0,0%-10%
11691,5517,172.0,17.0,0%-10%
11691,5564,16.0,1.0,0%-10%
11691,6094,16.0,1.0,0%-10%
11691,6291,16.0,1.0,0%-10%
11691,6450,16.0,1.0,0%-10%
11691,6605,16.0,1.0,0%-10%
11691,7184,16.0,1.0,0%-10%
11691,7209,16.0,1.0,0%-10%
11691,7627,14.0,0.0,0%-10%
11691,7740,16.0,1.0,0%-10%
11691,7890,14.0,0.0,0%-10%
11691,8079,16.0,1.0,0%-10%
11691,8232,16.0,1.0,0%-10%
11691,8433,16.0,1.0,0%-10%
11691,8493,14.0,0.0,0%-10%
11691,8496,129.0,12.0,0%-10%
11691,8529,16.0,1.0,0%-10%
11691,8920,16.0,1.0,0%-10%
11691,8924,16.0,1.0,0%-10%
11691,9130,16.0,1.0,0%-10%
11691,9322,16.0,1.0,0%-10%
11691,9432,132.0,12.0,0%-10%
11691,9628,16.0,1.0,0%-10%
11691,10218,16.0,1.0,0%-10%
11691,10239,16.0,1.0,0%-10%
11691,10290,140.0,13.0,0%-10%
11691,10746,16.0,1.0,0%-10%
11691,10801,16.0,1.0,0%-10%
11691,10841,16.0,1.0,0%-10%
11691,11298,16.0,1.0,0%-10%
11691,11326,8.0,0.0,0%-10%
11691,11463,16.0,1.0,0%-10%
11691,11826,16.0,1.0,0%-10%
11691,11857,16.0,1.0,0%-10%
11691,12328,16.0,1.0,0%-10%
11691,12330,8.0,-0.0,0%-10%
11691,13200,16.0,1.0,0%-10%
11691,13215,26.0,2.0,0%-10%
11691,13346,16.0,1.0,0%-10%
11691,13463,16.0,1.0,0%-10%
11691,13471,140.0,13.0,0%-10%
11691,13905,16.0,1.0,0%-10%
11691,13959,126.0,12.0,0%-10%
11691,14894,16.0,1.0,0%-10%
11691,14901,13.0,0.0,0%-10%
11691,15041,198.0,19.0,0%-10%
11691,15043,16.0,1.0,0%-10%
11691,15513,188.0,17.0,0%-10%
11692,253,14.0,0.0,0%-10%
11692,674,144.0,11.0,0%-10%
11692,827,16.0,-0.0,0%-10%
11692,978,16.0,-0.0,0%-10%
11692,1491,16.0,-0.0,0%-10%
11692,1589,16.0,-0.0,0%-10%
11692,1790,16.0,-0.0,0%-10%
11692,1826,8.0,-0.0,0%-10%
11692,2188,180.0,15.0,0%-10%
11692,2708,16.0,-0.0,0%-10%
11692,3320,8.0,-0.0,0%-10%
11692,4885,194.0,16.0,0%-10%
11692,6182,16.0,-0.0,0%-10%
11692,6490,16.0,-0.0,0%-10%
11692,6616,16.0,-0.0,0%-10%
11692,6761,16.0,-0.0,0%-10%
11692,7085,16.0,-0.0,0%-10%
11692,7162,14.0,-0.0,0%-10%
11692,7828,61.0,4.0,0%-10%
11692,9341,16.0,-0.0,0%-10%
11692,9346,16.0,-0.0,0%-10%
11692,9758,16.0,-0.0,0%-10%
11692,11146,8.0,-0.0,0%-10%
11692,12229,8.0,0.0,0%-10%
11692,12592,16.0,-0.0,0%-10%
11692,12794,16.0,-0.0,0%-10%
11692,14114,16.0,-0.0,0%-10%
11692,14322,16.0,-0.0,0%-10%
11692,14375,8.0,-0.0,0%-10%
11692,14577,16.0,-0.0,0%-10%
11692,14816,12.0,0.0,0%-10%
11693,2920,71.0,10.0,10%-15%
11693,3765,102.0,15.0,10%-15%
11693,3879,16.0,2.0,10%-15%
11693,15239,139.0,27.0,15%-20%
11694,194,39.0,7.0,15%-20%
11694,5795,156.0,23.0,10%-15%
11694,6258,8.0,1.0,10%-15%
11694,6727,180.0,27.0,10%-15%
11694,11774,16.0,2.0,10%-15%
11694,11870,16.0,2.0,10%-15%
11694,12114,213.0,31.0,10%-15%
11694,13202,124.0,18.0,10%-15%
11701,1167,16.0,-0.0,0%-10%
11701,2399,16.0,-0.0,0%-10%
11701,2794,186.0,15.0,0%-10%
11701,2894,16.0,-0.0,0%-10%
11701,2903,16.0,-0.0,0%-10%
11701,3151,8.0,-0.0,0%-10%
11701,4019,105.0,7.0,0%-10%
11701,4698,16.0,-0.0,0%-10%
11701,4784,8.0,-0.0,0%-10%
11701,4847,16.0,-0.0,0%-10%
11701,5480,8.0,0.0,0%-10%
11701,5637,8.0,-0.0,0%-10%
11701,5972,16.0,-0.0,0%-10%
11701,6163,16.0,-0.0,0%-10%
11701,6167,16.0,-0.0,0%-10%
11701,6504,16.0,-0.0,0%-10%
11701,9188,16.0,-0.0,0%-10%
11701,10127,16.0,-0.0,0%-10%
11701,12107,16.0,-0.0,0%-10%
11701,12129,16.0,-0.0,0%-10%
11701,12774,16.0,-0.0,0%-10%
11701,12811,16.0,-0.0,0%-10%
11701,12930,16.0,-0.0,0%-10%
11701,13805,16.0,-0.0,0%-10%
11701,14626,16.0,-0.0,0%-10%
11701,15272,16.0,-0.0,0%-10%
11701,15302,16.0,-0.0,0%-10%
11701,15524,16.0,-0.0,0%-10%
11702,4257,45.0,3.0,0%-10%
11702,6518,16.0,-0.0,0%-10%
11702,7578,82.0,8.0,0%-10%
11702,9629,66.0,5.0,0%-10%
11702,10686,16.0,-0.0,0%-10%
11702,10897,27.0,-0.0,0%-10%
11702,11247,80.0,2.0,0%-10%
11702,13262,25.0,1.0,0%-10%
11702,15257,16.0,-0.0,0%-10%
11703,1103,16.0,-0.0,0%-10%
11703,1479,16.0,-0.0,0%-10%
11703,2779,198.0,16.0,0%-10%
11703,4963,16.0,-0.0,0%-10%
11703,5282,16.0,-0.0,0%-10%
11703,5948,240.0,20.0,0%-10%
11703,6470,250.0,21.0,0%-10%
11703,6690,16.0,-0.0,0%-10%
11703,11711,110.0,8.0,0%-10%
11703,12116,16.0,-0.0,0%-10%
11703,12197,16.0,-0.0,0%-10%
11703,12992,175.0,14.0,0%-10%
11703,13334,16.0,-0.0,0%-10%
11704,2254,16.0,1.0,0%-10%
11704,2282,82.0,7.0,0%-10%
11704,2696,8.0,1.0,10%-15%
11704,3372,239.0,21.0,0%-10%
11704,3978,16.0,1.0,0%-10%
11704,4369,16.0,1.0,0%-10%
11704,5695,16.0,1.0,0%-10%
11704,5889,16.0,1.0,0%-10%
11704,7323,16.0,1.0,0%-10%
11704,7656,170.0,16.0,0%-10%
11704,8365,16.0,1.0,0%-10%
11704,8784,16.0,1.0,0%-10%
11704,9778,8.0,1.0,10%-15%
11704,10324,16.0,1.0,0%-10%
11704,10556,16.0,1.0,0%-10%
11704,10705,105.0,9.0,0%-10%
11704,10833,16.0,1.0,0%-10%
11704,10949,8.0,1.0,10%-15%
11704,11091,16.0,1.0,0%-10%
11704,12136,16.0,1.0,0%-10%
11704,12399,16.0,1.0,0%-10%
11704,12790,8.0,1.0,10%-15%
11704,12860,16.0,1.0,0%-10%
11704,13266,16.0,1.0,0%-10%
11704,13281,8.0,1.0,10%-15%
11704,13879,16.0,1.0,0%-10%
11704,14422,16.0,1.0,0%-10%
11704,14704,8.0,1.0,10%-15%
11704,15138,8.0,1.0,10%-15%
11704,15313,16.0,1.0,0%-10%
11704,15528,16.0,1.0,0%-10%
11705,5932,16.0,0.0,0%-10%
11705,6064,114.0,11.0,0%-10%
11705,8237,44.0,6.0,10%-15%
11705,8523,44.0,4.0,0%-10%
11706,326,16.0,-0.0,0%-10%
11706,684,8.0,0.0,0%-10%
11706,1410,16.0,-0.0,0%-10%
11706,1472,16.0,-0.0,0%-10%
11706,1504,217.0,19.0,0%-10%
11706,1969,8.0,-0.0,0%-10%
11706,2044,170.0,15.0,0%-10%
11706,2592,16.0,-0.0,0%-10%
11706,3025,16.0,-0.0,0%-10%
11706,3344,8.0,0.0,0%-10%
11706,3557,7.0,-0.0,0%-10%
11706,3991,16.0,-0.0,0%-10%
11706,4140,155.0,13.0,0%-10%
11706,4507,277.0,24.0,0%-10%
11706,4787,5.0,0.0,0%-10%
11706,5063,16.0,-0.0,0%-10%
11706,5529,8.0,-0.0,0%-10%
11706,5567,5.0,0.0,0%-10%
11706,5599,108.0,9.0,0%-10%
11706,6100,16.0,-0.0,0%-10%
11706,6277,8.0,-0.0,0%-10%
11706,6631,16.0,-0.0,0%-10%
11706,6820,16.0,-0.0,0%-10%
11706,6831,8.0,-0.0,0%-10%
11706,7173,16.0,-0.0,0%-10%
11706,7509,16.0,-0.0,0%-10%
11706,7684,16.0,-0.0,0%-10%
11706,7869,12.0,0.0,0%-10%
11706,9419,16.0,-0.0,0%-10%
11706,9585,95.0,8.0,0%-10%
11706,9821,100.0,8.0,0%-10%
11706,10669,8.0,-0.0,0%-10%
11706,11685,16.0,-0.0,0%-10%
11706,11844,9.0,-0.0,0%-10%
11706,12393,8.0,0.0,0%-10%
11706,12706,16.0,-0.0,0%-10%
11706,12797,16.0,-0.0,0%-10%
11706,12969,16.0,-0.0,0%-10%
11706,13077,16.0,-0.0,0%-10%
11706,13218,16.0,-0.0,0%-10%
11706,13263,12.0,0.0,0%-10%
11706,13323,16.0,-0.0,0%-10%
11706,13344,16.0,1.0,0%-10%
11706,13388,81.0,7.0,0%-10%
11706,13754,200.0,18.0,0%-10%
11706,13846,120.0,11.0,0%-10%
11706,13958,200.0,18.0,0%-10%
11706,14408,16.0,1.0,0%-10%
11706,15025,8.0,-0.0,0%-10%
11706,15096,16.0,1.0,0%-10%
11706,15161,139.0,12.0,0%-10%
11706,15217,16.0,1.0,0%-10%
11706,15253,16.0,1.0,0%-10%
11706,15586,8.0,-0.0,0%-10%
11709,2506,8.0,-0.0,0%-10%
11709,12443,44.0,2.0,0%-10%
11710,997,75.0,5.0,0%-10%
11710,1502,139.0,10.0,0%-10%
11710,3618,10.0,-0.0,0%-10%
11710,3968,56.0,3.0,0%-10%
11710,5134,16.0,-0.0,0%-10%
11710,5210,90.0,6.0,0%-10%
11710,5729,12.0,0.0,0%-10%
11710,5773,93.0,6.0,0%-10%
11710,7137,290.0,25.0,0%-10%
11710,7353,16.0,-0.0,0%-10%
11710,7864,42.0,2.0,0%-10%
11710,8489,16.0,-0.0,0%-10%
11710,9544,16.0,-0.0,0%-10%
11710,11179,155.0,12.0,0%-10%
11710,11401,52.0,3.0,0%-10%
11710,11554,147.0,11.0,0%-10%
11710,13806,16.0,-0.0,0%-10%
11710,15371,16.0,-0.0,0%-10%
11713,439,45.0,0.0,0%-10%
11713,1487,112.0,0.0,0%-10%
11713,5560,16.0,0.0,0%-10%
11713,7218,16.0,0.0,0%-10%
11713,9463,16.0,0.0,0%-10%
11713,10180,8.0,-0.0,0%-10%
11714,17,16.0,1.0,0%-10%
11714,57,16.0,1.0,0%-10%
11714,2344,16.0,1.0,0%-10%
11714,2975,166.0,16.0,0%-10%
11714,3822,79.0,7.0,0%-10%
11714,4815,58.0,5.0,0%-10%
11714,4920,16.0,1.0,0%-10%
11714,5077,16.0,1.0,0%-10%
11714,5357,16.0,1.0,0%-10%
11714,6006,44.0,4.0,0%-10%
11714,6682,110.0,10.0,0%-10%
11714,8948,16.0,1.0,0%-10%
11714,9899,16.0,1.0,0%-10%
11714,10886,144.0,13.0,0%-10%
11714,11555,16.0,1.0,0%-10%
11714,12874,37.0,3.0,0%-10%
11714,13030,16.0,1.0,0%-10%
11715,2190,40.0,2.0,0%-10%
11716,1745,190.0,19.0,0%-10%
11716,3095,44.0,3.0,0%-10%
11716,4027,16.0,-0.0,0%-10%
11716,4326,75.0,6.0,0%-10%
11716,4350,78.0,6.0,0%-10%
11716,6452,51.0,4.0,0%-10%
11716,6599,16.0,-0.0,0%-10%
11716,7125,134.0,11.0,0%-10%
11716,10129,84.0,2.0,0%-10%
11716,11863,16.0,-0.0,0%-10%
11716,14718,16.0,-0.0,0%-10%
11717,965,16.0,-0.0,0%-10%
11717,988,16.0,-0.0,0%-10%
11717,1094,8.0,-0.0,0%-10%
11717,1251,16.0,-0.0,0%-10%
11717,1373,16.0,-0.0,0%-10%
11717,1413,16.0,-0.0,0%-10%
11717,1593,16.0,-0.0,0%-10%
11717,1685,16.0,-0.0,0%-10%
11717,1855,16.0,-0.0,0%-10%
11717,1927,16.0,-0.0,0%-10%
11717,2103,8.0,0.0,0%-10%
11717,2377,16.0,-0.0,0%-10%
11717,2378,8.0,-0.0,0%-10%
11717,2549,16.0,-0.0,0%-10%
11717,2692,12.0,0.0,0%-10%
11717,2725,16.0,-0.0,0%-10%
11717,2874,16.0,-0.0,0%-10%
11717,2961,16.0,-0.0,0%-10%
11717,3019,16.0,-0.0,0%-10%
11717,3507,16.0,-0.0,0%-10%
11717,3573,16.0,1.0,0%-10%
11717,3635,16.0,1.0,0%-10%
11717,3796,16.0,1.0,0%-10%
11717,3901,8.0,-0.0,0%-10%
11717,4070,16.0,1.0,0%-10%
11717,4196,16.0,1.0,0%-10%
11717,4303,16.0,1.0,0%-10%
11717,4304,16.0,1.0,0%-10%
11717,4319,16.0,1.0,0%-10%
11717,4364,16.0,1.0,0%-10%
11717,5009,16.0,1.0,0%-10%
11717,5228,100.0,9.0,0%-10%
11717,5260,8.0,-0.0,0%-10%
11717,5278,34.0,2.0,0%-10%
11717,5358,16.0,1.0,0%-10%
11717,5425,16.0,1.0,0%-10%
11717,5658,8.0,-0.0,0%-10%
11717,5749,16.0,1.0,0%-10%
11717,6077,16.0,1.0,0%-10%
11717,6104,8.0,-0.0,0%-10%
11717,6209,8.0,-0.0,0%-10%
11717,6256,24.0,1.0,0%-10%
11717,6383,16.0,1.0,0%-10%
11717,6417,8.0,-0.0,0%-10%
11717,6627,16.0,1.0,0%-10%
11717,6652,16.0,1.0,0%-10%
11717,6758,16.0,1.0,0%-10%
11717,7207,8.0,-0.0,0%-10%
11717,7540,16.0,1.0,0%-10%
11717,7688,16.0,1.0,0%-10%
11717,7993,8.0,-0.0,0%-10%
11717,8410,105.0,9.0,0%-10%
11717,8482,8.0,-0.0,0%-10%
11717,9340,16.0,1.0,0%-10%
11717,9677,16.0,1.0,0%-10%
11717,9849,86.0,7.0,0%-10%
11717,9999,461.0,42.0,0%-10%
11717,10041,16.0,1.0,0%-10%
11717,10088,16.0,1.0,0%-10%
11717,10128,55.0,5.0,0%-10%
11717,10419,16.0,1.0,0%-10%
11717,10434,16.0,1.0,0%-10%
11717,10503,16.0,1.0,0%-10%
11717,10514,8.0,-0.0,0%-10%
11717,10533,16.0,1.0,0%-10%
11717,11125,105.0,9.0,0%-10%
11717,11191,16.0,1.0,0%-10%
11717,11215,16.0,1.0,0%-10%
11717,11574,16.0,1.0,0%-10%
11717,11738,16.0,1.0,0%-10%
11717,11843,16.0,1.0,0%-10%
11717,11849,16.0,1.0,0%-10%
11717,11961,16.0,1.0,0%-10%
11717,12171,8.0,-0.0,0%-10%
11717,12333,16.0,1.0,0%-10%
11717,12401,16.0,1.0,0%-10%
11717,12445,16.0,1.0,0%-10%
11717,12481,16.0,1.0,0%-10%
11717,12609,16.0,1.0,0%-10%
11717,12819,16.0,1.0,0%-10%
11717,12827,16.0,1.0,0%-10%
11717,12939,8.0,-0.0,0%-10%
11717,13013,16.0,1.0,0%-10%
11717,13015,16.0,1.0,0%-10%
11717,13258,16.0,1.0,0%-10%
11717,13298,16.0,1.0,0%-10%
11717,13349,16.0,1.0,0%-10%
11717,13360,16.0,1.0,0%-10%
11717,13389,16.0,1.0,0%-10%
11717,13510,16.0,1.0,0%-10%
11717,13554,16.0,1.0,0%-10%
11717,13635,8.0,-0.0,0%-10%
11717,13932,16.0,1.0,0%-10%
11717,14108,16.0,1.0,0%-10%
11717,14151,16.0,1.0,0%-10%
11717,14459,16.0,1.0,0%-10%
11717,14849,16.0,1.0,0%-10%
11717,14892,16.0,1.0,0%-10%
11717,14994,16.0,1.0,0%-10%
11717,15049,16.0,1.0,0%-10%
11717,15172,8.0,-0.0,0%-10%
11717,15348,16.0,1.0,0%-10%
11717,15411,16.0,1.0,0%-10%
11717,15539,8.0,-0.0,0%-10%
11717,15546,8.0,-0.0,0%-10%
11719,3562,122.0,9.0,0%-10%
11720,1361,75.0,-0.0,0%-10%
11720,3294,80.0,-0.0,0%-10%
11720,4442,16.0,-0.0,0%-10%
11720,10414,84.0,-0.0,0%-10%
11720,10754,60.0,-0.0,0%-10%
11720,12594,16.0,-0.0,0%-10%
11720,13886,136.0,11.0,0%-10%
11720,15130,16.0,-0.0,0%-10%
11721,4422,59.0,4.0,0%-10%
11721,4506,129.0,8.0,0%-10%
11722,1624,16.0,-0.0,0%-10%
11722,2831,16.0,-0.0,0%-10%
11722,3022,16.0,-0.0,0%-10%
11722,3181,6.0,0.0,0%-10%
11722,3231,16.0,-0.0,0%-10%
11722,3260,8.0,-0.0,0%-10%
11722,3653,8.0,0.0,0%-10%
11722,4982,16.0,-0.0,0%-10%
11722,5484,120.0,9.0,0%-10%
11722,5678,180.0,15.0,0%-10%
11722,6952,44.0,2.0,0%-10%
11722,7459,10.0,-0.0,0%-10%
11722,7728,16.0,-0.0,0%-10%
11722,8580,16.0,-0.0,0%-10%
11722,10148,16.0,-0.0,0%-10%
11722,10980,16.0,-0.0,0%-10%
11722,12807,50.0,3.0,0%-10%
11722,13041,8.0,-0.0,0%-10%
11722,13137,16.0,-0.0,0%-10%
11722,13356,16.0,-0.0,0%-10%
11722,13415,16.0,-0.0,0%-10%
11722,14026,16.0,-0.0,0%-10%
11722,14181,16.0,-0.0,0%-10%
11722,14428,16.0,-0.0,0%-10%
11722,14808,16.0,-0.0,0%-10%
11722,15141,12.0,0.0,0%-10%
11722,15247,40.0,2.0,0%-10%
11722,15312,80.0,-0.0,0%-10%
11722,15340,8.0,-0.0,0%-10%
11722,15375,16.0,-0.0,0%-10%
11722,15475,16.0,-0.0,0%-10%
11724,4692,51.0,3.0,0%-10%
11724,5400,77.0,5.0,0%-10%
11725,1356,215.0,21.0,0%-10%
11725,2095,65.0,6.0,0%-10%
11725,3207,16.0,1.0,0%-10%
11725,3556,122.0,11.0,0%-10%
11725,4504,66.0,6.0,0%-10%
11725,4734,16.0,1.0,0%-10%
11725,5082,14.0,0.0,0%-10%
11725,5887,90.0,9.0,0%-10%
11725,6000,266.0,26.0,0%-10%
11725,8715,437.0,43.0,0%-10%
11725,9025,100.0,10.0,0%-10%
11725,9536,56.0,5.0,0%-10%
11725,10463,306.0,30.0,0%-10%
11725,12905,168.0,15.0,0%-10%
11726,829,16.0,-0.0,0%-10%
11726,870,12.0,0.0,0%-10%
11726,891,16.0,-0.0,0%-10%
11726,1852,16.0,-0.0,0%-10%
11726,3126,16.0,-0.0,0%-10%
11726,3857,16.0,-0.0,0%-10%
11726,3982,16.0,1.0,0%-10%
11726,6162,16.0,1.0,0%-10%
11726,7113,16.0,1.0,0%-10%
11726,8639,16.0,1.0,0%-10%
11726,9177,8.0,0.0,0%-10%
11726,9527,16.0,1.0,0%-10%
11726,10038,86.0,7.0,0%-10%
11726,10215,16.0,1.0,0%-10%
11726,11060,52.0,5.0,0%-10%
11726,11139,16.0,1.0,0%-10%
11726,12102,16.0,1.0,0%-10%
11726,12316,16.0,1.0,0%-10%
11726,12460,16.0,1.0,0%-10%
11726,12507,16.0,1.0,0%-10%
11726,12840,16.0,1.0,0%-10%
11726,13487,16.0,1.0,0%-10%
11726,13537,8.0,-0.0,0%-10%
11726,14082,16.0,1.0,0%-10%
11726,14902,16.0,1.0,0%-10%
11726,15458,16.0,1.0,0%-10%
11727,664,80.0,-0.0,0%-10%
11727,1571,14.0,0.0,0%-10%
11727,3359,16.0,-0.0,0%-10%
11727,4603,16.0,-0.0,0%-10%
11727,6090,179.0,14.0,0%-10%
11727,6240,33.0,1.0,0%-10%
11727,7493,88.0,6.0,0%-10%
11727,9249,40.0,2.0,0%-10%
11727,9686,8.0,-0.0,0%-10%
11727,10422,16.0,-0.0,0%-10%
11727,11114,68.0,4.0,0%-10%
11727,11157,16.0,-0.0,0%-10%
11727,11338,8.0,0.0,0%-10%
11727,11346,16.0,-0.0,0%-10%
11727,11616,16.0,-0.0,0%-10%
11729,384,173.0,14.0,0%-10%
11729,391,16.0,-0.0,0%-10%
11729,638,16.0,-0.0,0%-10%
11729,1296,16.0,-0.0,0%-10%
11729,2618,8.0,-0.0,0%-10%
11729,5224,8.0,-0.0,0%-10%
11729,7435,16.0,-0.0,0%-10%
11729,8877,100.0,7.0,0%-10%
11729,9828,16.0,-0.0,0%-10%
11729,10286,16.0,-0.0,0%-10%
11729,10466,16.0,-0.0,0%-10%
11729,11076,16.0,-0.0,0%-10%
11729,11217,16.0,-0.0,0%-10%
11729,12784,16.0,-0.0,0%-10%
11729,14874,8.0,0.0,0%-10%
11729,14911,16.0,-0.0,0%-10%
11729,14965,16.0,-0.0,0%-10%
11729,15194,16.0,-0.0,0%-10%
11729,15405,16.0,-0.0,0%-10%
11730,14550,95.0,0.0,0%-10%
11731,519,20.0,1.0,0%-10%
11731,1217,8.0,-0.0,0%-10%
11731,2715,108.0,10.0,0%-10%
11731,4615,156.0,15.0,0%-10%
11731,8009,82.0,8.0,0%-10%
11731,10551,59.0,5.0,0%-10%
11731,11214,144.0,14.0,0%-10%
11733,1273,32.0,-0.0,0%-10%
11733,1840,400.0,-0.0,0%-10%
11733,6393,173.0,-0.0,0%-10%
11733,6796,83.0,-0.0,0%-10%
11733,10423,8.0,-0.0,0%-10%
11735,393,152.0,13.0,0%-10%
11735,1482,16.0,-0.0,0%-10%
11735,2445,16.0,-0.0,0%-10%
11735,2730,16.0,-0.0,0%-10%
11735,3136,55.0,4.0,0%-10%
11735,3188,16.0,-0.0,0%-10%
11735,3241,146.0,12.0,0%-10%
11735,3442,117.0,9.0,0%-10%
11735,4339,219.0,20.0,0%-10%
11735,5620,81.0,7.0,0%-10%
11735,10840,16.0,1.0,0%-10%
11735,11365,16.0,1.0,0%-10%
11735,11386,16.0,1.0,0%-10%
11735,11890,81.0,7.0,0%-10%
11735,11936,16.0,1.0,0%-10%
11735,12760,81.0,7.0,0%-10%
11735,13928,16.0,1.0,0%-10%
11738,1992,51.0,-0.0,0%-10%
11738,2267,16.0,0.0,0%-10%
11738,4967,140.0,14.0,0%-10%
11738,6781,104.0,5.0,0%-10%
11738,8083,118.0,11.0,0%-10%
11738,8398,8.0,-0.0,0%-10%
11738,9949,16.0,0.0,0%-10%
11738,12117,8.0,0.0,0%-10%
11738,15270,16.0,0.0,0%-10%
11739,737,116.0,0.0,0%-10%
11740,162,8.0,-0.0,0%-10%
11740,3491,43.0,-0.0,0%-10%
11740,5453,160.0,9.0,0%-10%
11740,7682,61.0,-0.0,0%-10%
11741,3010,63.0,4.0,0%-10%
11741,4181,16.0,-0.0,0%-10%
11741,4394,70.0,-0.0,0%-10%
11741,5190,16.0,-0.0,0%-10%
11741,9245,106.0,7.0,0%-10%
11741,9526,147.0,11.0,0%-10%
11741,10795,114.0,8.0,0%-10%
11741,12033,52.0,3.0,0%-10%
11741,12282,16.0,-0.0,0%-10%
11742,927,96.0,9.0,0%-10%
11742,2861,82.0,8.0,0%-10%
11742,3327,87.0,8.0,0%-10%
11742,7860,79.0,-0.0,0%-10%
11742,8702,60.0,0.0,0%-10%
11742,11469,77.0,-0.0,0%-10%
11743,1353,44.0,2.0,0%-10%
11743,1551,41.0,2.0,0%-10%
11743,1669,120.0,10.0,0%-10%
11743,2593,45.0,3.0,0%-10%
11743,2616,110.0,9.0,0%-10%
11743,3193,16.0,-0.0,0%-10%
11743,3288,16.0,-0.0,0%-10%
11743,3545,135.0,11.0,0%-10%
11743,6060,44.0,3.0,0%-10%
11743,6150,124.0,10.0,0%-10%
11743,6942,315.0,28.0,0%-10%
11743,7289,104.0,8.0,0%-10%
11743,10854,16.0,-0.0,0%-10%
11743,11051,328.0,29.0,0%-10%
11743,12013,153.0,13.0,0%-10%
11743,12057,44.0,3.0,0%-10%
11743,14467,24.0,-0.0,0%-10%
11743,15399,79.0,6.0,0%-10%
11746,31,120.0,10.0,0%-10%
11746,196,56.0,4.0,0%-10%
11746,462,36.0,2.0,0%-10%
11746,482,16.0,-0.0,0%-10%
11746,2948,112.0,9.0,0%-10%
11746,3428,119.0,10.0,0%-10%
11746,3712,44.0,4.0,0%-10%
11746,3754,8.0,-0.0,0%-10%
11746,4802,16.0,1.0,0%-10%
11746,5186,109.0,10.0,0%-10%
11746,5576,60.0,6.0,0%-10%
11746,5676,16.0,1.0,0%-10%
11746,6663,54.0,5.0,0%-10%
11746,7437,16.0,1.0,0%-10%
11746,7997,56.0,5.0,0%-10%
11746,8270,8.0,-0.0,0%-10%
11746,8337,215.0,20.0,0%-10%
11746,8557,79.0,7.0,0%-10%
11746,8664,12.0,0.0,0%-10%
11746,9140,40.0,4.0,0%-10%
11746,9523,70.0,6.0,0%-10%
11746,9869,33.0,3.0,0%-10%
11746,10971,16.0,1.0,0%-10%
11746,11113,60.0,6.0,0%-10%
11746,11117,150.0,14.0,0%-10%
11746,11251,63.0,6.0,0%-10%
11746,11923,436.0,40.0,0%-10%
11746,11991,16.0,1.0,0%-10%
11746,14010,8.0,0.0,0%-10%
11746,14431,8.0,-0.0,0%-10%
11746,15548,16.0,1.0,0%-10%
11747,80,137.0,10.0,0%-10%
11747,292,50.0,3.0,0%-10%
11747,1065,236.0,-0.0,0%-10%
11747,3770,53.0,3.0,0%-10%
11747,9920,137.0,10.0,0%-10%
11747,10022,183.0,15.0,0%-10%
11747,14382,16.0,-0.0,0%-10%
11747,14720,141.0,11.0,0%-10%
11749,7994,8.0,-0.0,0%-10%
11749,10525,94.0,-0.0,0%-10%
11749,13543,144.0,5.0,0%-10%
11751,4334,94.0,18.0,15%-20%
11751,5298,12.0,0.0,0%-10%
11751,8150,135.0,20.0,10%-15%
11751,12396,16.0,2.0,10%-15%
11752,947,284.0,28.0,0%-10%
11752,2019,16.0,-0.0,0%-10%
11752,3027,118.0,4.0,0%-10%
11752,9616,8.0,0.0,0%-10%
11752,13211,16.0,-0.0,0%-10%
11752,14983,16.0,-0.0,0%-10%
11753,2148,16.0,0.0,0%-10%
11753,4226,44.0,0.0,0%-10%
11753,9291,81.0,0.0,0%-10%
11753,10272,65.0,0.0,0%-10%
11753,11208,83.0,0.0,0%-10%
11754,242,16.0,-0.0,0%-10%
11754,4721,16.0,-0.0,0%-10%
11754,7485,40.0,2.0,0%-10%
11754,7907,270.0,23.0,0%-10%
11754,10761,58.0,3.0,0%-10%
11754,13549,140.0,11.0,0%-10%
11755,7088,16.0,0.0,0%-10%
11755,7769,80.0,0.0,0%-10%
11755,8769,113.0,8.0,0%-10%
11755,9223,16.0,0.0,0%-10%
11755,10157,60.0,0.0,0%-10%
11755,12990,8.0,-0.0,0%-10%
11756,1328,8.0,-0.0,0%-10%
11756,2718,16.0,-0.0,0%-10%
11756,3441,80.0,-0.0,0%-10%
11756,4361,16.0,-0.0,0%-10%
11756,5669,16.0,-0.0,0%-10%
11756,5858,100.0,7.0,0%-10%
11756,5951,16.0,-0.0,0%-10%
11756,6293,191.0,-0.0,0%-10%
11756,6372,16.0,-0.0,0%-10%
11756,7017,8.0,0.0,0%-10%
11756,7797,12.0,0.0,0%-10%
11756,8226,16.0,-0.0,0%-10%
11756,8539,353.0,30.0,0%-10%
11756,9090,60.0,4.0,0%-10%
11756,10026,8.0,-0.0,0%-10%
11756,10249,16.0,-0.0,0%-10%
11756,10955,52.0,3.0,0%-10%
11756,11043,238.0,-0.0,0%-10%
11756,13610,16.0,-0.0,0%-10%
11756,14031,16.0,-0.0,0%-10%
11756,14333,8.0,-0.0,0%-10%
11756,14906,84.0,-0.0,0%-10%
11756,15419,37.0,1.0,0%-10%
11757,1378,8.0,-0.0,0%-10%
11757,1446,16.0,-0.0,0%-10%
11757,1480,55.0,3.0,0%-10%
11757,1594,16.0,-0.0,0%-10%
11757,1658,6.0,0.0,0%-10%
11757,1901,16.0,-0.0,0%-10%
11757,2092,82.0,-0.0,0%-10%
11757,2449,258.0,21.0,0%-10%
11757,3215,16.0,-0.0,0%-10%
11757,4626,60.0,4.0,0%-10%
11757,5874,16.0,-0.0,0%-10%
11757,7823,79.0,5.0,0%-10%
11757,7968,16.0,-0.0,0%-10%
11757,8297,16.0,-0.0,0%-10%
11757,8359,16.0,-0.0,0%-10%
11757,9452,71.0,-0.0,0%-10%
11757,11465,8.0,0.0,0%-10%
11757,11665,44.0,2.0,0%-10%
11757,11749,154.0,12.0,0%-10%
11757,11879,47.0,2.0,0%-10%
11757,12540,16.0,-0.0,0%-10%
11757,13154,8.0,-0.0,0%-10%
11757,13220,16.0,-0.0,0%-10%
11757,13332,16.0,-0.0,0%-10%
11757,13641,16.0,-0.0,0%-10%
11757,13680,16.0,-0.0,0%-10%
11757,13785,16.0,-0.0,0%-10%
11757,13883,16.0,-0.0,0%-10%
11757,14565,16.0,-0.0,0%-10%
11757,14866,16.0,-0.0,0%-10%
11757,15214,16.0,-0.0,0%-10%
11757,15256,14.0,0.0,0%-10%
11757,15444,16.0,-0.0,0%-10%
11758,331,16.0,-0.0,0%-10%
11758,825,185.0,16.0,0%-10%
11758,909,8.0,-0.0,0%-10%
11758,1615,206.0,18.0,0%-10%
11758,1711,169.0,14.0,0%-10%
11758,2108,16.0,-0.0,0%-10%
11758,2476,76.0,6.0,0%-10%
11758,4072,226.0,22.0,0%-10%
11758,5012,16.0,-0.0,0%-10%
11758,5033,84.0,1.0,0%-10%
11758,6260,16.0,-0.0,0%-10%
11758,7522,220.0,19.0,0%-10%
11758,7564,139.0,11.0,0%-10%
11758,8056,16.0,-0.0,0%-10%
11758,8549,16.0,-0.0,0%-10%
11758,10089,59.0,4.0,0%-10%
11758,10492,35.0,2.0,0%-10%
11758,10559,160.0,14.0,0%-10%
11758,10994,82.0,-0.0,0%-10%
11758,11833,5.0,0.0,0%-10%
11758,12308,16.0,-0.0,0%-10%
11758,12408,12.0,0.0,0%-10%
11758,14032,16.0,-0.0,0%-10%
11758,15117,16.0,-0.0,0%-10%
11758,15290,16.0,-0.0,0%-10%
11762,5437,16.0,-0.0,0%-10%
11762,5493,140.0,14.0,0%-10%
11762,8298,160.0,16.0,0%-10%
11762,8326,102.0,6.0,0%-10%
11762,13378,16.0,0.0,0%-10%
11763,198,100.0,9.0,0%-10%
11763,619,16.0,1.0,0%-10%
11763,1210,16.0,1.0,0%-10%
11763,3960,16.0,1.0,0%-10%
11763,4998,183.0,18.0,0%-10%
11763,5231,150.0,14.0,0%-10%
11763,7066,136.0,12.0,0%-10%
11763,7984,148.0,13.0,0%-10%
11763,8687,16.0,1.0,0%-10%
11763,10501,16.0,1.0,0%-10%
11763,12798,8.0,0.0,0%-10%
11763,13060,16.0,1.0,0%-10%
11763,13891,16.0,1.0,0%-10%
11763,14794,16.0,1.0,0%-10%
11763,14962,16.0,1.0,0%-10%
11763,15501,70.0,6.0,0%-10%
11764,518,30.0,1.0,0%-10%
11764,2137,85.0,-0.0,0%-10%
11764,7318,89.0,6.0,0%-10%
11764,7614,142.0,11.0,0%-10%
11764,7661,105.0,7.0,0%-10%
11764,8389,107.0,8.0,0%-10%
11765,9799,72.0,-0.0,0%-10%
11766,4709,112.0,8.0,0%-10%
11766,6310,16.0,-0.0,0%-10%
11766,9755,60.0,4.0,0%-10%
11766,10532,129.0,-0.0,0%-10%
11767,6004,50.0,0.0,0%-10%
11767,10164,142.0,0.0,0%-10%
11767,14199,16.0,0.0,0%-10%
11768,228,16.0,-0.0,0%-10%
11768,285,92.0,6.0,0%-10%
11768,843,218.0,18.0,0%-10%
11768,1827,40.0,2.0,0%-10%
11768,2379,80.0,-0.0,0%-10%
11768,2463,154.0,12.0,0%-10%
11768,4819,79.0,5.0,0%-10%
11768,6726,47.0,2.0,0%-10%
11768,7094,123.0,9.0,0%-10%
11768,12422,53.0,3.0,0%-10%
11768,14374,8.0,0.0,0%-10%
11769,7079,157.0,12.0,0%-10%
11771,4970,154.0,-0.0,0%-10%
11771,8777,66.0,-0.0,0%-10%
11772,296,32.0,1.0,0%-10%
11772,2613,170.0,14.0,0%-10%
11772,2862,50.0,3.0,0%-10%
11772,2868,70.0,-0.0,0%-10%
11772,3764,44.0,2.0,0%-10%
11772,4673,70.0,-0.0,0%-10%
11772,6745,8.0,-0.0,0%-10%
11772,9157,53.0,3.0,0%-10%
11772,10408,16.0,-0.0,0%-10%
11772,11088,83.0,-0.0,0%-10%
11772,11357,164.0,13.0,0%-10%
11772,11706,34.0,0.0,0%-10%
11772,13224,16.0,-0.0,0%-10%
11772,13799,8.0,0.0,0%-10%
11772,15436,136.0,10.0,0%-10%
11776,33,8.0,0.0,0%-10%
11776,2150,16.0,0.0,0%-10%
11776,2504,16.0,0.0,0%-10%
11776,9858,74.0,0.0,0%-10%
11776,11064,16.0,0.0,0%-10%
11776,12318,16.0,0.0,0%-10%
11776,12924,16.0,0.0,0%-10%
11776,13513,16.0,0.0,0%-10%
11777,1352,37.0,1.0,0%-10%
11777,2808,45.0,2.0,0%-10%
11777,3268,51.0,3.0,0%-10%
11777,4320,115.0,-0.0,0%-10%
11778,1794,100.0,7.0,0%-10%
11778,3918,137.0,13.0,0%-10%
11778,11652,60.0,0.0,0%-10%
11778,14594,8.0,-0.0,0%-10%
11779,263,8.0,0.0,0%-10%
11779,826,37.0,3.0,0%-10%
11779,931,16.0,1.0,0%-10%
11779,1295,156.0,14.0,0%-10%
11779,3456,151.0,14.0,0%-10%
11779,3468,44.0,4.0,0%-10%
11779,4473,146.0,13.0,0%-10%
11779,4795,465.0,43.0,0%-10%
11779,5967,108.0,10.0,0%-10%
11779,6467,46.0,4.0,0%-10%
11779,8076,16.0,1.0,0%-10%
11779,8798,16.0,1.0,0%-10%
11779,8825,16.0,1.0,0%-10%
11779,9444,16.0,1.0,0%-10%
11779,9520,181.0,17.0,0%-10%
11779,9859,16.0,1.0,0%-10%
11779,11311,72.0,6.0,0%-10%
11779,11655,16.0,1.0,0%-10%
11779,12457,10.0,1.0,0%-10%
11779,13574,16.0,1.0,0%-10%
11779,13765,200.0,18.0,0%-10%
11779,14100,16.0,1.0,0%-10%
11779,15012,8.0,-0.0,0%-10%
11780,2269,50.0,-0.0,0%-10%
11780,6396,60.0,-0.0,0%-10%
11780,8141,16.0,-0.0,0%-10%
11780,12994,46.0,-0.0,0%-10%
11782,1153,92.0,7.0,0%-10%
11782,3946,16.0,-0.0,0%-10%
11782,6388,16.0,-0.0,0%-10%
11782,6418,100.0,9.0,0%-10%
11782,7013,16.0,1.0,0%-10%
11782,7630,70.0,6.0,0%-10%
11782,9297,89.0,8.0,0%-10%
11783,987,16.0,-0.0,0%-10%
11783,1321,112.0,8.0,0%-10%
11783,1918,10.0,-0.0,0%-10%
11783,3352,111.0,8.0,0%-10%
11783,4457,124.0,9.0,0%-10%
11783,7040,16.0,-0.0,0%-10%
11783,7131,16.0,-0.0,0%-10%
11783,10865,100.0,7.0,0%-10%
11783,10931,80.0,-0.0,0%-10%
11783,15167,16.0,-0.0,0%-10%
11784,3722,140.0,21.0,10%-15%
11784,3856,16.0,2.0,10%-15%
11784,6840,80.0,12.0,10%-15%
11784,7830,8.0,1.0,10%-15%
11784,8704,55.0,8.0,10%-15%
11784,8712,16.0,2.0,10%-15%
11784,10102,70.0,14.0,15%-20%
11784,10799,44.0,6.0,10%-15%
11784,10805,16.0,2.0,10%-15%
11784,15495,16.0,2.0,10%-15%
11786,36,38.0,1.0,0%-10%
11786,1773,8.0,-0.0,0%-10%
11786,7359,16.0,-0.0,0%-10%
11786,11743,111.0,8.0,0%-10%
11787,252,171.0,15.0,0%-10%
11787,579,70.0,-0.0,0%-10%
11787,1417,48.0,3.0,0%-10%
11787,2047,52.0,4.0,0%-10%
11787,2534,50.0,4.0,0%-10%
11787,3561,226.0,22.0,0%-10%
11787,4178,49.0,3.0,0%-10%
11787,4448,60.0,5.0,0%-10%
11787,4636,50.0,4.0,0%-10%
11787,5084,214.0,12.0,0%-10%
11787,6030,44.0,3.0,0%-10%
11787,6171,105.0,8.0,0%-10%
11787,6926,153.0,13.0,0%-10%
11787,8765,50.0,4.0,0%-10%
11787,10224,45.0,3.0,0%-10%
11787,11698,75.0,6.0,0%-10%
11788,2533,127.0,10.0,0%-10%
11788,5038,126.0,10.0,0%-10%
11788,6251,16.0,-0.0,0%-10%
11788,6922,8.0,0.0,0%-10%
11788,7293,66.0,5.0,0%-10%
11788,7971,45.0,3.0,0%-10%
11788,8461,171.0,15.0,0%-10%
11788,8485,83.0,-0.0,0%-10%
11788,10361,56.0,4.0,0%-10%
11790,5067,114.0,-0.0,0%-10%
11790,6153,138.0,-0.0,0%-10%
11790,9324,44.0,-0.0,0%-10%
11791,1212,254.0,21.0,0%-10%
11791,2996,136.0,10.0,0%-10%
11791,5126,16.0,-0.0,0%-10%
11791,5984,198.0,16.0,0%-10%
11791,6651,56.0,3.0,0%-10%
11791,6833,94.0,-0.0,0%-10%
11791,7915,49.0,2.0,0%-10%
11791,9250,62.0,4.0,0%-10%
11791,9684,79.0,5.0,0%-10%
11791,10327,70.0,-0.0,0%-10%
11791,10509,171.0,14.0,0%-10%
11791,10733,75.0,5.0,0%-10%
11791,11155,151.0,12.0,0%-10%
11791,13228,16.0,-0.0,0%-10%
11791,13451,16.0,-0.0,0%-10%
11791,15454,45.0,2.0,0%-10%
11792,6043,97.0,11.0,10%-15%
11792,9994,154.0,15.0,0%-10%
11792,13484,16.0,0.0,0%-10%
11793,1229,80.0,-0.0,0%-10%
11793,1614,89.0,6.0,0%-10%
11793,2406,135.0,10.0,0%-10%
11793,2529,9.0,0.0,0%-10%
11793,3787,114.0,8.0,0%-10%
11793,3903,81.0,-0.0,0%-10%
11793,6087,16.0,-0.0,0%-10%
11793,7240,60.0,4.0,0%-10%
11793,9345,138.0,11.0,0%-10%
11793,10916,53.0,4.0,0%-10%
11793,13203,51.0,4.0,0%-10%
11794,7787,160.0,0.0,0%-10%
11795,2495,8.0,-0.0,0%-10%
11795,5842,130.0,5.0,0%-10%
11795,8775,336.0,33.0,0%-10%
11795,9011,220.0,22.0,0%-10%
11795,9900,12.0,0.0,0%-10%
11796,749,55.0,0.0,0%-10%
11797,3373,164.0,16.0,0%-10%
11797,5704,44.0,-0.0,0%-10%
11797,5991,235.0,23.0,0%-10%
11797,7054,231.0,23.0,0%-10%
11797,11129,151.0,10.0,0%-10%
11798,2852,36.0,1.0,0%-10%
11798,4058,16.0,-0.0,0%-10%
11798,6330,16.0,-0.0,0%-10%
11798,7071,75.0,5.0,0%-10%
11798,10945,8.0,-0.0,0%-10%
11798,12769,16.0,-0.0,0%-10%
11798,13792,8.0,-0.0,0%-10%
11798,14115,571.0,51.0,0%-10%
11798,14384,8.0,0.0,0%-10%
11798,14660,16.0,-0.0,0%-10%
11798,15462,8.0,-0.0,0%-10%
11798,15595,16.0,-0.0,0%-10%
11801,667,16.0,-0.0,0%-10%
11801,961,16.0,-0.0,0%-10%
11801,1154,140.0,12.0,0%-10%
11801,1583,16.0,-0.0,0%-10%
11801,1914,80.0,8.0,0%-10%
11801,1935,72.0,-0.0,0%-10%
11801,2566,16.0,-0.0,0%-10%
11801,3939,16.0,-0.0,0%-10%
11801,4180,16.0,-0.0,0%-10%
11801,5044,16.0,-0.0,0%-10%
11801,5116,16.0,-0.0,0%-10%
11801,5513,16.0,-0.0,0%-10%
11801,7273,16.0,-0.0,0%-10%
11801,8544,133.0,11.0,0%-10%
11801,9019,16.0,-0.0,0%-10%
11801,9540,10.0,-0.0,0%-10%
11801,10261,16.0,-0.0,0%-10%
11801,10583,8.0,-0.0,0%-10%
11801,10864,16.0,-0.0,0%-10%
11801,10881,16.0,-0.0,0%-10%
11801,11111,16.0,-0.0,0%-10%
11801,11475,8.0,0.0,0%-10%
11801,11824,240.0,21.0,0%-10%
11801,12194,16.0,-0.0,0%-10%
11801,12645,16.0,-0.0,0%-10%
11801,13074,16.0,-0.0,0%-10%
11801,13803,16.0,-0.0,0%-10%
11801,14364,16.0,-0.0,0%-10%
11801,14494,249.0,24.0,0%-10%
11801,14697,151.0,14.0,0%-10%
11801,14703,16.0,1.0,0%-10%
11803,192,70.0,-0.0,0%-10%
11803,4805,16.0,-0.0,0%-10%
11803,6757,315.0,27.0,0%-10%
11803,7025,44.0,2.0,0%-10%
11803,7389,139.0,10.0,0%-10%
11803,8157,416.0,36.0,0%-10%
11803,8241,132.0,10.0,0%-10%
11803,8457,168.0,13.0,0%-10%
11803,9490,317.0,27.0,0%-10%
11803,11158,83.0,-0.0,0%-10%
11803,11939,164.0,13.0,0%-10%
11803,13300,16.0,-0.0,0%-10%
11803,14615,12.0,0.0,0%-10%
11901,818,63.0,5.0,0%-10%
11901,3925,16.0,-0.0,0%-10%
11901,4167,68.0,6.0,0%-10%
11901,6509,16.0,1.0,0%-10%
11901,7115,90.0,8.0,0%-10%
11901,7516,91.0,8.0,0%-10%
11901,7756,59.0,5.0,0%-10%
11901,8417,124.0,11.0,0%-10%
11901,10642,16.0,1.0,0%-10%
11901,11907,133.0,12.0,0%-10%
11901,12341,16.0,1.0,0%-10%
11901,12686,16.0,1.0,0%-10%
11901,13373,30.0,3.0,0%-10%
11901,13576,16.0,1.0,0%-10%
11901,13780,50.0,5.0,0%-10%
11901,14334,30.0,3.0,0%-10%
11901,14401,8.0,-0.0,0%-10%
11901,14529,8.0,0.0,0%-10%
11901,15482,16.0,1.0,0%-10%
11901,15563,50.0,5.0,0%-10%
11931,876,72.0,-0.0,0%-10%
11932,2433,16.0,0.0,0%-10%
11933,3426,8.0,0.0,0%-10%
11933,5223,117.0,0.0,0%-10%
11934,1713,26.0,0.0,0%-10%
11934,2824,16.0,-0.0,0%-10%
11934,5331,32.0,1.0,0%-10%
11934,9486,98.0,7.0,0%-10%
11934,10044,16.0,-0.0,0%-10%
11934,11988,90.0,6.0,0%-10%
11935,12442,38.0,0.0,0%-10%
11935,15077,40.0,0.0,0%-10%
11937,1548,100.0,0.0,0%-10%
11937,6773,240.0,16.0,0%-10%
11937,7979,200.0,0.0,0%-10%
11937,12135,60.0,0.0,0%-10%
11937,14254,23.0,-0.0,0%-10%
11940,4710,151.0,12.0,0%-10%
11941,11925,16.0,0.0,0%-10%
11946,2608,8.0,0.0,0%-10%
11946,8464,61.0,-0.0,0%-10%
11946,10342,44.0,-0.0,0%-10%
11948,7443,70.0,10.0,10%-15%
11949,293,129.0,-0.0,0%-10%
11950,2980,16.0,-0.0,0%-10%
11950,3530,16.0,-0.0,0%-10%
11950,3951,120.0,9.0,0%-10%
11950,4067,16.0,-0.0,0%-10%
11950,5641,46.0,2.0,0%-10%
11950,5870,4.0,0.0,0%-10%
11950,6067,16.0,-0.0,0%-10%
11950,9461,16.0,-0.0,0%-10%
11950,10062,16.0,-0.0,0%-10%
11950,10617,8.0,-0.0,0%-10%
11950,12090,16.0,-0.0,0%-10%
11950,12283,16.0,-0.0,0%-10%
11950,12298,8.0,-0.0,0%-10%
11950,13316,16.0,-0.0,0%-10%
11950,13348,8.0,-0.0,0%-10%
11950,15125,8.0,0.0,0%-10%
11951,2439,16.0,1.0,0%-10%
11951,3218,16.0,-0.0,0%-10%
11951,6700,86.0,12.0,10%-15%
11951,8186,16.0,1.0,0%-10%
11951,10328,16.0,-0.0,0%-10%
11951,11981,16.0,-0.0,0%-10%
11951,15358,21.0,2.0,0%-10%
11953,1799,56.0,7.0,10%-15%
11953,2192,16.0,-0.0,0%-10%
11953,2522,16.0,-0.0,0%-10%
11953,2641,301.0,45.0,10%-15%
11953,8551,50.0,5.0,0%-10%
11953,8667,8.0,0.0,0%-10%
11953,10135,145.0,14.0,0%-10%
11953,11446,159.0,15.0,0%-10%
11953,14835,8.0,0.0,0%-10%
11954,99,59.0,3.0,0%-10%
11955,332,44.0,-0.0,0%-10%
11955,6948,66.0,-0.0,0%-10%
11959,12566,26.0,-0.0,0%-10%
11960,9894,82.0,14.0,15%-20%
11961,466,12.0,0.0,0%-10%
11961,5562,70.0,-0.0,0%-10%
11961,14062,16.0,0.0,0%-10%
11962,4277,16.0,0.0,0%-10%
11963,1105,108.0,18.0,15%-20%
11967,1182,8.0,-0.0,0%-10%
11967,7164,8.0,-0.0,0%-10%
11967,7808,111.0,8.0,0%-10%
11967,8110,16.0,-0.0,0%-10%
11967,8548,8.0,-0.0,0%-10%
11967,8563,16.0,-0.0,0%-10%
11967,8804,16.0,-0.0,0%-10%
11967,8932,16.0,-0.0,0%-10%
11967,9100,116.0,-0.0,0%-10%
11967,9541,16.0,-0.0,0%-10%
11967,10846,8.0,0.0,0%-10%
11967,10847,16.0,-0.0,0%-10%
11967,11277,16.0,-0.0,0%-10%
11967,11963,16.0,-0.0,0%-10%
11967,12038,8.0,-0.0,0%-10%
11967,12469,16.0,-0.0,0%-10%
11967,12498,8.0,-0.0,0%-10%
11967,13219,16.0,-0.0,0%-10%
11967,13333,16.0,-0.0,0%-10%
11967,14541,16.0,-0.0,0%-10%
11967,14678,16.0,-0.0,0%-10%
11967,15115,16.0,-0.0,0%-10%
11967,15174,16.0,-0.0,0%-10%
11968,9533,85.0,-0.0,0%-10%
11968,10626,30.0,-0.0,0%-10%
11968,11714,108.0,-0.0,0%-10%
11971,8559,112.0,-0.0,0%-10%
11971,15218,60.0,0.0,0%-10%
11973,14324,89.0,-0.0,0%-10%
11975,3823,89.0,-0.0,0%-10%
11977,4219,121.0,-0.0,0%-10%
11978,9425,14.0,0.0,0%-10%
11978,10025,113.0,16.0,10%-15%
11978,11913,80.0,8.0,0%-10%
11978,12973,40.0,4.0,0%-10%
11980,2232,75.0,-0.0,0%-10%
11980,4366,391.0,-0.0,0%-10%
11980,9625,131.0,-0.0,0%-10%
12009,1714,8.0,0.0,0%-10%
12009,4016,34.0,0.0,0%-10%
12009,11404,16.0,0.0,0%-10%
12009,12492,30.0,-0.0,0%-10%
12010,1866,306.0,27.0,0%-10%
12010,4317,16.0,-0.0,0%-10%
12010,4586,40.0,3.0,0%-10%
12010,4765,147.0,12.0,0%-10%
12010,5632,16.0,-0.0,0%-10%
12010,7494,122.0,10.0,0%-10%
12010,7946,16.0,-0.0,0%-10%
12010,8042,8.0,0.0,0%-10%
12010,10650,89.0,7.0,0%-10%
12010,12577,69.0,5.0,0%-10%
12010,13009,80.0,6.0,0%-10%
12010,13095,16.0,1.0,0%-10%
12010,13434,44.0,4.0,0%-10%
12010,13740,80.0,7.0,0%-10%
12010,14511,20.0,2.0,0%-10%
12018,1363,8.0,0.0,0%-10%
12018,2065,8.0,0.0,0%-10%
12018,3403,8.0,0.0,0%-10%
12018,5995,44.0,-0.0,0%-10%
12019,1057,8.0,0.0,0%-10%
12019,3212,16.0,-0.0,0%-10%
12019,3675,44.0,-0.0,0%-10%
12019,4476,16.0,-0.0,0%-10%
12019,4931,8.0,0.0,0%-10%
12019,5066,16.0,-0.0,0%-10%
12019,6574,8.0,0.0,0%-10%
12019,6979,44.0,2.0,0%-10%
12019,7270,16.0,-0.0,0%-10%
12019,11949,44.0,-0.0,0%-10%
12019,14444,8.0,0.0,0%-10%
12019,14610,16.0,-0.0,0%-10%
12020,254,16.0,-0.0,0%-10%
12020,1025,95.0,7.0,0%-10%
12020,1554,213.0,17.0,0%-10%
12020,2230,26.0,0.0,0%-10%
12020,2881,44.0,2.0,0%-10%
12020,3191,16.0,-0.0,0%-10%
12020,3524,16.0,-0.0,0%-10%
12020,4003,99.0,7.0,0%-10%
12020,5069,75.0,5.0,0%-10%
12020,6324,110.0,8.0,0%-10%
12020,6815,16.0,-0.0,0%-10%
12020,7670,8.0,-0.0,0%-10%
12020,8005,95.0,7.0,0%-10%
12020,8729,8.0,-0.0,0%-10%
12020,10065,16.0,-0.0,0%-10%
12020,10073,16.0,-0.0,0%-10%
12020,10212,90.0,6.0,0%-10%
12020,10442,129.0,-0.0,0%-10%
12020,12031,8.0,0.0,0%-10%
12020,12142,60.0,4.0,0%-10%
12020,12385,8.0,-0.0,0%-10%
12020,12417,16.0,-0.0,0%-10%
12020,13763,8.0,-0.0,0%-10%
12020,13980,55.0,3.0,0%-10%
12020,14126,8.0,-0.0,0%-10%
12020,14233,84.0,-0.0,0%-10%
12022,15260,20.0,-0.0,0%-10%
12027,764,125.0,9.0,0%-10%
12027,8465,8.0,0.0,0%-10%
12028,13764,16.0,0.0,0%-10%
12033,276,50.0,-0.0,0%-10%
12033,8325,40.0,-0.0,0%-10%
12033,8679,100.0,-0.0,0%-10%
12033,9895,137.0,-0.0,0%-10%
12037,5486,68.0,0.0,0%-10%
12043,1033,30.0,1.0,0%-10%
12043,2935,8.0,-0.0,0%-10%
12043,4149,99.0,14.0,10%-15%
12043,4746,92.0,9.0,0%-10%
12043,11529,8.0,0.0,0%-10%
12043,13781,80.0,12.0,10%-15%
12045,290,20.0,-0.0,0%-10%
12047,366,8.0,0.0,0%-10%
12047,740,16.0,-0.0,0%-10%
12047,1831,44.0,2.0,0%-10%
12047,5508,64.0,4.0,0%-10%
12047,6387,8.0,-0.0,0%-10%
12047,6430,16.0,-0.0,0%-10%
12047,6824,47.0,2.0,0%-10%
12047,7197,44.0,2.0,0%-10%
12047,10567,44.0,2.0,0%-10%
12047,12693,8.0,-0.0,0%-10%
12047,12958,169.0,13.0,0%-10%
12047,13192,16.0,-0.0,0%-10%
12047,14572,61.0,4.0,0%-10%
12047,14627,20.0,0.0,0%-10%
12051,7746,30.0,1.0,0%-10%
12051,15367,22.0,-0.0,0%-10%
12053,6376,56.0,3.0,0%-10%
12053,9414,8.0,0.0,0%-10%
12053,12945,60.0,4.0,0%-10%
12054,839,36.0,1.0,0%-10%
12054,1139,156.0,12.0,0%-10%
12054,2747,60.0,4.0,0%-10%
12054,5803,80.0,-0.0,0%-10%
12054,5993,58.0,3.0,0%-10%
12054,6095,55.0,3.0,0%-10%
12054,7119,75.0,5.0,0%-10%
12054,7369,44.0,2.0,0%-10%
12054,9101,16.0,-0.0,0%-10%
12054,10770,70.0,-0.0,0%-10%
12054,14587,40.0,2.0,0%-10%
12056,1879,64.0,-0.0,0%-10%
12056,11353,41.0,-0.0,0%-10%
12057,726,16.0,-0.0,0%-10%
12061,3851,151.0,14.0,0%-10%
12061,6025,8.0,-0.0,0%-10%
12061,6717,60.0,6.0,0%-10%
12061,8558,8.0,0.0,0%-10%
12061,9532,71.0,7.0,0%-10%
12061,10873,44.0,4.0,0%-10%
12061,11769,44.0,4.0,0%-10%
12061,13715,16.0,1.0,0%-10%
12065,319,190.0,19.0,0%-10%
12065,1067,44.0,3.0,0%-10%
12065,1298,44.0,3.0,0%-10%
12065,2323,12.0,0.0,0%-10%
12065,2662,60.0,5.0,0%-10%
12065,2669,110.0,9.0,0%-10%
12065,4086,16.0,-0.0,0%-10%
12065,5247,8.0,0.0,0%-10%
12065,5362,16.0,-0.0,0%-10%
12065,5908,181.0,16.0,0%-10%
12065,6190,180.0,16.0,0%-10%
12065,6846,68.0,5.0,0%-10%
12065,6856,44.0,3.0,0%-10%
12065,6969,70.0,-0.0,0%-10%
12065,7416,16.0,-0.0,0%-10%
12065,7545,131.0,11.0,0%-10%
12065,7577,8.0,0.0,0%-10%
12065,8131,44.0,3.0,0%-10%
12065,8531,8.0,0.0,0%-10%
12065,8591,18.0,-0.0,0%-10%
12065,9175,18.0,-0.0,0%-10%
12065,9415,8.0,0.0,0%-10%
12065,9630,45.0,3.0,0%-10%
12065,9694,117.0,7.0,0%-10%
12065,9812,83.0,-0.0,0%-10%
12065,10074,158.0,13.0,0%-10%
12065,10240,16.0,-0.0,0%-10%
12065,10273,142.0,12.0,0%-10%
12065,10412,84.0,-0.0,0%-10%
12065,10565,8.0,0.0,0%-10%
12065,10699,44.0,3.0,0%-10%
12065,10937,60.0,5.0,0%-10%
12065,11154,66.0,5.0,0%-10%
12065,11274,119.0,9.0,0%-10%
12065,11638,182.0,16.0,0%-10%
12065,13864,64.0,5.0,0%-10%
12065,15094,88.0,7.0,0%-10%
12065,15121,8.0,0.0,0%-10%
12065,15346,50.0,4.0,0%-10%
12067,11388,16.0,0.0,0%-10%
12068,7874,16.0,0.0,0%-10%
12068,11508,160.0,0.0,0%-10%
12068,13042,16.0,0.0,0%-10%
12074,7177,16.0,-0.0,0%-10%
12074,10673,21.0,-0.0,0%-10%
12077,4,75.0,-0.0,0%-10%
12077,6241,8.0,-0.0,0%-10%
12077,7708,89.0,-0.0,0%-10%
12078,2295,100.0,7.0,0%-10%
12078,3089,72.0,-0.0,0%-10%
12078,3512,11.0,0.0,0%-10%
12078,7135,35.0,1.0,0%-10%
12078,8935,165.0,13.0,0%-10%
12078,10002,44.0,2.0,0%-10%
12078,10783,120.0,9.0,0%-10%
12078,10851,8.0,0.0,0%-10%
12078,11084,85.0,-0.0,0%-10%
12078,12680,16.0,-0.0,0%-10%
12083,2076,50.0,3.0,0%-10%
12083,2797,57.0,3.0,0%-10%
12083,9479,16.0,-0.0,0%-10%
12083,12778,16.0,-0.0,0%-10%
12084,1851,70.0,-0.0,0%-10%
12084,11035,70.0,-0.0,0%-10%
12085,12879,74.0,0.0,0%-10%
12086,3523,105.0,10.0,0%-10%
12086,8878,16.0,-0.0,0%-10%
12086,10325,16.0,-0.0,0%-10%
12090,941,76.0,0.0,0%-10%
12093,10077,16.0,0.0,0%-10%
12095,283,8.0,-0.0,0%-10%
12095,601,40.0,2.0,0%-10%
12095,1022,8.0,-0.0,0%-10%
12095,3128,160.0,13.0,0%-10%
12095,4145,14.0,0.0,0%-10%
12095,7802,29.0,-0.0,0%-10%
12095,8065,16.0,-0.0,0%-10%
12095,8388,8.0,0.0,0%-10%
12095,10716,8.0,-0.0,0%-10%
12095,12279,60.0,4.0,0%-10%
12095,12878,24.0,-0.0,0%-10%
12095,13112,55.0,3.0,0%-10%
12095,14400,60.0,4.0,0%-10%
12095,15133,16.0,-0.0,0%-10%
12110,206,44.0,2.0,0%-10%
12110,531,132.0,10.0,0%-10%
12110,3234,44.0,2.0,0%-10%
12110,4012,44.0,2.0,0%-10%
12110,4059,8.0,0.0,0%-10%
12110,4397,8.0,0.0,0%-10%
12110,4747,16.0,-0.0,0%-10%
12110,4818,8.0,0.0,0%-10%
12110,5365,8.0,0.0,0%-10%
12110,6931,8.0,0.0,0%-10%
12110,8868,8.0,0.0,0%-10%
12110,9776,63.0,4.0,0%-10%
12110,12391,187.0,15.0,0%-10%
12110,12549,30.0,1.0,0%-10%
12110,12726,8.0,0.0,0%-10%
12110,13442,24.0,-0.0,0%-10%
12110,13657,66.0,4.0,0%-10%
12110,13818,111.0,9.0,0%-10%
12116,10580,8.0,0.0,0%-10%
12117,6042,8.0,-0.0,0%-10%
12117,14642,15.0,-0.0,0%-10%
12118,1537,113.0,3.0,0%-10%
12118,3079,8.0,-0.0,0%-10%
12118,3147,40.0,0.0,0%-10%
12118,7047,8.0,0.0,0%-10%
12118,9701,18.0,0.0,0%-10%
12118,12526,21.0,0.0,0%-10%
12118,15266,168.0,16.0,0%-10%
12120,8583,8.0,0.0,0%-10%
12122,79,100.0,-0.0,0%-10%
12122,6716,8.0,-0.0,0%-10%
12122,7404,40.0,-0.0,0%-10%
12122,9582,16.0,-0.0,0%-10%
12123,3902,44.0,2.0,0%-10%
12123,7747,8.0,0.0,0%-10%
12123,9564,38.0,1.0,0%-10%
12123,11434,70.0,-0.0,0%-10%
12124,5161,8.0,0.0,0%-10%
12134,2955,80.0,-0.0,0%-10%
12136,1729,16.0,0.0,0%-10%
12137,4159,8.0,0.0,0%-10%
12138,10599,16.0,0.0,0%-10%
12140,4179,8.0,-0.0,0%-10%
12140,9128,44.0,2.0,0%-10%
12143,5,68.0,4.0,0%-10%
12143,3331,16.0,-0.0,0%-10%
12143,5328,8.0,0.0,0%-10%
12143,6936,16.0,-0.0,0%-10%
12143,10351,8.0,-0.0,0%-10%
12144,4069,169.0,16.0,0%-10%
12144,4515,101.0,10.0,0%-10%
12144,7229,16.0,-0.0,0%-10%
12144,7948,100.0,10.0,0%-10%
12144,8382,16.0,-0.0,0%-10%
12144,9080,16.0,-0.0,0%-10%
12144,10719,24.0,0.0,0%-10%
12144,11004,8.0,-0.0,0%-10%
12144,11012,8.0,-0.0,0%-10%
12144,11491,60.0,9.0,10%-15%
12144,13533,8.0,-0.0,0%-10%
12144,14377,8.0,0.0,0%-10%
12148,3808,60.0,4.0,0%-10%
12148,6055,8.0,-0.0,0%-10%
12149,15015,40.0,2.0,0%-10%
12151,12467,8.0,0.0,0%-10%
12154,567,8.0,-0.0,0%-10%
12154,5533,44.0,2.0,0%-10%
12154,7543,16.0,-0.0,0%-10%
12155,724,8.0,0.0,0%-10%
12155,3184,44.0,-0.0,0%-10%
12155,9398,16.0,0.0,0%-10%
12157,1910,100.0,2.0,0%-10%
12157,7210,50.0,-0.0,0%-10%
12157,13160,81.0,-0.0,0%-10%
12157,15435,16.0,-0.0,0%-10%
12158,2843,16.0,-0.0,0%-10%
12158,4937,44.0,2.0,0%-10%
12158,11061,44.0,2.0,0%-10%
12158,12980,8.0,-0.0,0%-10%
12159,13045,118.0,-0.0,0%-10%
12160,892,8.0,0.0,0%-10%
12167,9332,16.0,-0.0,0%-10%
12170,10628,8.0,0.0,0%-10%
12170,11488,151.0,12.0,0%-10%
12172,4412,131.0,0.0,0%-10%
12180,805,189.0,16.0,0%-10%
12180,929,94.0,9.0,0%-10%
12180,1104,47.0,3.0,0%-10%
12180,1194,44.0,3.0,0%-10%
12180,1266,70.0,-0.0,0%-10%
12180,1978,16.0,-0.0,0%-10%
12180,2101,16.0,-0.0,0%-10%
12180,2745,16.0,-0.0,0%-10%
12180,2753,44.0,3.0,0%-10%
12180,3388,60.0,5.0,0%-10%
12180,3570,114.0,9.0,0%-10%
12180,3772,44.0,3.0,0%-10%
12180,3833,55.0,4.0,0%-10%
12180,4907,36.0,2.0,0%-10%
12180,5013,8.0,-0.0,0%-10%
12180,5518,39.0,2.0,0%-10%
12180,6857,75.0,6.0,0%-10%
12180,7068,8.0,-0.0,0%-10%
12180,7112,148.0,12.0,0%-10%
12180,9124,16.0,-0.0,0%-10%
12180,9747,8.0,-0.0,0%-10%
12180,10106,84.0,8.0,0%-10%
12180,10274,8.0,-0.0,0%-10%
12180,10510,70.0,4.0,0%-10%
12180,10732,8.0,-0.0,0%-10%
12180,10962,20.0,1.0,0%-10%
12180,11831,8.0,-0.0,0%-10%
12180,11837,39.0,2.0,0%-10%
12180,12020,34.0,1.0,0%-10%
12180,12590,50.0,4.0,0%-10%
12180,12644,8.0,0.0,0%-10%
12180,13120,50.0,4.0,0%-10%
12180,13265,71.0,7.0,0%-10%
12180,13326,8.0,-0.0,0%-10%
12180,13609,60.0,5.0,0%-10%
12180,13756,16.0,-0.0,0%-10%
12180,14229,8.0,-0.0,0%-10%
12180,14871,8.0,-0.0,0%-10%
12180,15018,30.0,2.0,0%-10%
12180,15047,8.0,-0.0,0%-10%
12180,15097,16.0,-0.0,0%-10%
12180,15203,50.0,4.0,0%-10%
12180,15324,8.0,-0.0,0%-10%
12182,415,210.0,17.0,0%-10%
12182,4545,16.0,-0.0,0%-10%
12182,4791,130.0,10.0,0%-10%
12182,5039,16.0,-0.0,0%-10%
12182,6608,8.0,0.0,0%-10%
12182,11382,18.0,-0.0,0%-10%
12182,11803,16.0,-0.0,0%-10%
12182,11847,16.0,-0.0,0%-10%
12182,13043,20.0,0.0,0%-10%
12182,13083,16.0,-0.0,0%-10%
12182,13174,80.0,-0.0,0%-10%
12182,13957,80.0,-0.0,0%-10%
12183,13134,16.0,-0.0,0%-10%
12184,2546,104.0,7.0,0%-10%
12184,5768,34.0,0.0,0%-10%
12184,8462,41.0,2.0,0%-10%
12184,9402,27.0,-0.0,0%-10%
12184,12222,8.0,-0.0,0%-10%
12184,14617,16.0,-0.0,0%-10%
12186,1544,79.0,-0.0,0%-10%
12186,8057,138.0,-0.0,0%-10%
12186,11875,8.0,-0.0,0%-10%
12187,5806,16.0,0.0,0%-10%
12188,3182,16.0,1.0,0%-10%
12188,6271,70.0,10.0,10%-15%
12188,7569,44.0,6.0,10%-15%
12188,11415,16.0,1.0,0%-10%
12189,1116,16.0,0.0,0%-10%
12189,2629,164.0,0.0,0%-10%
12189,2723,215.0,0.0,0%-10%
12189,3631,8.0,-0.0,0%-10%
12189,4761,16.0,0.0,0%-10%
12189,5439,8.0,-0.0,0%-10%
12189,6493,16.0,0.0,0%-10%
12189,7358,16.0,0.0,0%-10%
12189,7536,16.0,0.0,0%-10%
12189,9627,39.0,0.0,0%-10%
12189,10197,8.0,0.0,0%-10%
12189,14604,16.0,0.0,0%-10%
12190,8494,16.0,0.0,0%-10%
12196,6292,44.0,2.0,0%-10%
12196,7738,47.0,2.0,0%-10%
12197,2238,8.0,0.0,0%-10%
12197,3007,8.0,0.0,0%-10%
12197,4690,16.0,0.0,0%-10%
12197,9979,8.0,0.0,0%-10%
12198,6582,8.0,-0.0,0%-10%
12198,9255,21.0,-0.0,0%-10%
12198,9989,18.0,-0.0,0%-10%
12198,10364,24.0,-0.0,0%-10%
12198,14218,16.0,-0.0,0%-10%
12202,4342,54.0,7.999998305865674,10%-15%
12202,5200,16.0,0.0,0%-10%
12202,8647,16.0,0.0,0%-10%
12202,9516,44.0,4.0,0%-10%
12202,10282,8.0,-0.0,0%-10%
12202,11163,8.0,0.0,0%-10%
12202,11269,60.0,8.999998845969017,10%-15%
12202,12137,16.0,0.0,0%-10%
12202,13347,16.0,0.0,0%-10%
12202,13445,8.0,-0.0,0%-10%
12202,13734,75.0,10.999999017430422,10%-15%
12202,15588,16.0,0.0,0%-10%
12203,385,16.0,-0.0,0%-10%
12203,1140,59.0,4.0,0%-10%
12203,2015,8.0,-0.0,0%-10%
12203,2376,15.0,-0.0,0%-10%
12203,2921,14.0,0.0,0%-10%
12203,3029,16.0,-0.0,0%-10%
12203,3050,42.0,3.0,0%-10%
12203,3850,173.0,15.0,0%-10%
12203,4102,8.0,0.0,0%-10%
12203,6016,103.0,8.0,0%-10%
12203,6076,60.0,5.0,0%-10%
12203,6084,184.0,16.0,0%-10%
12203,7225,81.0,-0.0,0%-10%
12203,9951,101.0,8.0,0%-10%
12203,10630,119.0,-0.0,0%-10%
12203,12709,38.0,2.0,0%-10%
12203,13793,40.0,3.0,0%-10%
12203,14274,16.0,-0.0,0%-10%
12203,14316,44.0,3.0,0%-10%
12203,15238,16.0,-0.0,0%-10%
12203,15289,75.0,6.0,0%-10%
12204,2320,30.0,-0.0,0%-10%
12205,156,8.0,0.0,0%-10%
12205,2123,16.0,-0.0,0%-10%
12205,3579,122.0,9.0,0%-10%
12205,3757,92.0,6.0,0%-10%
12205,4720,131.0,10.0,0%-10%
12205,4923,68.0,5.0,0%-10%
12205,5476,44.0,3.0,0%-10%
12205,6721,80.0,-0.0,0%-10%
12205,8416,120.0,10.0,0%-10%
12205,9392,8.0,0.0,0%-10%
12205,9651,44.0,3.0,0%-10%
12205,10320,44.0,3.0,0%-10%
12205,10347,16.0,-0.0,0%-10%
12205,11003,130.0,11.0,0%-10%
12205,11622,118.0,9.0,0%-10%
12205,12351,16.0,-0.0,0%-10%
12205,12729,30.0,2.0,0%-10%
12205,13208,8.0,0.0,0%-10%
12205,13285,16.0,-0.0,0%-10%
12205,14305,15.0,-0.0,0%-10%
12205,14941,8.0,0.0,0%-10%
12205,15074,60.0,5.0,0%-10%
12205,15515,8.0,0.0,0%-10%
12206,885,82.0,-0.0,0%-10%
12206,1239,8.0,-0.0,0%-10%
12206,4041,8.0,-0.0,0%-10%
12206,4769,8.0,-0.0,0%-10%
12206,5351,8.0,-0.0,0%-10%
12206,5535,60.0,5.0,0%-10%
12206,5706,16.0,-0.0,0%-10%
12206,7121,16.0,-0.0,0%-10%
12206,8706,44.0,3.0,0%-10%
12206,9082,331.0,23.0,0%-10%
12206,9664,8.0,-0.0,0%-10%
12206,9993,51.0,4.0,0%-10%
12206,11692,8.0,0.0,0%-10%
12206,11792,135.0,11.0,0%-10%
12206,12773,8.0,-0.0,0%-10%
12206,13645,8.0,-0.0,0%-10%
12206,13841,8.0,-0.0,0%-10%
12206,13843,165.0,14.0,0%-10%
12206,14842,82.0,0.0,0%-10%
12207,6363,122.0,12.0,0%-10%
12207,6381,107.0,10.0,0%-10%
12207,9135,40.0,-0.0,0%-10%
12207,14495,75.0,7.0,0%-10%
12208,1701,16.0,-0.0,0%-10%
12208,1939,16.0,-0.0,0%-10%
12208,2822,294.0,25.0,0%-10%
12208,3581,103.0,7.0,0%-10%
12208,4121,60.0,4.0,0%-10%
12208,5639,71.0,-0.0,0%-10%
12208,6859,16.0,-0.0,0%-10%
12208,7557,104.0,7.0,0%-10%
12208,9365,80.0,-0.0,0%-10%
12208,9693,100.0,7.0,0%-10%
12208,9997,139.0,10.0,0%-10%
12208,11878,8.0,0.0,0%-10%
12208,15036,16.0,-0.0,0%-10%
12209,658,44.0,0.0,0%-10%
12209,1183,254.0,38.0,10%-15%
12209,2236,16.0,0.0,0%-10%
12209,2615,16.0,0.0,0%-10%
12209,9032,8.0,-0.0,0%-10%
12209,9272,8.0,0.0,0%-10%
12209,9473,16.0,0.0,0%-10%
12209,11262,8.0,-0.0,0%-10%
12209,12130,75.0,7.0,0%-10%
12209,12838,75.0,7.0,0%-10%
12209,13141,16.0,0.0,0%-10%
12209,13515,16.0,0.0,0%-10%
12209,15373,16.0,0.0,0%-10%
12210,620,16.0,0.0,0%-10%
12210,1000,129.0,12.0,0%-10%
12210,1213,78.0,7.0,0%-10%
12210,1381,44.0,0.0,0%-10%
12210,2671,82.0,8.0,0%-10%
12210,3059,20.0,0.0,0%-10%
12210,3921,32.0,0.0,0%-10%
12210,5208,44.0,0.0,0%-10%
12210,9068,10.0,0.0,0%-10%
12210,9972,49.0,0.0,0%-10%
12210,9974,16.0,0.0,0%-10%
12210,10714,30.0,0.0,0%-10%
12210,11476,18.0,0.0,0%-10%
12210,13581,67.0,6.0,0%-10%
12210,13755,60.0,5.0,0%-10%
12210,15185,12.0,0.0,0%-10%
12211,521,44.0,-0.0,0%-10%
12211,1679,8.0,-0.0,0%-10%
12211,2646,44.0,1.0,0%-10%
12211,6395,8.0,-0.0,0%-10%
12211,7954,16.0,-0.0,0%-10%
12211,9284,16.0,-0.0,0%-10%
12211,10459,110.0,11.0,0%-10%
12211,12479,8.0,0.0,0%-10%
12211,12611,69.0,6.0,0%-10%
12211,14093,8.0,-0.0,0%-10%
12302,1596,57.0,5.0,0%-10%
12302,1869,8.0,0.0,0%-10%
12302,3300,82.0,8.0,0%-10%
12302,3667,8.0,-0.0,0%-10%
12302,3905,8.0,-0.0,0%-10%
12302,3971,115.0,10.0,0%-10%
12302,4134,101.0,9.0,0%-10%
12302,5089,44.0,4.0,0%-10%
12302,5629,70.0,7.0,0%-10%
12302,6412,8.0,-0.0,0%-10%
12302,6436,8.0,-0.0,0%-10%
12302,6819,8.0,-0.0,0%-10%
12302,7236,44.0,4.0,0%-10%
12302,8312,19.0,1.0,0%-10%
12302,9282,44.0,4.0,0%-10%
12302,9970,34.0,2.0,0%-10%
12302,10665,44.0,4.0,0%-10%
12302,11571,8.0,-0.0,0%-10%
12302,11846,16.0,1.0,0%-10%
12302,12132,16.0,1.0,0%-10%
12302,14539,34.0,2.0,0%-10%
12303,693,98.0,7.0,0%-10%
12303,1132,70.0,-0.0,0%-10%
12303,1606,16.0,-0.0,0%-10%
12303,1806,16.0,-0.0,0%-10%
12303,2263,92.0,6.0,0%-10%
12303,2599,16.0,-0.0,0%-10%
12303,4119,8.0,-0.0,0%-10%
12303,5183,44.0,2.0,0%-10%
12303,5490,8.0,-0.0,0%-10%
12303,5551,60.0,4.0,0%-10%
12303,5800,8.0,-0.0,0%-10%
12303,6243,8.0,-0.0,0%-10%
12303,6268,44.0,2.0,0%-10%
12303,7350,70.0,-0.0,0%-10%
12303,7451,74.0,5.0,0%-10%
12303,10611,16.0,-0.0,0%-10%
12303,11375,120.0,10.0,0%-10%
12303,11550,8.0,-0.0,0%-10%
12303,12014,8.0,-0.0,0%-10%
12303,12372,8.0,0.0,0%-10%
12303,12707,16.0,-0.0,0%-10%
12303,13114,8.0,-0.0,0%-10%
12303,13158,16.0,-0.0,0%-10%
12303,13190,8.0,-0.0,0%-10%
12303,13291,16.0,-0.0,0%-10%
12303,13919,8.0,-0.0,0%-10%
12303,14341,8.0,-0.0,0%-10%
12303,14487,8.0,-0.0,0%-10%
12303,14880,36.0,2.0,0%-10%
12303,15005,16.0,-0.0,0%-10%
12303,15249,8.0,-0.0,0%-10%
12303,15269,16.0,-0.0,0%-10%
12304,432,16.0,-0.0,0%-10%
12304,485,95.0,7.0,0%-10%
12304,520,16.0,-0.0,0%-10%
12304,558,60.0,4.0,0%-10%
12304,820,34.0,0.0,0%-10%
12304,2550,43.0,2.0,0%-10%
12304,3306,8.0,-0.0,0%-10%
12304,3574,16.0,-0.0,0%-10%
12304,4184,8.0,-0.0,0%-10%
12304,4824,195.0,16.0,0%-10%
12304,4858,116.0,-0.0,0%-10%
12304,7963,87.0,6.0,0%-10%
12304,10307,8.0,-0.0,0%-10%
12304,11027,88.0,6.0,0%-10%
12304,11830,16.0,-0.0,0%-10%
12304,12456,49.0,2.0,0%-10%
12304,12965,16.0,-0.0,0%-10%
12304,13111,16.0,-0.0,0%-10%
12304,13552,16.0,-0.0,0%-10%
12304,13592,16.0,-0.0,0%-10%
12304,14095,10.0,-0.0,0%-10%
12304,14689,8.0,0.0,0%-10%
12304,14836,16.0,-0.0,0%-10%
12304,15493,8.0,-0.0,0%-10%
12305,1279,21.0,0.0,0%-10%
12305,4779,46.0,0.0,0%-10%
12305,5921,57.0,0.0,0%-10%
12305,9216,96.0,0.0,0%-10%
12305,10258,16.0,0.0,0%-10%
12306,795,16.0,-0.0,0%-10%
12306,2298,8.0,-0.0,0%-10%
12306,2370,8.0,-0.0,0%-10%
12306,2652,8.0,-0.0,0%-10%
12306,3755,8.0,-0.0,0%-10%
12306,4128,44.0,3.0,0%-10%
12306,5150,45.0,3.0,0%-10%
12306,6217,16.0,-0.0,0%-10%
12306,6980,16.0,-0.0,0%-10%
12306,8177,63.0,5.0,0%-10%
12306,8909,79.0,7.0,0%-10%
12306,9510,16.0,1.0,0%-10%
12306,11400,8.0,0.0,0%-10%
12306,11914,44.0,4.0,0%-10%
12306,11947,8.0,-0.0,0%-10%
12306,12096,16.0,1.0,0%-10%
12306,12368,16.0,1.0,0%-10%
12306,12763,96.0,9.0,0%-10%
12306,12890,8.0,-0.0,0%-10%
12306,13184,8.0,-0.0,0%-10%
12306,13231,16.0,1.0,0%-10%
12306,15470,8.0,-0.0,0%-10%
12306,15476,30.0,3.0,0%-10%
12307,1402,8.0,0.0,0%-10%
12307,1909,60.0,-0.0,0%-10%
12307,3158,14.0,-0.0,0%-10%
12307,3380,16.0,-0.0,0%-10%
12307,5211,16.0,-0.0,0%-10%
12307,5653,8.0,0.0,0%-10%
12307,7089,14.0,0.0,0%-10%
12307,8711,12.0,0.0,0%-10%
12307,9595,16.0,-0.0,0%-10%
12307,11265,16.0,-0.0,0%-10%
12307,11506,8.0,0.0,0%-10%
12307,13044,8.0,0.0,0%-10%
12307,13234,16.0,-0.0,0%-10%
12307,13747,16.0,-0.0,0%-10%
12307,14198,16.0,-0.0,0%-10%
12307,14756,16.0,-0.0,0%-10%
12307,14839,16.0,-0.0,0%-10%
12307,15267,8.0,0.0,0%-10%
12308,2724,70.0,7.0,0%-10%
12308,2858,8.0,0.0,0%-10%
12308,4073,46.0,4.0,0%-10%
12308,4599,16.0,-0.0,0%-10%
12308,6598,85.0,12.0,10%-15%
12308,7060,8.0,0.0,0%-10%
12308,10008,44.0,4.0,0%-10%
12308,12017,16.0,0.0,0%-10%
12308,12181,8.0,0.0,0%-10%
12308,15242,16.0,0.0,0%-10%
12309,645,16.0,-0.0,0%-10%
12309,734,16.0,-0.0,0%-10%
12309,1162,16.0,-0.0,0%-10%
12309,1459,143.0,11.0,0%-10%
12309,3819,44.0,2.0,0%-10%
12309,4032,75.0,5.0,0%-10%
12309,4658,55.0,3.0,0%-10%
12309,4674,8.0,0.0,0%-10%
12309,4903,74.0,5.0,0%-10%
12309,6408,270.0,23.0,0%-10%
12309,7458,16.0,-0.0,0%-10%
12309,7487,16.0,-0.0,0%-10%
12309,8049,77.0,5.0,0%-10%
12309,8144,8.0,-0.0,0%-10%
12309,11502,62.0,4.0,0%-10%
12309,12039,8.0,-0.0,0%-10%
12309,12355,99.0,7.0,0%-10%
12309,13582,8.0,-0.0,0%-10%
12309,13730,16.0,-0.0,0%-10%
12309,14968,44.0,2.0,0%-10%
12309,15243,16.0,-0.0,0%-10%
12309,15485,8.0,-0.0,0%-10%
12401,245,60.0,4.0,0%-10%
12401,738,8.0,-0.0,0%-10%
12401,1369,16.0,-0.0,0%-10%
12401,1652,16.0,-0.0,0%-10%
12401,2004,59.0,3.0,0%-10%
12401,2218,62.0,4.0,0%-10%
12401,2675,30.0,1.0,0%-10%
12401,2895,37.0,1.0,0%-10%
12401,2978,8.0,-0.0,0%-10%
12401,3577,8.0,0.0,0%-10%
12401,3621,8.0,-0.0,0%-10%
12401,3703,40.0,2.0,0%-10%
12401,4812,44.0,3.0,0%-10%
12401,5504,8.0,-0.0,0%-10%
12401,5675,8.0,-0.0,0%-10%
12401,5844,63.0,5.0,0%-10%
12401,6475,16.0,-0.0,0%-10%
12401,6853,16.0,-0.0,0%-10%
12401,7959,150.0,13.0,0%-10%
12401,9071,16.0,-0.0,0%-10%
12401,10605,60.0,5.0,0%-10%
12401,11778,8.0,-0.0,0%-10%
12401,12508,37.0,2.0,0%-10%
12401,13021,40.0,3.0,0%-10%
12401,14125,40.0,3.0,0%-10%
12401,14141,16.0,-0.0,0%-10%
12401,15075,16.0,-0.0,0%-10%
12401,15530,8.0,-0.0,0%-10%
12404,5888,80.0,-0.0,0%-10%
12405,2853,8.0,0.0,0%-10%
12406,2572,34.0,1.0,0%-10%
12413,7535,20.0,-0.0,0%-10%
12413,8698,8.0,-0.0,0%-10%
12413,14784,58.0,1.0,0%-10%
12414,1766,8.0,-0.0,0%-10%
12414,3048,8.0,0.0,0%-10%
12414,3543,16.0,-0.0,0%-10%
12414,3977,8.0,-0.0,0%-10%
12414,5262,160.0,-0.0,0%-10%
12414,13512,16.0,-0.0,0%-10%
12419,11478,8.0,0.0,0%-10%
12428,3078,8.0,-0.0,0%-10%
12428,4432,40.0,0.0,0%-10%
12428,4565,23.0,0.0,0%-10%
12428,9705,16.0,0.0,0%-10%
12428,10058,36.0,0.0,0%-10%
12428,11162,16.0,0.0,0%-10%
12428,12739,8.0,0.0,0%-10%
12428,15128,8.0,-0.0,0%-10%
12431,8008,8.0,0.0,0%-10%
12432,2915,102.0,-0.0,0%-10%
12434,3829,8.0,0.0,0%-10%
12443,1988,58.0,5.0,0%-10%
12443,10250,68.0,6.0,0%-10%
12443,12431,52.0,2.0,0%-10%
12446,11721,8.0,0.0,0%-10%
12446,13464,8.0,0.0,0%-10%
12449,4884,8.0,0.0,0%-10%
12449,6491,80.0,8.0,0%-10%
12449,7279,8.0,0.0,0%-10%
12449,7471,8.0,0.0,0%-10%
12449,10810,16.0,0.0,0%-10%
12449,11331,94.0,14.0,10%-15%
12449,13939,29.0,1.0,0%-10%
12451,5157,8.0,0.0,0%-10%
12455,13016,8.0,0.0,0%-10%
12457,11394,16.0,-0.0,0%-10%
12461,6112,8.0,0.0,0%-10%
12461,11330,8.0,0.0,0%-10%
12463,9724,12.0,0.0,0%-10%
12464,10638,27.0,0.0,0%-10%
12466,1543,8.0,0.0,0%-10%
12466,3769,8.0,0.0,0%-10%
12466,6988,79.0,0.0,0%-10%
12477,2034,16.0,-0.0,0%-10%
12477,2356,8.0,-0.0,0%-10%
12477,5238,31.0,1.0,0%-10%
12477,5360,80.0,-0.0,0%-10%
12477,5555,93.0,6.0,0%-10%
12477,5610,44.0,2.0,0%-10%
12477,7478,16.0,-0.0,0%-10%
12477,8626,16.0,-0.0,0%-10%
12477,8923,8.0,0.0,0%-10%
12477,9312,15.0,-0.0,0%-10%
12477,10092,16.0,-0.0,0%-10%
12477,10520,16.0,-0.0,0%-10%
12477,12660,36.0,1.0,0%-10%
12477,13295,30.0,1.0,0%-10%
12477,13598,42.0,2.0,0%-10%
12477,14048,44.0,2.0,0%-10%
12477,14787,53.0,3.0,0%-10%
12484,793,33.0,3.0,0%-10%
12484,9106,54.0,2.0,0%-10%
12485,2597,29.0,0.0,0%-10%
12498,6910,44.0,-0.0,0%-10%
12501,1709,26.0,5.0,15%-20%
12501,3814,57.0,8.0,10%-15%
12501,5772,60.0,9.0,10%-15%
12504,917,26.0,-0.0,0%-10%
12504,2469,20.0,-0.0,0%-10%
12508,287,40.0,2.0,0%-10%
12508,1342,16.0,-0.0,0%-10%
12508,1907,114.0,8.0,0%-10%
12508,2231,8.0,0.0,0%-10%
12508,2526,16.0,-0.0,0%-10%
12508,4499,40.0,2.0,0%-10%
12508,5079,40.0,2.0,0%-10%
12508,5311,8.0,-0.0,0%-10%
12508,9369,14.0,0.0,0%-10%
12508,9409,66.0,4.0,0%-10%
12508,10728,120.0,9.0,0%-10%
12508,11197,21.0,-0.0,0%-10%
12508,11203,48.0,2.0,0%-10%
12508,12658,40.0,2.0,0%-10%
12508,13341,8.0,0.0,0%-10%
12508,14190,40.0,2.0,0%-10%
12508,14668,8.0,0.0,0%-10%
12508,14724,24.0,-0.0,0%-10%
12508,14827,40.0,2.0,0%-10%
12508,15463,20.0,0.0,0%-10%
12518,3998,80.0,5.00000299000002,0%-10%
12518,6891,36.0,0.0,0%-10%
12520,2609,166.0,-0.0,0%-10%
12521,1567,18.0,0.0,0%-10%
12522,2279,16.0,-0.0,0%-10%
12522,4471,16.0,-0.0,0%-10%
12522,4612,16.0,-0.0,0%-10%
12524,1930,40.0,2.0,0%-10%
12524,2235,16.0,-0.0,0%-10%
12524,2645,45.0,2.0,0%-10%
12524,2958,88.0,6.0,0%-10%
12524,3267,40.0,2.0,0%-10%
12524,4760,20.0,0.0,0%-10%
12524,6375,24.0,-0.0,0%-10%
12524,7398,8.0,-0.0,0%-10%
12524,8394,45.0,2.0,0%-10%
12524,9624,24.0,-0.0,0%-10%
12524,12862,40.0,2.0,0%-10%
12524,14566,100.0,7.0,0%-10%
12526,1274,8.0,0.0,0%-10%
12527,856,24.0,0.0,0%-10%
12528,26,8.0,-0.0,0%-10%
12528,1895,55.0,3.0,0%-10%
12528,6358,8.0,0.0,0%-10%
12528,6392,57.0,3.0,0%-10%
12528,6461,67.0,4.0,0%-10%
12528,7778,65.0,4.0,0%-10%
12528,7804,16.0,-0.0,0%-10%
12528,9067,16.0,-0.0,0%-10%
12528,11273,16.0,-0.0,0%-10%
12528,11845,66.0,4.0,0%-10%
12531,4400,101.0,7.0,0%-10%
12531,8113,57.0,3.0,0%-10%
12533,2006,217.0,19.0,0%-10%
12533,6471,88.0,7.0,0%-10%
12533,6640,99.0,8.0,0%-10%
12533,7144,66.0,5.0,0%-10%
12533,8302,167.0,14.0,0%-10%
12533,8693,137.0,12.0,0%-10%
12533,9200,16.0,1.0,0%-10%
12533,9739,16.0,1.0,0%-10%
12533,10440,16.0,1.0,0%-10%
12533,14792,8.0,-0.0,0%-10%
12534,747,8.0,-0.0,0%-10%
12534,1158,36.0,0.0,0%-10%
12534,4685,62.0,0.0,0%-10%
12534,6294,56.0,0.0,0%-10%
12534,7454,8.0,0.0,0%-10%
12534,7631,8.0,-0.0,0%-10%
12534,8316,16.0,0.0,0%-10%
12534,10500,8.0,-0.0,0%-10%
12534,11176,30.0,0.0,0%-10%
12534,13632,154.0,0.0,0%-10%
12534,15311,180.0,11.0,0%-10%
12538,564,101.0,7.0,0%-10%
12538,2701,16.0,-0.0,0%-10%
12538,3836,16.0,-0.0,0%-10%
12538,5235,16.0,-0.0,0%-10%
12538,6041,7.0,0.0,0%-10%
12538,8279,42.0,2.0,0%-10%
12538,9061,30.0,1.0,0%-10%
12538,9937,60.0,4.0,0%-10%
12538,10596,16.0,-0.0,0%-10%
12538,11702,81.0,-0.0,0%-10%
12538,12426,40.0,2.0,0%-10%
12538,12500,20.0,0.0,0%-10%
12538,14589,16.0,-0.0,0%-10%
12540,5199,85.0,-0.0,0%-10%
12540,6149,30.0,-0.0,0%-10%
12540,7800,16.0,0.0,0%-10%
12540,10015,16.0,0.0,0%-10%
12540,11801,40.0,0.0,0%-10%
12542,295,39.0,1.0,0%-10%
12542,537,13.0,0.0,0%-10%
12542,2472,75.0,5.0,0%-10%
12542,3271,40.0,2.0,0%-10%
12545,6018,44.0,-0.0,0%-10%
12545,10150,40.0,-0.0,0%-10%
12545,10220,16.0,-0.0,0%-10%
12546,5387,29.0,-0.0,0%-10%
12547,1483,66.0,4.0,0%-10%
12547,2685,16.0,-0.0,0%-10%
12547,3869,16.0,-0.0,0%-10%
12547,5569,44.0,2.0,0%-10%
12549,1467,16.0,-0.0,0%-10%
12549,3345,8.0,0.0,0%-10%
12549,5850,16.0,-0.0,0%-10%
12549,6906,16.0,-0.0,0%-10%
12549,7064,16.0,-0.0,0%-10%
12549,7774,242.0,20.0,0%-10%
12549,7900,40.0,2.0,0%-10%
12549,8310,18.0,-0.0,0%-10%
12549,9081,16.0,-0.0,0%-10%
12549,10623,40.0,2.0,0%-10%
12549,10745,16.0,-0.0,0%-10%
12549,11700,8.0,-0.0,0%-10%
12549,13029,106.0,7.0,0%-10%
12550,1263,16.0,-0.0,0%-10%
12550,1782,16.0,-0.0,0%-10%
12550,3086,129.0,6.0,0%-10%
12550,3226,8.0,0.0,0%-10%
12550,3429,130.0,11.0,0%-10%
12550,3721,16.0,-0.0,0%-10%
12550,3929,182.0,16.0,0%-10%
12550,4354,16.0,-0.0,0%-10%
12550,4793,16.0,-0.0,0%-10%
12550,5142,16.0,-0.0,0%-10%
12550,5377,16.0,-0.0,0%-10%
12550,5488,91.0,7.0,0%-10%
12550,6741,53.0,4.0,0%-10%
12550,7100,16.0,-0.0,0%-10%
12550,7548,16.0,-0.0,0%-10%
12550,8984,91.0,7.0,0%-10%
12550,9290,59.0,4.0,0%-10%
12550,9431,14.0,0.0,0%-10%
12550,9442,107.0,9.0,0%-10%
12550,9633,16.0,-0.0,0%-10%
12550,9981,144.0,12.0,0%-10%
12550,10045,87.0,7.0,0%-10%
12550,12019,16.0,-0.0,0%-10%
12550,12936,8.0,-0.0,0%-10%
12550,14606,10.0,-0.0,0%-10%
12553,1493,16.0,-0.0,0%-10%
12553,1968,100.0,8.0,0%-10%
12553,2244,12.0,0.0,0%-10%
12553,2612,75.0,6.0,0%-10%
12553,3058,16.0,-0.0,0%-10%
12553,5388,63.0,5.0,0%-10%
12553,5689,16.0,1.0,0%-10%
12553,6426,16.0,1.0,0%-10%
12553,8822,134.0,12.0,0%-10%
12553,9457,65.0,6.0,0%-10%
12553,9671,95.0,9.0,0%-10%
12553,11089,8.0,0.0,0%-10%
12553,11931,73.0,6.0,0%-10%
12553,12046,68.0,6.0,0%-10%
12553,12131,8.0,-0.0,0%-10%
12553,12158,131.0,12.0,0%-10%
12553,13196,33.0,3.0,0%-10%
12553,14509,16.0,1.0,0%-10%
12561,189,16.0,-0.0,0%-10%
12561,361,40.0,2.0,0%-10%
12561,2888,16.0,-0.0,0%-10%
12561,3487,64.0,4.0,0%-10%
12561,3555,35.0,1.0,0%-10%
12561,4223,42.0,2.0,0%-10%
12561,4331,44.0,2.0,0%-10%
12561,6620,65.0,4.0,0%-10%
12561,7251,16.0,-0.0,0%-10%
12561,10171,8.0,-0.0,0%-10%
12561,11581,16.0,-0.0,0%-10%
12561,13819,16.0,-0.0,0%-10%
12563,410,102.0,-0.0,0%-10%
12563,6287,8.0,-0.0,0%-10%
12563,10141,16.0,-0.0,0%-10%
12563,10313,106.0,6.0,0%-10%
12564,2926,8.0,-0.0,0%-10%
12564,8447,44.0,2.0,0%-10%
12564,9531,90.0,6.0,0%-10%
12565,8741,18.0,-0.0,0%-10%
12566,1146,14.0,2.0,10%-15%
12566,1377,40.0,6.0,10%-15%
12566,7771,16.0,2.0,10%-15%
12566,9327,30.0,4.0,10%-15%
12566,12600,8.0,-0.0,0%-10%
12566,15027,40.0,6.0,10%-15%
12569,1040,16.0,-0.0,0%-10%
12569,2364,60.0,-0.0,0%-10%
12569,6058,106.0,-0.0,0%-10%
12569,10005,14.0,0.0,0%-10%
12570,6524,40.0,0.0,0%-10%
12570,8315,16.0,0.0,0%-10%
12570,11856,8.0,0.0,0%-10%
12570,14936,8.0,0.0,0%-10%
12571,1426,14.0,0.0,0%-10%
12571,3610,80.0,-0.0,0%-10%
12571,4794,16.0,-0.0,0%-10%
12571,9530,8.0,0.0,0%-10%
12571,9735,58.0,3.0,0%-10%
12571,10354,8.0,-0.0,0%-10%
12571,10418,8.0,-0.0,0%-10%
12572,1759,16.0,-0.0,0%-10%
12572,5726,44.0,2.0,0%-10%
12572,5924,99.0,7.0,0%-10%
12572,9301,21.0,-0.0,0%-10%
12572,13381,37.0,1.0,0%-10%
12575,10891,8.0,1.0,10%-15%
12575,12512,16.0,3.0,15%-20%
12577,9475,16.0,0.0,0%-10%
12578,3284,8.0,0.0,0%-10%
12578,7439,16.0,0.0,0%-10%
12578,13273,8.0,0.0,0%-10%
12580,9039,16.0,-0.0,0%-10%
12580,9874,8.0,-0.0,0%-10%
12581,5415,40.0,4.0,0%-10%
12581,13201,8.0,1.0,10%-15%
12582,187,16.0,-0.0,0%-10%
12582,5202,16.0,-0.0,0%-10%
12582,11558,16.0,-0.0,0%-10%
12582,12495,16.0,-0.0,0%-10%
12583,3341,16.0,0.0,0%-10%
12585,3091,16.0,0.0,0%-10%
12586,798,40.0,2.0,0%-10%
12586,1029,16.0,-0.0,0%-10%
12586,6701,16.0,-0.0,0%-10%
12586,8105,40.0,2.0,0%-10%
12586,10194,16.0,-0.0,0%-10%
12586,10247,53.0,3.0,0%-10%
12586,12068,16.0,-0.0,0%-10%
12589,2096,40.0,2.0,0%-10%
12589,3832,16.0,-0.0,0%-10%
12589,4359,40.0,2.0,0%-10%
12589,4964,16.0,-0.0,0%-10%
12589,5829,60.0,4.0,0%-10%
12589,6539,8.0,-0.0,0%-10%
12589,7647,20.0,0.0,0%-10%
12589,8199,16.0,-0.0,0%-10%
12589,8752,16.0,-0.0,0%-10%
12589,9925,8.0,-0.0,0%-10%
12589,12799,16.0,-0.0,0%-10%
12589,15149,8.0,0.0,0%-10%
12589,15268,16.0,-0.0,0%-10%
12589,15387,8.0,-0.0,0%-10%
12590,2,8.0,-0.0,0%-10%
12590,878,82.0,6.0,0%-10%
12590,1885,7.0,0.0,0%-10%
12590,3116,16.0,-0.0,0%-10%
12590,3318,14.0,0.0,0%-10%
12590,3859,40.0,4.0,0%-10%
12590,4952,98.0,9.0,0%-10%
12590,5129,16.0,1.0,0%-10%
12590,5764,8.0,-0.0,0%-10%
12590,6633,30.0,3.0,0%-10%
12590,7533,8.0,0.0,0%-10%
12590,8097,40.0,4.0,0%-10%
12590,8333,8.0,-0.0,0%-10%
12590,8827,16.0,1.0,0%-10%
12590,9478,65.0,6.0,0%-10%
12590,9560,75.0,7.0,0%-10%
12590,10780,55.0,5.0,0%-10%
12590,10894,44.0,4.0,0%-10%
12590,11811,40.0,4.0,0%-10%
12590,12338,16.0,1.0,0%-10%
12590,13685,16.0,1.0,0%-10%
12590,13693,8.0,-0.0,0%-10%
12590,13992,16.0,1.0,0%-10%
12590,14007,147.0,13.0,0%-10%
12590,15076,16.0,1.0,0%-10%
12590,15181,8.0,-0.0,0%-10%
12594,2909,69.0,-0.0,0%-10%
12594,3572,83.0,-0.0,0%-10%
12594,7414,17.0,0.0,0%-10%
12594,8400,39.0,0.0,0%-10%
12594,12232,43.0,-0.0,0%-10%
12601,266,8.0,0.0,0%-10%
12601,766,34.0,1.0,0%-10%
12601,1102,16.0,-0.0,0%-10%
12601,1675,40.0,3.0,0%-10%
12601,2130,16.0,-0.0,0%-10%
12601,2271,16.0,-0.0,0%-10%
12601,2357,14.0,0.0,0%-10%
12601,2381,8.0,-0.0,0%-10%
12601,2911,8.0,-0.0,0%-10%
12601,3484,88.0,7.0,0%-10%
12601,4123,40.0,3.0,0%-10%
12601,4291,8.0,-0.0,0%-10%
12601,4656,8.0,-0.0,0%-10%
12601,4726,16.0,-0.0,0%-10%
12601,5836,160.0,14.0,0%-10%
12601,6547,73.0,-0.0,0%-10%
12601,6552,16.0,-0.0,0%-10%
12601,7988,102.0,8.0,0%-10%
12601,8058,8.0,-0.0,0%-10%
12601,8127,8.0,-0.0,0%-10%
12601,8193,8.0,-0.0,0%-10%
12601,8554,8.0,-0.0,0%-10%
12601,8633,8.0,-0.0,0%-10%
12601,9397,56.0,4.0,0%-10%
12601,9973,59.0,4.0,0%-10%
12601,10902,8.0,-0.0,0%-10%
12601,10969,44.0,3.0,0%-10%
12601,11086,16.0,-0.0,0%-10%
12601,11156,44.0,3.0,0%-10%
12601,11791,236.0,21.0,0%-10%
12601,12289,150.0,13.0,0%-10%
12601,12871,8.0,-0.0,0%-10%
12601,13662,8.0,-0.0,0%-10%
12601,14267,86.0,-0.0,0%-10%
12601,14528,16.0,-0.0,0%-10%
12601,15231,8.0,-0.0,0%-10%
12601,15296,16.0,-0.0,0%-10%
12603,376,8.0,-0.0,0%-10%
12603,656,8.0,-0.0,0%-10%
12603,860,119.0,-0.0,0%-10%
12603,1721,8.0,-0.0,0%-10%
12603,1728,16.0,-0.0,0%-10%
12603,1948,40.0,2.0,0%-10%
12603,2278,16.0,-0.0,0%-10%
12603,2413,79.0,5.0,0%-10%
12603,2480,16.0,-0.0,0%-10%
12603,2850,280.0,24.0,0%-10%
12603,3049,16.0,-0.0,0%-10%
12603,3382,40.0,2.0,0%-10%
12603,3473,8.0,-0.0,0%-10%
12603,4142,16.0,-0.0,0%-10%
12603,4391,16.0,-0.0,0%-10%
12603,5213,16.0,-0.0,0%-10%
12603,5316,16.0,-0.0,0%-10%
12603,6332,8.0,-0.0,0%-10%
12603,6635,8.0,-0.0,0%-10%
12603,6638,76.0,5.0,0%-10%
12603,6843,16.0,-0.0,0%-10%
12603,7050,43.0,2.0,0%-10%
12603,7718,8.0,-0.0,0%-10%
12603,8246,10.0,-0.0,0%-10%
12603,8390,20.0,0.0,0%-10%
12603,8823,8.0,-0.0,0%-10%
12603,9685,8.0,-0.0,0%-10%
12603,9826,40.0,2.0,0%-10%
12603,10105,16.0,-0.0,0%-10%
12603,10254,16.0,-0.0,0%-10%
12603,10481,8.0,-0.0,0%-10%
12603,11675,40.0,2.0,0%-10%
12603,11799,8.0,0.0,0%-10%
12603,12411,8.0,-0.0,0%-10%
12603,12620,16.0,-0.0,0%-10%
12603,12803,30.0,1.0,0%-10%
12603,13054,16.0,-0.0,0%-10%
12603,13353,50.0,3.0,0%-10%
12603,13423,8.0,-0.0,0%-10%
12603,13587,16.0,-0.0,0%-10%
12603,14050,16.0,-0.0,0%-10%
12603,14174,16.0,-0.0,0%-10%
12603,14771,16.0,-0.0,0%-10%
12603,14796,20.0,0.0,0%-10%
12603,14942,8.0,-0.0,0%-10%
12603,15207,10.0,-0.0,0%-10%
12604,11270,56.0,0.0,0%-10%
12701,1858,180.0,15.0,0%-10%
12701,2145,16.0,-0.0,0%-10%
12701,6080,39.0,1.0,0%-10%
12701,7549,16.0,-0.0,0%-10%
12701,12082,60.0,4.0,0%-10%
12701,12788,36.0,1.0,0%-10%
12701,13113,44.0,2.0,0%-10%
12701,13521,16.0,-0.0,0%-10%
12701,13540,168.0,13.0,0%-10%
12701,15190,115.0,-0.0,0%-10%
12719,54,15.0,0.0,0%-10%
12720,2022,8.0,0.0,0%-10%
12721,12586,16.0,0.0,0%-10%
12723,3756,8.0,0.0,0%-10%
12725,7953,16.0,0.0,0%-10%
12725,15122,8.0,0.0,0%-10%
12726,2455,8.0,0.0,0%-10%
12729,6476,40.0,0.0,0%-10%
12732,2837,8.0,0.0,0%-10%
12737,29,16.0,-0.0,0%-10%
12737,3432,40.0,2.0,0%-10%
12738,11141,8.0,0.0,0%-10%
12740,6614,60.0,0.0,0%-10%
12740,12552,8.0,0.0,0%-10%
12742,7704,98.0,0.0,0%-10%
12745,9031,8.0,0.0,0%-10%
12745,12101,16.0,0.0,0%-10%
12747,338,8.0,0.0,0%-10%
12748,6782,8.0,0.0,0%-10%
12754,3065,16.0,-0.0,0%-10%
12754,4614,8.0,-0.0,0%-10%
12754,4740,8.0,-0.0,0%-10%
12754,5074,145.0,-0.0,0%-10%
12754,5598,232.0,22.0,0%-10%
12754,5900,43.0,-0.0,0%-10%
12754,8231,8.0,-0.0,0%-10%
12754,9066,8.0,0.0,0%-10%
12754,9497,33.0,-0.0,0%-10%
12754,11568,32.0,-0.0,0%-10%
12754,15490,16.0,-0.0,0%-10%
12758,12069,149.0,11.0,0%-10%
12762,10116,24.0,0.0,0%-10%
12764,5096,8.0,0.0,0%-10%
12771,464,44.0,2.0,0%-10%
12771,2933,16.0,-0.0,0%-10%
12771,4663,106.0,7.0,0%-10%
12771,5449,16.0,-0.0,0%-10%
12771,10167,16.0,-0.0,0%-10%
12771,11053,34.0,0.0,0%-10%
12771,12650,85.0,-0.0,0%-10%
12771,13071,16.0,-0.0,0%-10%
12771,13173,60.0,4.0,0%-10%
12771,13824,16.0,-0.0,0%-10%
12775,5283,41.0,2.0,0%-10%
12788,387,8.0,0.0,0%-10%
12788,12631,161.0,-0.0,0%-10%
12788,15571,39.0,0.0,0%-10%
12789,8677,16.0,0.0,0%-10%
12790,706,22.0,-0.0,0%-10%
12790,14568,92.0,6.0,0%-10%
12791,6890,16.0,0.0,0%-10%
12791,14735,16.0,0.0,0%-10%
12801,403,16.0,0.0,0%-10%
12801,948,7.0,0.0,0%-10%
12801,3684,40.0,4.0,0%-10%
12801,6746,8.0,0.0,0%-10%
12801,9203,40.0,4.0,0%-10%
12801,9344,96.0,9.0,0%-10%
12801,11196,33.0,3.0,0%-10%
12801,11201,119.0,17.0,10%-15%
12801,12255,51.0,5.0,0%-10%
12803,1333,174.0,0.0,0%-10%
12803,1753,44.0,0.0,0%-10%
12803,2418,8.0,-0.0,0%-10%
12803,3463,8.0,-0.0,0%-10%
12803,8291,8.0,-0.0,0%-10%
12803,8801,40.0,0.0,0%-10%
12803,12444,8.0,0.0,0%-10%
12803,13493,16.0,0.0,0%-10%
12803,14076,16.0,0.0,0%-10%
12804,102,50.0,3.0,0%-10%
12804,123,86.0,-0.0,0%-10%
12804,1740,95.0,7.0,0%-10%
12804,2246,8.0,0.0,0%-10%
12804,3168,8.0,-0.0,0%-10%
12804,3439,60.0,4.0,0%-10%
12804,6252,8.0,-0.0,0%-10%
12804,7059,45.0,2.0,0%-10%
12804,7821,8.0,-0.0,0%-10%
12804,8870,8.0,-0.0,0%-10%
12804,9163,8.0,-0.0,0%-10%
12804,9354,131.0,10.0,0%-10%
12804,10076,16.0,-0.0,0%-10%
12804,10244,146.0,11.0,0%-10%
12804,12088,16.0,-0.0,0%-10%
12804,12364,58.0,3.0,0%-10%
12804,13294,60.0,4.0,0%-10%
12809,2173,8.0,-0.0,0%-10%
12809,2886,16.0,-0.0,0%-10%
12809,11897,8.0,0.0,0%-10%
12812,15526,16.0,0.0,0%-10%
12814,4610,20.0,-0.0,0%-10%
12816,5369,44.0,2.0,0%-10%
12816,11032,40.0,2.0,0%-10%
12817,11049,18.0,0.0,0%-10%
12817,12380,29.0,0.0,0%-10%
12821,10154,8.0,0.0,0%-10%
12822,2368,44.0,-0.0,0%-10%
12822,2946,16.0,0.0,0%-10%
12828,2428,16.0,-0.0,0%-10%
12828,4381,88.0,6.0,0%-10%
12828,9218,18.0,-0.0,0%-10%
12828,12070,126.0,9.0,0%-10%
12828,14815,40.0,2.0,0%-10%
12831,190,8.0,-0.0,0%-10%
12831,787,8.0,0.0,0%-10%
12831,1142,101.0,-0.0,0%-10%
12831,1632,8.0,-0.0,0%-10%
12831,2507,16.0,-0.0,0%-10%
12831,3480,16.0,-0.0,0%-10%
12831,4877,8.0,-0.0,0%-10%
12831,5049,16.0,-0.0,0%-10%
12831,6254,16.0,-0.0,0%-10%
12831,9220,8.0,-0.0,0%-10%
12831,11186,40.0,-0.0,0%-10%
12831,11729,16.0,-0.0,0%-10%
12831,12677,8.0,-0.0,0%-10%
12831,14398,8.0,-0.0,0%-10%
12831,14426,16.0,-0.0,0%-10%
12832,398,8.0,0.0,0%-10%
12832,2216,8.0,-0.0,0%-10%
12832,5897,16.0,-0.0,0%-10%
12832,7074,16.0,-0.0,0%-10%
12832,13719,16.0,-0.0,0%-10%
12832,14136,8.0,-0.0,0%-10%
12833,9453,19.0,0.0,0%-10%
12833,10519,16.0,0.0,0%-10%
12834,2345,16.0,-0.0,0%-10%
12834,9042,8.0,-0.0,0%-10%
12834,9775,44.0,2.0,0%-10%
12834,15124,16.0,-0.0,0%-10%
12839,903,16.0,-0.0,0%-10%
12839,1338,16.0,-0.0,0%-10%
12839,2127,16.0,-0.0,0%-10%
12839,2508,16.0,-0.0,0%-10%
12839,3232,16.0,-0.0,0%-10%
12839,3952,8.0,0.0,0%-10%
12839,5440,8.0,-0.0,0%-10%
12839,5631,16.0,-0.0,0%-10%
12839,6960,41.0,2.0,0%-10%
12839,7696,60.0,4.0,0%-10%
12839,8153,42.0,2.0,0%-10%
12839,8634,8.0,-0.0,0%-10%
12839,8744,16.0,-0.0,0%-10%
12839,8964,16.0,-0.0,0%-10%
12839,10063,16.0,-0.0,0%-10%
12839,13022,16.0,-0.0,0%-10%
12839,14462,16.0,-0.0,0%-10%
12842,12433,16.0,0.0,0%-10%
12845,4266,25.0,0.0,0%-10%
12845,6405,8.0,0.0,0%-10%
12846,1204,20.0,-0.0,0%-10%
12846,14323,40.0,0.0,0%-10%
12849,8907,21.0,0.0,0%-10%
12849,9145,16.0,0.0,0%-10%
12865,11151,16.0,-0.0,0%-10%
12865,11871,8.0,-0.0,0%-10%
12866,681,44.0,3.0,0%-10%
12866,883,20.0,1.0,0%-10%
12866,1124,44.0,3.0,0%-10%
12866,1618,12.0,0.0,0%-10%
12866,2959,16.0,-0.0,0%-10%
12866,3000,8.0,0.0,0%-10%
12866,3069,100.0,8.0,0%-10%
12866,4910,137.0,11.0,0%-10%
12866,4961,56.0,4.0,0%-10%
12866,4997,12.0,0.0,0%-10%
12866,5019,44.0,3.0,0%-10%
12866,5901,80.0,4.0,0%-10%
12866,6416,8.0,-0.0,0%-10%
12866,6558,18.0,-0.0,0%-10%
12866,7309,44.0,3.0,0%-10%
12866,8675,44.0,3.0,0%-10%
12866,8874,81.0,8.0,0%-10%
12866,9673,16.0,-0.0,0%-10%
12866,10160,44.0,3.0,0%-10%
12866,10651,40.0,3.0,0%-10%
12866,11100,53.0,4.0,0%-10%
12866,11876,16.0,-0.0,0%-10%
12866,12188,44.0,3.0,0%-10%
12870,14166,30.0,-0.0,0%-10%
12871,51,8.0,0.0,0%-10%
12871,10794,16.0,-0.0,0%-10%
12883,4980,20.0,0.0,0%-10%
12883,11887,8.0,-0.0,0%-10%
12883,11992,16.0,-0.0,0%-10%
12883,12176,59.0,3.0,0%-10%
12883,12382,8.0,0.0,0%-10%
12885,484,16.0,0.0,0%-10%
12885,7595,18.0,-0.0,0%-10%
12885,14306,72.0,1.0,0%-10%
12885,15139,16.0,-0.0,0%-10%
12887,1768,39.0,0.0,0%-10%
12887,13960,16.0,0.0,0%-10%
12887,14933,16.0,0.0,0%-10%
12901,1252,40.0,2.0,0%-10%
12901,1485,16.0,-0.0,0%-10%
12901,1552,16.0,-0.0,0%-10%
12901,1600,16.0,-0.0,0%-10%
12901,1626,8.0,-0.0,0%-10%
12901,1945,16.0,-0.0,0%-10%
12901,2117,16.0,-0.0,0%-10%
12901,2327,18.0,-0.0,0%-10%
12901,2336,16.0,-0.0,0%-10%
12901,3101,18.0,-0.0,0%-10%
12901,3677,8.0,-0.0,0%-10%
12901,3698,8.0,-0.0,0%-10%
12901,3945,8.0,0.0,0%-10%
12901,4007,62.0,4.0,0%-10%
12901,4314,16.0,-0.0,0%-10%
12901,4316,12.0,0.0,0%-10%
12901,4375,16.0,-0.0,0%-10%
12901,4410,16.0,-0.0,0%-10%
12901,4479,8.0,0.0,0%-10%
12901,4505,36.0,1.0,0%-10%
12901,4730,16.0,-0.0,0%-10%
12901,4857,8.0,-0.0,0%-10%
12901,5106,8.0,-0.0,0%-10%
12901,5919,16.0,-0.0,0%-10%
12901,5964,8.0,-0.0,0%-10%
12901,6344,63.0,4.0,0%-10%
12901,6837,7.0,-0.0,0%-10%
12901,7192,40.0,2.0,0%-10%
12901,7256,16.0,-0.0,0%-10%
12901,7675,8.0,-0.0,0%-10%
12901,7906,35.0,1.0,0%-10%
12901,8077,16.0,-0.0,0%-10%
12901,9663,8.0,-0.0,0%-10%
12901,9733,16.0,-0.0,0%-10%
12901,10104,8.0,-0.0,0%-10%
12901,10957,8.0,-0.0,0%-10%
12901,11395,35.0,1.0,0%-10%
12901,11810,8.0,-0.0,0%-10%
12901,11836,36.0,1.0,0%-10%
12903,2941,96.0,9.0,0%-10%
12903,5029,60.0,1.0,0%-10%
12903,10031,25.0,0.0,0%-10%
12912,3291,20.0,-0.0,0%-10%
12912,3690,16.0,0.0,0%-10%
12912,12168,8.0,0.0,0%-10%
12913,3270,8.0,0.0,0%-10%
12913,5070,8.0,1.0,10%-15%
12913,12826,44.0,6.0,10%-15%
12914,8001,16.0,0.0,0%-10%
12916,2288,44.0,2.0,0%-10%
12916,9275,20.0,0.0,0%-10%
12918,582,8.0,0.0,0%-10%
12918,2820,8.0,0.0,0%-10%
12918,3117,8.0,0.0,0%-10%
12918,3591,8.0,0.0,0%-10%
12919,7008,16.0,0.0,0%-10%
12919,7863,8.0,0.0,0%-10%
12919,8209,17.0,0.0,0%-10%
12919,13665,8.0,-0.0,0%-10%
12920,6961,44.0,2.0,0%-10%
12921,214,8.0,-0.0,0%-10%
12921,3414,8.0,-0.0,0%-10%
12921,4045,8.0,0.0,0%-10%
12921,7082,8.0,-0.0,0%-10%
12921,7500,65.0,4.0,0%-10%
12923,14415,16.0,0.0,0%-10%
12926,6763,16.0,-0.0,0%-10%
12926,12720,8.0,-0.0,0%-10%
12926,14183,8.0,0.0,0%-10%
12929,8760,8.0,0.0,0%-10%
12932,1894,64.0,-0.0,0%-10%
12934,496,8.0,0.0,0%-10%
12935,8135,18.0,0.0,0%-10%
12935,8552,16.0,0.0,0%-10%
12936,14897,16.0,0.0,0%-10%
12937,3365,8.0,0.0,0%-10%
12937,8511,8.0,0.0,0%-10%
12939,10936,8.0,1.0,10%-15%
12939,12856,16.0,3.0,15%-20%
12941,6712,16.0,0.0,0%-10%
12942,13382,30.0,-0.0,0%-10%
12943,1561,8.0,1.0,10%-15%
12944,486,121.0,6.0,0%-10%
12944,3225,18.0,-0.0,0%-10%
12944,6590,8.0,0.0,0%-10%
12944,7796,8.0,0.0,0%-10%
12946,7446,16.0,-0.0,0%-10%
12946,9314,16.0,-0.0,0%-10%
12946,9661,113.0,-0.0,0%-10%
12946,10121,8.0,-0.0,0%-10%
12946,10809,16.0,-0.0,0%-10%
12946,12546,8.0,0.0,0%-10%
12946,12632,24.0,-0.0,0%-10%
12950,2539,16.0,0.0,0%-10%
12950,5418,16.0,0.0,0%-10%
12953,11,20.0,0.0,0%-10%
12953,1783,26.0,0.0,0%-10%
12953,3247,40.0,2.0,0%-10%
12953,4044,48.0,2.0,0%-10%
12953,4896,8.0,-0.0,0%-10%
12953,8253,8.0,-0.0,0%-10%
12953,9790,16.0,-0.0,0%-10%
12953,10242,16.0,-0.0,0%-10%
12953,11489,8.0,0.0,0%-10%
12953,11707,8.0,-0.0,0%-10%
12953,12675,16.0,-0.0,0%-10%
12953,13091,16.0,-0.0,0%-10%
12953,13648,97.0,7.0,0%-10%
12953,14814,16.0,-0.0,0%-10%
12956,6357,20.0,-0.0,0%-10%
12958,1293,16.0,0.0,0%-10%
12958,8688,16.0,0.0,0%-10%
12959,9099,8.0,0.0,0%-10%
12960,12023,16.0,-0.0,0%-10%
12962,571,50.0,0.0,0%-10%
12962,969,8.0,-0.0,0%-10%
12962,2635,8.0,0.0,0%-10%
12962,6653,8.0,-0.0,0%-10%
12962,8913,8.0,-0.0,0%-10%
12962,10658,16.0,0.0,0%-10%
12962,14752,16.0,0.0,0%-10%
12962,15442,8.0,-0.0,0%-10%
12972,339,16.0,0.0,0%-10%
12972,994,16.0,0.0,0%-10%
12972,6538,16.0,0.0,0%-10%
12972,11834,40.0,0.0,0%-10%
12974,1644,44.0,0.0,0%-10%
12974,2154,10.0,0.0,0%-10%
12977,6974,40.0,0.0,0%-10%
12979,4399,136.0,23.0,15%-20%
12981,4647,50.0,5.0,0%-10%
12981,7668,16.0,-0.0,0%-10%
12981,8004,40.0,1.0,0%-10%
12981,9699,8.0,-0.0,0%-10%
12981,13949,20.0,0.0,0%-10%
12983,3996,55.0,0.0,0%-10%
12983,5605,16.0,0.0,0%-10%
12983,6549,16.0,0.0,0%-10%
12983,7399,40.0,0.0,0%-10%
12983,10103,39.0,0.0,0%-10%
12983,10293,27.0,0.0,0%-10%
12983,10454,8.0,-0.0,0%-10%
12985,89,16.0,2.0,10%-15%
12985,1191,8.0,-0.0,0%-10%
12985,11407,16.0,2.0,10%-15%
12986,2989,8.0,-0.0,0%-10%
12986,3402,8.0,0.0,0%-10%
12986,5744,38.0,1.0,0%-10%
12986,7642,8.0,0.0,0%-10%
12986,9852,8.0,0.0,0%-10%
12986,10023,16.0,-0.0,0%-10%
12986,10697,18.0,-0.0,0%-10%
12986,12424,16.0,-0.0,0%-10%
12986,13942,8.0,0.0,0%-10%
12992,3719,8.0,0.0,0%-10%
12992,5935,8.0,-0.0,0%-10%
12992,7777,16.0,-0.0,0%-10%
12992,8753,16.0,-0.0,0%-10%
12993,215,44.0,-0.0,0%-10%
12993,2755,8.0,0.0,0%-10%
12993,4777,40.0,0.0,0%-10%
12996,13338,35.0,0.0,0%-10%
13020,14521,8.0,0.0,0%-10%
13021,63,100.0,8.0,0%-10%
13021,736,20.0,1.0,0%-10%
13021,1708,100.0,8.0,0%-10%
13021,2160,79.0,6.0,0%-10%
13021,2165,42.0,3.0,0%-10%
13021,2241,8.0,-0.0,0%-10%
13021,3788,16.0,-0.0,0%-10%
13021,4911,20.0,1.0,0%-10%
13021,5091,152.0,13.0,0%-10%
13021,5506,42.0,3.0,0%-10%
13021,5747,132.0,11.0,0%-10%
13021,6160,199.0,17.0,0%-10%
13021,6181,16.0,-0.0,0%-10%
13021,6334,16.0,-0.0,0%-10%
13021,6442,8.0,-0.0,0%-10%
13021,7837,8.0,-0.0,0%-10%
13021,8331,100.0,8.0,0%-10%
13021,8487,8.0,-0.0,0%-10%
13021,8830,137.0,11.0,0%-10%
13021,8952,12.0,0.0,0%-10%
13021,9505,16.0,-0.0,0%-10%
13021,9842,8.0,0.0,0%-10%
13021,10028,16.0,-0.0,0%-10%
13021,11316,8.0,-0.0,0%-10%
13021,11775,20.0,1.0,0%-10%
13021,12035,100.0,8.0,0%-10%
13021,12050,8.0,-0.0,0%-10%
13021,12877,16.0,-0.0,0%-10%
13021,13546,8.0,-0.0,0%-10%
13021,13757,16.0,-0.0,0%-10%
13021,13863,100.0,9.0,0%-10%
13021,13945,42.0,4.0,0%-10%
13027,243,8.0,0.0,0%-10%
13027,450,8.0,-0.0,0%-10%
13027,1530,75.0,6.0,0%-10%
13027,1547,16.0,-0.0,0%-10%
13027,3736,57.0,4.0,0%-10%
13027,4280,8.0,-0.0,0%-10%
13027,5566,8.0,-0.0,0%-10%
13027,5962,16.0,-0.0,0%-10%
13027,6227,44.0,4.0,0%-10%
13027,6473,55.0,5.0,0%-10%
13027,6816,70.0,6.0,0%-10%
13027,7349,50.0,5.0,0%-10%
13027,8371,8.0,-0.0,0%-10%
13027,8415,112.0,10.0,0%-10%
13027,10131,16.0,1.0,0%-10%
13027,10448,88.0,8.0,0%-10%
13027,10898,40.0,4.0,0%-10%
13027,11646,8.0,-0.0,0%-10%
13027,12768,16.0,1.0,0%-10%
13027,13619,8.0,-0.0,0%-10%
13027,14482,8.0,-0.0,0%-10%
13027,14597,124.0,11.0,0%-10%
13027,15561,16.0,1.0,0%-10%
13029,2902,16.0,-0.0,0%-10%
13029,14928,60.0,2.0,0%-10%
13030,8374,8.0,0.0,0%-10%
13030,8757,8.0,0.0,0%-10%
13031,1862,60.0,0.0,0%-10%
13031,2084,87.0,8.0,0%-10%
13031,3417,16.0,0.0,0%-10%
13031,7609,16.0,-0.0,0%-10%
13031,7975,8.0,0.0,0%-10%
13031,8904,84.0,8.0,0%-10%
13031,10539,67.0,2.0,0%-10%
13031,11161,8.0,-0.0,0%-10%
13032,98,12.0,0.0,0%-10%
13032,735,54.0,0.0,0%-10%
13032,2834,8.0,0.0,0%-10%
13032,4477,8.0,-0.0,0%-10%
13032,4807,16.0,0.0,0%-10%
13032,5595,45.0,0.0,0%-10%
13032,6729,47.0,-0.0,0%-10%
13032,7188,16.0,-0.0,0%-10%
13032,8439,16.0,0.0,0%-10%
13033,101,130.0,0.0,0%-10%
13033,3708,16.0,0.0,0%-10%
13033,4166,16.0,0.0,0%-10%
13033,6597,8.0,0.0,0%-10%
13033,7951,17.0,0.0,0%-10%
13033,8377,8.0,-0.0,0%-10%
13035,11349,98.0,7.0,0%-10%
13035,11841,98.0,7.0,0%-10%
13035,14086,40.0,2.0,0%-10%
13036,588,8.0,-0.0,0%-10%
13036,6174,70.0,7.0,0%-10%
13036,11770,100.0,10.0,0%-10%
13036,14520,60.0,7.0,10%-15%
13037,2563,16.0,2.0,10%-15%
13037,6052,12.0,1.0,0%-10%
13037,7664,8.0,1.0,10%-15%
13037,7717,14.0,2.0,10%-15%
13037,7798,8.0,-0.0,0%-10%
13037,8240,73.0,10.0,10%-15%
13037,9816,8.0,-0.0,0%-10%
13037,13098,8.0,-0.0,0%-10%
13037,14544,16.0,2.0,10%-15%
13039,6525,164.0,16.0,0%-10%
13039,6884,60.0,6.0,0%-10%
13039,7035,174.0,26.0,10%-15%
13039,7646,8.0,-0.0,0%-10%
13039,8646,8.0,-0.0,0%-10%
13039,9125,8.0,-0.0,0%-10%
13039,11143,8.0,-0.0,0%-10%
13039,12837,112.0,11.0,0%-10%
13039,13008,44.0,4.0,0%-10%
13039,14446,8.0,0.0,0%-10%
13039,14655,33.0,4.0,10%-15%
13041,2194,8.0,-0.0,0%-10%
13041,2781,8.0,-0.0,0%-10%
13041,4926,8.0,-0.0,0%-10%
13041,5017,16.0,0.0,0%-10%
13041,7891,16.0,-0.0,0%-10%
13041,8517,8.0,0.0,0%-10%
13041,10942,8.0,-0.0,0%-10%
13041,11416,198.0,11.0,0%-10%
13041,12669,16.0,-0.0,0%-10%
13041,15568,16.0,-0.0,0%-10%
13044,4195,8.0,0.0,0%-10%
13044,10100,63.0,4.0,0%-10%
13044,12156,8.0,0.0,0%-10%
13045,12,85.0,-0.0,0%-10%
13045,157,8.0,-0.0,0%-10%
13045,511,16.0,-0.0,0%-10%
13045,741,84.0,-0.0,0%-10%
13045,1320,42.0,2.0,0%-10%
13045,1337,62.0,4.0,0%-10%
13045,2074,115.0,-0.0,0%-10%
13045,2207,40.0,2.0,0%-10%
13045,2398,13.0,0.0,0%-10%
13045,2660,8.0,0.0,0%-10%
13045,3544,12.0,0.0,0%-10%
13045,3810,108.0,8.0,0%-10%
13045,4957,40.0,3.0,0%-10%
13045,6592,48.0,3.0,0%-10%
13045,7375,8.0,-0.0,0%-10%
13045,8474,36.0,2.0,0%-10%
13045,8863,27.0,-0.0,0%-10%
13045,9844,16.0,-0.0,0%-10%
13045,11281,8.0,-0.0,0%-10%
13045,11373,58.0,4.0,0%-10%
13045,11713,24.0,-0.0,0%-10%
13045,11787,70.0,-0.0,0%-10%
13045,12134,8.0,-0.0,0%-10%
13045,13217,8.0,-0.0,0%-10%
13052,10590,8.0,0.0,0%-10%
13053,777,20.0,-0.0,0%-10%
13053,1272,68.0,-0.0,0%-10%
13053,10146,16.0,-0.0,0%-10%
13053,10879,82.0,-0.0,0%-10%
13054,2883,8.0,0.0,0%-10%
13054,8875,8.0,0.0,0%-10%
13054,9471,8.0,0.0,0%-10%
13054,13948,50.0,-0.0,0%-10%
13057,685,16.0,1.0,0%-10%
13057,733,14.0,0.0,0%-10%
13057,752,8.0,0.0,0%-10%
13057,3111,8.0,0.0,0%-10%
13057,4297,8.0,0.0,0%-10%
13057,5083,8.0,-0.0,0%-10%
13057,5872,100.0,10.0,0%-10%
13057,6342,135.0,12.0,0%-10%
13057,6928,40.0,4.0,0%-10%
13057,7092,8.0,0.0,0%-10%
13057,8202,40.0,4.0,0%-10%
13057,10033,82.0,8.0,0%-10%
13057,10069,16.0,1.0,0%-10%
13057,10397,16.0,1.0,0%-10%
13057,10470,16.0,1.0,0%-10%
13057,12513,116.0,11.0,0%-10%
13057,13923,16.0,1.0,0%-10%
13057,14288,8.0,0.0,0%-10%
13060,1730,24.0,-0.0,0%-10%
13060,8350,16.0,-0.0,0%-10%
13060,9274,5.0,0.0,0%-10%
13060,13802,16.0,-0.0,0%-10%
13063,1053,8.0,0.0,0%-10%
13063,2762,8.0,0.0,0%-10%
13063,7380,40.0,0.0,0%-10%
13066,3077,36.0,3.0,0%-10%
13066,3160,30.0,0.0,0%-10%
13066,8851,115.0,11.0,0%-10%
13066,10415,60.0,6.0,0%-10%
13066,11165,50.0,5.0,0%-10%
13066,11327,87.0,8.0,0%-10%
13068,865,73.0,4.0,0%-10%
13068,3597,16.0,-0.0,0%-10%
13068,5313,16.0,-0.0,0%-10%
13068,6935,8.0,0.0,0%-10%
13068,8160,16.0,-0.0,0%-10%
13069,499,75.0,5.0,0%-10%
13069,1224,18.0,-0.0,0%-10%
13069,2183,8.0,-0.0,0%-10%
13069,3569,8.0,0.0,0%-10%
13069,3699,8.0,-0.0,0%-10%
13069,4336,60.0,4.0,0%-10%
13069,4977,8.0,-0.0,0%-10%
13069,6885,8.0,-0.0,0%-10%
13069,7211,60.0,4.0,0%-10%
13069,7237,72.0,-0.0,0%-10%
13069,8248,50.0,3.0,0%-10%
13069,14730,16.0,-0.0,0%-10%
13069,15013,50.0,3.0,0%-10%
13069,15286,50.0,3.0,0%-10%
13069,15314,72.0,-0.0,0%-10%
13071,9930,16.0,0.0,0%-10%
13073,2172,16.0,0.0,0%-10%
13073,2999,16.0,0.0,0%-10%
13073,6298,8.0,0.0,0%-10%
13073,6829,60.0,0.0,0%-10%
13073,6996,7.0,0.0,0%-10%
13073,7621,40.0,0.0,0%-10%
13074,7324,16.0,-0.0,0%-10%
13074,9277,8.0,-0.0,0%-10%
13074,13597,16.0,-0.0,0%-10%
13076,16,8.0,0.0,0%-10%
13076,3648,8.0,0.0,0%-10%
13077,3471,8.0,-0.0,0%-10%
13077,5368,16.0,-0.0,0%-10%
13077,6364,30.0,1.0,0%-10%
13077,8764,30.0,1.0,0%-10%
13077,8986,8.0,0.0,0%-10%
13077,11297,16.0,-0.0,0%-10%
13077,12138,8.0,-0.0,0%-10%
13078,2778,16.0,0.0,0%-10%
13078,11579,8.0,0.0,0%-10%
13080,10564,16.0,0.0,0%-10%
13080,14729,8.0,0.0,0%-10%
13084,1245,8.0,-0.0,0%-10%
13084,8251,35.0,0.0,0%-10%
13084,10922,8.0,0.0,0%-10%
13084,13104,40.0,0.0,0%-10%
13088,141,125.0,9.0,0%-10%
13088,1020,162.0,13.0,0%-10%
13088,1539,155.0,12.0,0%-10%
13088,5020,86.0,-0.0,0%-10%
13088,6253,60.0,4.0,0%-10%
13088,8700,8.0,-0.0,0%-10%
13088,9773,66.0,4.0,0%-10%
13088,10300,14.0,0.0,0%-10%
13088,10433,156.0,12.0,0%-10%
13088,11631,8.0,0.0,0%-10%
13088,13427,8.0,0.0,0%-10%
13090,105,160.0,14.0,0%-10%
13090,340,8.0,-0.0,0%-10%
13090,1396,8.0,0.0,0%-10%
13090,2020,8.0,-0.0,0%-10%
13090,3250,60.0,5.0,0%-10%
13090,4077,150.0,13.0,0%-10%
13090,4171,8.0,-0.0,0%-10%
13090,4604,8.0,-0.0,0%-10%
13090,4632,138.0,11.0,0%-10%
13090,5380,8.0,-0.0,0%-10%
13090,5666,172.0,15.0,0%-10%
13090,7147,60.0,5.0,0%-10%
13090,7669,8.0,-0.0,0%-10%
13090,8115,40.0,3.0,0%-10%
13090,8606,79.0,7.0,0%-10%
13090,11023,50.0,5.0,0%-10%
13090,11526,94.0,8.0,0%-10%
13090,11909,8.0,-0.0,0%-10%
13090,12684,6.0,0.0,0%-10%
13090,14015,70.0,6.0,0%-10%
13090,15547,16.0,1.0,0%-10%
13092,84,8.0,0.0,0%-10%
13101,3499,8.0,0.0,0%-10%
13101,10827,8.0,-0.0,0%-10%
13101,10861,12.0,0.0,0%-10%
13101,11222,16.0,-0.0,0%-10%
13101,11614,20.0,0.0,0%-10%
13104,653,8.0,0.0,0%-10%
13104,3590,16.0,0.0,0%-10%
13104,4039,8.0,-0.0,0%-10%
13104,7061,8.0,-0.0,0%-10%
13104,9538,211.0,21.0,0%-10%
13104,9834,16.0,0.0,0%-10%
13104,10812,171.0,17.0,0%-10%
13104,13542,80.0,4.0,0%-10%
13108,3310,53.0,3.0,0%-10%
13108,3820,16.0,-0.0,0%-10%
13108,4521,50.0,3.0,0%-10%
13108,5596,30.0,1.0,0%-10%
13112,10407,8.0,0.0,0%-10%
13114,2112,59.0,5.0,0%-10%
13114,6318,16.0,-0.0,0%-10%
13114,10013,14.0,0.0,0%-10%
13114,15500,8.0,-0.0,0%-10%
13116,4158,28.0,-0.0,0%-10%
13116,5230,16.0,-0.0,0%-10%
13116,9167,8.0,0.0,0%-10%
13116,10137,60.0,4.0,0%-10%
13118,4991,8.0,-0.0,0%-10%
13118,6771,23.0,-0.0,0%-10%
13118,6995,37.0,1.0,0%-10%
13118,13673,16.0,-0.0,0%-10%
13120,12525,16.0,-0.0,0%-10%
13120,13782,28.0,-0.0,0%-10%
13126,585,16.0,-0.0,0%-10%
13126,707,8.0,-0.0,0%-10%
13126,2222,16.0,-0.0,0%-10%
13126,2776,52.0,3.0,0%-10%
13126,3112,8.0,0.0,0%-10%
13126,4549,8.0,-0.0,0%-10%
13126,5378,8.0,-0.0,0%-10%
13126,5514,8.0,-0.0,0%-10%
13126,5563,22.0,-0.0,0%-10%
13126,5940,16.0,-0.0,0%-10%
13126,7046,78.0,5.0,0%-10%
13126,9014,8.0,-0.0,0%-10%
13126,9728,8.0,-0.0,0%-10%
13126,9832,50.0,3.0,0%-10%
13126,11398,8.0,-0.0,0%-10%
13126,11425,8.0,-0.0,0%-10%
13126,12018,50.0,3.0,0%-10%
13126,12238,56.0,3.0,0%-10%
13126,12307,8.0,-0.0,0%-10%
13126,12746,8.0,-0.0,0%-10%
13126,13182,50.0,3.0,0%-10%
13126,14357,105.0,7.0,0%-10%
13126,14669,30.0,1.0,0%-10%
13131,2042,8.0,0.0,0%-10%
13132,8095,8.0,0.0,0%-10%
13135,6223,86.0,8.0,0%-10%
13135,10613,16.0,0.0,0%-10%
13135,10648,50.0,-0.0,0%-10%
13135,12872,12.0,0.0,0%-10%
13135,13424,80.0,1.0,0%-10%
13142,227,16.0,-0.0,0%-10%
13142,3680,16.0,-0.0,0%-10%
13142,10222,16.0,-0.0,0%-10%
13142,13412,8.0,-0.0,0%-10%
13143,7320,166.0,13.0,0%-10%
13145,8814,8.0,-0.0,0%-10%
13145,10331,8.0,0.0,0%-10%
13145,14514,50.0,3.0,0%-10%
13146,2871,16.0,-0.0,0%-10%
13146,3339,8.0,-0.0,0%-10%
13148,2021,8.0,-0.0,0%-10%
13148,5809,16.0,0.0,0%-10%
13148,9176,50.0,3.0,0%-10%
13148,10369,61.0,6.0,0%-10%
13148,11261,76.0,7.0,0%-10%
13148,11755,8.0,0.0,0%-10%
13148,12190,8.0,0.0,0%-10%
13148,12327,8.0,0.0,0%-10%
13152,4763,16.0,3.0,15%-20%
13152,11238,104.0,15.0,10%-15%
13152,11978,90.0,18.0,15%-20%
13153,7749,8.0,0.0,0%-10%
13155,14925,10.0,0.0,0%-10%
13159,1085,8.0,-0.0,0%-10%
13159,4583,16.0,-0.0,0%-10%
13159,8786,8.0,0.0,0%-10%
13159,8950,98.0,7.0,0%-10%
13159,13223,16.0,-0.0,0%-10%
13160,12601,10.0,-0.0,0%-10%
13160,14423,16.0,-0.0,0%-10%
13164,992,16.0,-0.0,0%-10%
13165,940,54.0,0.0,0%-10%
13165,4052,71.0,-0.0,0%-10%
13165,8066,8.0,0.0,0%-10%
13165,8854,8.0,0.0,0%-10%
13165,9003,16.0,0.0,0%-10%
13165,9069,8.0,0.0,0%-10%
13165,12080,8.0,0.0,0%-10%
13165,12557,8.0,0.0,0%-10%
13165,13157,37.0,0.0,0%-10%
13166,4703,25.0,0.0,0%-10%
13166,8048,7.0,-0.0,0%-10%
13166,12626,16.0,-0.0,0%-10%
13167,11233,20.0,0.0,0%-10%
13202,622,8.0,0.0,0%-10%
13202,5911,8.0,-0.0,0%-10%
13202,7377,94.0,11.0,10%-15%
13202,7757,134.0,20.0,10%-15%
13202,9946,8.0,-0.0,0%-10%
13203,570,90.0,6.0,0%-10%
13203,3035,8.0,-0.0,0%-10%
13203,3418,16.0,-0.0,0%-10%
13203,3865,106.0,7.0,0%-10%
13203,3934,8.0,0.0,0%-10%
13203,6821,34.0,0.0,0%-10%
13203,6915,8.0,-0.0,0%-10%
13203,7634,52.0,3.0,0%-10%
13203,8070,8.0,-0.0,0%-10%
13203,9007,16.0,-0.0,0%-10%
13203,9940,46.0,2.0,0%-10%
13203,10012,16.0,-0.0,0%-10%
13203,11971,16.0,-0.0,0%-10%
13203,12581,15.0,-0.0,0%-10%
13203,12868,40.0,2.0,0%-10%
13203,14027,16.0,-0.0,0%-10%
13203,14359,8.0,-0.0,0%-10%
13203,14743,16.0,-0.0,0%-10%
13203,15316,8.0,-0.0,0%-10%
13204,342,8.0,-0.0,0%-10%
13204,383,16.0,-0.0,0%-10%
13204,1489,16.0,-0.0,0%-10%
13204,1712,26.0,1.0,0%-10%
13204,1785,13.0,0.0,0%-10%
13204,2627,8.0,-0.0,0%-10%
13204,2644,5.0,0.0,0%-10%
13204,3016,8.0,-0.0,0%-10%
13204,3361,12.0,0.0,0%-10%
13204,3611,16.0,-0.0,0%-10%
13204,4677,192.0,19.0,0%-10%
13204,4756,14.0,0.0,0%-10%
13204,5462,12.0,0.0,0%-10%
13204,6183,8.0,-0.0,0%-10%
13204,6224,72.0,7.0,0%-10%
13204,7127,8.0,-0.0,0%-10%
13204,8034,8.0,0.0,0%-10%
13204,8713,72.0,-0.0,0%-10%
13204,8979,8.0,-0.0,0%-10%
13204,11519,12.0,0.0,0%-10%
13204,11689,8.0,-0.0,0%-10%
13204,12124,16.0,-0.0,0%-10%
13204,12329,16.0,-0.0,0%-10%
13204,12810,16.0,-0.0,0%-10%
13204,12902,8.0,-0.0,0%-10%
13204,12983,8.0,0.0,0%-10%
13204,13452,8.0,-0.0,0%-10%
13204,13586,16.0,-0.0,0%-10%
13204,13722,16.0,-0.0,0%-10%
13204,13821,16.0,-0.0,0%-10%
13204,14188,8.0,-0.0,0%-10%
13204,14416,84.0,7.0,0%-10%
13204,14650,44.0,4.0,0%-10%
13204,14909,8.0,-0.0,0%-10%
13204,14967,16.0,1.0,0%-10%
13204,15294,67.0,6.0,0%-10%
13205,1461,8.0,-0.0,0%-10%
13205,1760,8.0,-0.0,0%-10%
13205,2904,16.0,-0.0,0%-10%
13205,3233,40.0,2.0,0%-10%
13205,3536,8.0,-0.0,0%-10%
13205,3620,8.0,-0.0,0%-10%
13205,3904,8.0,0.0,0%-10%
13205,4057,51.0,3.0,0%-10%
13205,4430,16.0,-0.0,0%-10%
13205,6360,16.0,-0.0,0%-10%
13205,6492,14.0,0.0,0%-10%
13205,7644,16.0,-0.0,0%-10%
13205,8703,16.0,-0.0,0%-10%
13205,9117,16.0,-0.0,0%-10%
13205,9557,8.0,-0.0,0%-10%
13205,9855,14.0,-0.0,0%-10%
13205,10410,16.0,-0.0,0%-10%
13205,11072,130.0,10.0,0%-10%
13205,11413,16.0,-0.0,0%-10%
13205,11916,7.0,-0.0,0%-10%
13205,12767,8.0,0.0,0%-10%
13205,13279,8.0,-0.0,0%-10%
13205,13461,8.0,-0.0,0%-10%
13205,13535,16.0,-0.0,0%-10%
13205,13711,16.0,-0.0,0%-10%
13205,13723,8.0,-0.0,0%-10%
13205,14314,12.0,0.0,0%-10%
13205,14378,16.0,-0.0,0%-10%
13205,14583,16.0,-0.0,0%-10%
13205,14654,16.0,-0.0,0%-10%
13205,15054,8.0,-0.0,0%-10%
13205,15058,12.0,0.0,0%-10%
13205,15198,16.0,-0.0,0%-10%
13206,1420,8.0,0.0,0%-10%
13206,4622,16.0,1.0,0%-10%
13206,5166,14.0,1.0,0%-10%
13206,5714,8.0,0.0,0%-10%
13206,5970,8.0,0.0,0%-10%
13206,6546,16.0,2.0,10%-15%
13206,7381,8.0,0.0,0%-10%
13206,8018,74.0,11.0,10%-15%
13206,9034,8.0,0.0,0%-10%
13206,9393,14.0,1.0,0%-10%
13206,9480,12.0,0.0,0%-10%
13206,10184,8.0,0.0,0%-10%
13206,10923,8.0,0.0,0%-10%
13206,13126,8.0,0.0,0%-10%
13206,14090,10.0,0.0,0%-10%
13206,14453,8.0,0.0,0%-10%
13206,14688,8.0,0.0,0%-10%
13206,14710,8.0,0.0,0%-10%
13206,15412,8.0,0.0,0%-10%
13207,1225,16.0,-0.0,0%-10%
13207,3691,16.0,-0.0,0%-10%
13207,4038,14.0,0.0,0%-10%
13207,4951,14.0,0.0,0%-10%
13207,5229,8.0,0.0,0%-10%
13207,6586,8.0,0.0,0%-10%
13207,6669,16.0,-0.0,0%-10%
13207,7945,16.0,-0.0,0%-10%
13207,8536,8.0,0.0,0%-10%
13207,9681,8.0,0.0,0%-10%
13207,10526,71.0,-0.0,0%-10%
13207,10820,16.0,-0.0,0%-10%
13207,11308,10.0,-0.0,0%-10%
13207,12091,16.0,-0.0,0%-10%
13207,12664,44.0,2.0,0%-10%
13207,13085,32.0,1.0,0%-10%
13207,13369,44.0,2.0,0%-10%
13207,13650,12.0,0.0,0%-10%
13207,14150,8.0,0.0,0%-10%
13207,14219,8.0,0.0,0%-10%
13207,14485,8.0,0.0,0%-10%
13207,14898,16.0,-0.0,0%-10%
13207,15352,8.0,0.0,0%-10%
13208,1121,52.0,3.0,0%-10%
13208,1157,16.0,-0.0,0%-10%
13208,1647,14.0,0.0,0%-10%
13208,2107,165.0,13.0,0%-10%
13208,2307,16.0,-0.0,0%-10%
13208,3014,16.0,-0.0,0%-10%
13208,4279,16.0,-0.0,0%-10%
13208,4744,16.0,-0.0,0%-10%
13208,6231,42.0,3.0,0%-10%
13208,6554,40.0,3.0,0%-10%
13208,6673,36.0,2.0,0%-10%
13208,7288,8.0,-0.0,0%-10%
13208,7526,8.0,0.0,0%-10%
13208,8019,8.0,-0.0,0%-10%
13208,8119,16.0,-0.0,0%-10%
13208,10753,14.0,0.0,0%-10%
13208,12047,14.0,-0.0,0%-10%
13208,12065,8.0,-0.0,0%-10%
13208,12621,8.0,-0.0,0%-10%
13208,12742,8.0,-0.0,0%-10%
13208,13358,8.0,-0.0,0%-10%
13208,13779,8.0,-0.0,0%-10%
13208,13801,16.0,-0.0,0%-10%
13208,13814,8.0,-0.0,0%-10%
13208,14979,8.0,-0.0,0%-10%
13208,15119,16.0,-0.0,0%-10%
13208,15120,16.0,-0.0,0%-10%
13208,15320,8.0,-0.0,0%-10%
13208,15509,16.0,-0.0,0%-10%
13209,365,16.0,-0.0,0%-10%
13209,2840,8.0,-0.0,0%-10%
13209,2934,80.0,-0.0,0%-10%
13209,7462,105.0,-0.0,0%-10%
13209,11132,8.0,0.0,0%-10%
13209,14238,8.0,-0.0,0%-10%
13209,14491,8.0,-0.0,0%-10%
13210,993,40.0,-0.0,0%-10%
13210,1163,140.0,-0.0,0%-10%
13210,1608,8.0,-0.0,0%-10%
13210,3461,8.0,-0.0,0%-10%
13210,4617,8.0,-0.0,0%-10%
13210,5871,8.0,-0.0,0%-10%
13210,6953,12.0,0.0,0%-10%
13210,9678,8.0,-0.0,0%-10%
13210,10391,8.0,0.0,0%-10%
13210,11006,16.0,-0.0,0%-10%
13210,12889,49.0,-0.0,0%-10%
13210,15441,8.0,-0.0,0%-10%
13211,2574,8.0,-0.0,0%-10%
13211,11410,36.0,3.0,0%-10%
13211,12896,8.0,-0.0,0%-10%
13211,13372,16.0,1.0,0%-10%
13211,15409,8.0,0.0,0%-10%
13212,493,8.0,-0.0,0%-10%
13212,1011,8.0,-0.0,0%-10%
13212,1118,8.0,-0.0,0%-10%
13212,1286,8.0,0.0,0%-10%
13212,1854,8.0,-0.0,0%-10%
13212,4107,48.0,3.0,0%-10%
13212,5391,128.0,19.0,10%-15%
13212,6259,16.0,-0.0,0%-10%
13212,8691,16.0,-0.0,0%-10%
13212,9321,8.0,-0.0,0%-10%
13212,9374,8.0,-0.0,0%-10%
13212,10797,8.0,-0.0,0%-10%
13212,11866,16.0,-0.0,0%-10%
13212,12815,60.0,6.0,0%-10%
13212,14169,8.0,-0.0,0%-10%
13212,14389,8.0,-0.0,0%-10%
13212,14588,8.0,-0.0,0%-10%
13212,14803,16.0,0.0,0%-10%
13214,2582,105.0,8.0,0%-10%
13214,3109,8.0,0.0,0%-10%
13214,4668,16.0,0.0,0%-10%
13214,6703,165.0,16.0,0%-10%
13214,7223,44.0,-0.0,0%-10%
13214,10420,8.0,-0.0,0%-10%
13214,10487,8.0,-0.0,0%-10%
13214,10675,16.0,0.0,0%-10%
13214,12464,8.0,-0.0,0%-10%
13215,2007,112.0,0.0,0%-10%
13215,4985,108.0,0.0,0%-10%
13215,5442,16.0,0.0,0%-10%
13215,9319,82.0,0.0,0%-10%
13215,15092,8.0,0.0,0%-10%
13215,15554,70.0,0.0,0%-10%
13219,186,8.0,0.0,0%-10%
13219,2423,8.0,-0.0,0%-10%
13219,6600,40.0,0.0,0%-10%
13219,11747,91.0,9.0,0%-10%
13219,13183,8.0,-0.0,0%-10%
13219,15137,87.0,6.0,0%-10%
13224,942,240.0,5.0,0%-10%
13224,1605,16.0,0.0,0%-10%
13224,3244,16.0,0.0,0%-10%
13224,3340,172.0,-0.0,0%-10%
13224,3776,8.0,-0.0,0%-10%
13224,4367,16.0,0.0,0%-10%
13224,6573,16.0,0.0,0%-10%
13224,8385,16.0,0.0,0%-10%
13224,11861,106.0,-0.0,0%-10%
13224,12534,16.0,0.0,0%-10%
13224,13607,65.0,-0.0,0%-10%
13224,13915,12.0,0.0,0%-10%
13244,1553,47.0,-0.0,0%-10%
13244,11094,64.0,-0.0,0%-10%
13303,14343,8.0,0.0,0%-10%
13304,804,8.0,0.0,0%-10%
13304,6354,16.0,-0.0,0%-10%
13309,606,8.0,0.0,0%-10%
13309,5420,8.0,0.0,0%-10%
13309,10275,8.0,0.0,0%-10%
13309,13753,8.0,0.0,0%-10%
13315,9076,30.0,2.0,0%-10%
13315,14844,8.0,0.0,0%-10%
13316,509,42.0,2.0,0%-10%
13316,11842,8.0,-0.0,0%-10%
13316,14753,16.0,-0.0,0%-10%
13317,12042,16.0,0.0,0%-10%
13317,12405,8.0,0.0,0%-10%
13318,8357,8.0,0.0,0%-10%
13319,2750,8.0,0.0,0%-10%
13321,1211,16.0,0.0,0%-10%
13323,0,8.0,0.0,0%-10%
13323,2249,18.0,0.0,0%-10%
13323,5193,57.0,0.0,0%-10%
13323,9073,8.0,-0.0,0%-10%
13323,9764,106.0,0.0,0%-10%
13323,10777,60.0,0.0,0%-10%
13323,12538,31.0,0.0,0%-10%
13326,2600,180.0,18.0,0%-10%
13326,11559,15.0,2.0,10%-15%
13327,13033,8.0,0.0,0%-10%
13329,7518,8.0,-0.0,0%-10%
13329,12921,8.0,0.0,0%-10%
13329,15237,10.0,-0.0,0%-10%
13332,12883,8.0,0.0,0%-10%
13338,13830,8.0,0.0,0%-10%
13339,13143,80.0,0.0,0%-10%
13340,5698,8.0,1.0,10%-15%
13340,9709,8.0,-0.0,0%-10%
13340,11766,16.0,2.0,10%-15%
13340,12258,40.0,6.0,10%-15%
13340,14904,8.0,-0.0,0%-10%
13343,13221,16.0,0.0,0%-10%
13346,431,8.0,-0.0,0%-10%
13346,1881,90.0,6.0,0%-10%
13346,7936,40.0,2.0,0%-10%
13346,15361,8.0,0.0,0%-10%
13348,14811,8.0,0.0,0%-10%
13350,1983,36.0,1.0,0%-10%
13350,4741,40.0,2.0,0%-10%
13350,11468,8.0,0.0,0%-10%
13350,12490,8.0,-0.0,0%-10%
13350,14551,43.0,2.0,0%-10%
13355,6588,8.0,0.0,0%-10%
13355,8962,8.0,0.0,0%-10%
13357,2324,8.0,0.0,0%-10%
13357,2547,8.0,0.0,0%-10%
13357,2844,16.0,-0.0,0%-10%
13357,3385,16.0,-0.0,0%-10%
13357,5327,8.0,0.0,0%-10%
13357,5344,16.0,-0.0,0%-10%
13357,6511,16.0,-0.0,0%-10%
13357,7861,8.0,0.0,0%-10%
13357,10561,12.0,0.0,0%-10%
13357,11391,16.0,-0.0,0%-10%
13357,11592,8.0,-0.0,0%-10%
13357,14004,8.0,0.0,0%-10%
13357,14616,8.0,0.0,0%-10%
13365,2089,14.0,0.0,0%-10%
13365,2900,8.0,0.0,0%-10%
13365,5117,8.0,-0.0,0%-10%
13365,9779,71.0,0.0,0%-10%
13365,9880,16.0,0.0,0%-10%
13365,10054,16.0,0.0,0%-10%
13365,12366,8.0,-0.0,0%-10%
13365,12483,43.0,0.0,0%-10%
13367,414,16.0,-0.0,0%-10%
13367,4079,29.0,-0.0,0%-10%
13367,10251,8.0,-0.0,0%-10%
13367,10262,80.0,8.0,0%-10%
13367,10349,72.0,3.0,0%-10%
13367,10712,8.0,0.0,0%-10%
13367,13185,16.0,-0.0,0%-10%
13367,13490,16.0,-0.0,0%-10%
13367,14890,16.0,1.0,0%-10%
13368,1216,8.0,0.0,0%-10%
13368,5892,30.0,-0.0,0%-10%
13402,12929,10.0,0.0,0%-10%
13403,2623,96.0,-0.0,0%-10%
13403,4254,16.0,-0.0,0%-10%
13403,5153,8.0,-0.0,0%-10%
13403,14195,16.0,-0.0,0%-10%
13407,3083,16.0,-0.0,0%-10%
13407,8342,35.0,1.0,0%-10%
13407,12820,16.0,-0.0,0%-10%
13408,9338,66.0,-0.0,0%-10%
13408,9657,23.0,0.0,0%-10%
13409,174,16.0,0.0,0%-10%
13409,15095,80.0,0.0,0%-10%
13411,525,16.0,-0.0,0%-10%
13411,3026,8.0,0.0,0%-10%
13411,7023,17.0,1.0,0%-10%
13411,8586,40.0,4.0,0%-10%
13413,381,57.0,3.0,0%-10%
13413,4695,16.0,-0.0,0%-10%
13413,6978,8.0,0.0,0%-10%
13413,7556,64.0,6.0,0%-10%
13413,8766,8.0,-0.0,0%-10%
13413,8853,105.0,10.0,0%-10%
13413,13307,30.0,-0.0,0%-10%
13413,13724,30.0,-0.0,0%-10%
13413,13885,16.0,0.0,0%-10%
13413,14497,40.0,0.0,0%-10%
13416,13368,16.0,-0.0,0%-10%
13417,2732,20.0,0.0,0%-10%
13420,2518,41.0,5.0,10%-15%
13421,1012,129.0,-0.0,0%-10%
13421,1226,16.0,-0.0,0%-10%
13421,3771,16.0,-0.0,0%-10%
13421,5374,60.0,4.0,0%-10%
13421,10170,53.0,3.0,0%-10%
13421,12170,40.0,2.0,0%-10%
13421,13477,20.0,0.0,0%-10%
13421,14348,20.0,0.0,0%-10%
13424,1474,8.0,0.0,0%-10%
13424,2768,30.0,-0.0,0%-10%
13424,3955,100.0,2.0,0%-10%
13424,5259,16.0,-0.0,0%-10%
13424,5979,8.0,0.0,0%-10%
13424,8317,96.0,-0.0,0%-10%
13424,13545,16.0,-0.0,0%-10%
13431,6881,8.0,0.0,0%-10%
13431,7214,8.0,0.0,0%-10%
13431,10507,16.0,-0.0,0%-10%
13435,7623,8.0,0.0,0%-10%
13439,2414,15.0,-0.0,0%-10%
13440,37,16.0,-0.0,0%-10%
13440,1636,8.0,-0.0,0%-10%
13440,1643,8.0,-0.0,0%-10%
13440,2326,8.0,-0.0,0%-10%
13440,2897,16.0,-0.0,0%-10%
13440,3054,16.0,-0.0,0%-10%
13440,3213,16.0,-0.0,0%-10%
13440,3547,16.0,-0.0,0%-10%
13440,3949,8.0,-0.0,0%-10%
13440,4071,40.0,2.0,0%-10%
13440,4913,8.0,-0.0,0%-10%
13440,5078,44.0,2.0,0%-10%
13440,5352,8.0,-0.0,0%-10%
13440,5376,124.0,9.0,0%-10%
13440,5482,8.0,-0.0,0%-10%
13440,6959,16.0,-0.0,0%-10%
13440,7261,14.0,0.0,0%-10%
13440,7460,16.0,-0.0,0%-10%
13440,7528,131.0,10.0,0%-10%
13440,7559,16.0,-0.0,0%-10%
13440,8060,16.0,-0.0,0%-10%
13440,8171,16.0,-0.0,0%-10%
13440,8640,8.0,-0.0,0%-10%
13440,9403,16.0,-0.0,0%-10%
13440,10024,16.0,-0.0,0%-10%
13440,10125,16.0,-0.0,0%-10%
13440,10203,8.0,-0.0,0%-10%
13440,10341,16.0,-0.0,0%-10%
13440,10610,16.0,-0.0,0%-10%
13440,10977,44.0,2.0,0%-10%
13440,11716,8.0,-0.0,0%-10%
13440,13954,8.0,0.0,0%-10%
13440,14210,8.0,-0.0,0%-10%
13440,14315,8.0,-0.0,0%-10%
13440,15105,16.0,-0.0,0%-10%
13440,15183,8.0,-0.0,0%-10%
13440,15489,16.0,-0.0,0%-10%
13441,1198,84.0,-0.0,0%-10%
13452,6394,20.0,0.0,0%-10%
13452,9279,16.0,-0.0,0%-10%
13456,3961,16.0,0.0,0%-10%
13459,5565,20.0,-0.0,0%-10%
13459,7964,16.0,0.0,0%-10%
13460,1127,16.0,-0.0,0%-10%
13460,6091,16.0,-0.0,0%-10%
13460,9571,16.0,-0.0,0%-10%
13460,10386,8.0,-0.0,0%-10%
13461,4135,16.0,-0.0,0%-10%
13461,7355,8.0,0.0,0%-10%
13461,9186,44.0,2.0,0%-10%
13469,4173,16.0,0.0,0%-10%
13473,3701,60.0,2.0,0%-10%
13478,1538,16.0,1.0,0%-10%
13478,2496,8.0,-0.0,0%-10%
13478,7032,8.0,0.0,0%-10%
13478,11264,16.0,1.0,0%-10%
13478,13252,40.0,6.0,10%-15%
13480,6400,16.0,-0.0,0%-10%
13480,6778,16.0,-0.0,0%-10%
13480,14498,20.0,0.0,0%-10%
13490,6867,94.0,0.0,0%-10%
13491,3531,8.0,-0.0,0%-10%
13491,8450,18.0,-0.0,0%-10%
13491,9644,16.0,-0.0,0%-10%
13491,15100,14.0,0.0,0%-10%
13492,1453,8.0,0.0,0%-10%
13492,3457,8.0,-0.0,0%-10%
13492,3553,8.0,-0.0,0%-10%
13492,5384,40.0,0.0,0%-10%
13492,5692,138.0,0.0,0%-10%
13492,7461,8.0,-0.0,0%-10%
13492,10378,28.0,0.0,0%-10%
13492,11877,8.0,-0.0,0%-10%
13495,6361,8.0,-0.0,0%-10%
13495,11047,16.0,0.0,0%-10%
13495,14112,8.0,0.0,0%-10%
13501,270,8.0,-0.0,0%-10%
13501,400,16.0,-0.0,0%-10%
13501,524,8.0,-0.0,0%-10%
13501,1741,8.0,-0.0,0%-10%
13501,2410,14.0,0.0,0%-10%
13501,2985,122.0,10.0,0%-10%
13501,3348,8.0,-0.0,0%-10%
13501,3760,8.0,0.0,0%-10%
13501,4006,8.0,-0.0,0%-10%
13501,4229,8.0,-0.0,0%-10%
13501,4318,8.0,-0.0,0%-10%
13501,4745,67.0,5.0,0%-10%
13501,5512,8.0,-0.0,0%-10%
13501,6142,108.0,9.0,0%-10%
13501,6749,119.0,9.0,0%-10%
13501,7109,8.0,-0.0,0%-10%
13501,7290,58.0,4.0,0%-10%
13501,7304,104.0,8.0,0%-10%
13501,7805,16.0,-0.0,0%-10%
13501,7899,8.0,-0.0,0%-10%
13501,8525,17.0,-0.0,0%-10%
13501,8593,16.0,-0.0,0%-10%
13501,8834,80.0,-0.0,0%-10%
13501,8911,120.0,10.0,0%-10%
13501,9270,16.0,-0.0,0%-10%
13501,9617,81.0,5.0,0%-10%
13501,9772,8.0,-0.0,0%-10%
13501,9833,16.0,-0.0,0%-10%
13501,10119,137.0,11.0,0%-10%
13501,10196,280.0,25.0,0%-10%
13501,11669,8.0,-0.0,0%-10%
13501,12311,16.0,-0.0,0%-10%
13501,12313,8.0,-0.0,0%-10%
13501,12864,16.0,-0.0,0%-10%
13501,13366,16.0,-0.0,0%-10%
13501,13466,8.0,-0.0,0%-10%
13501,14391,8.0,-0.0,0%-10%
13501,14946,8.0,-0.0,0%-10%
13502,533,16.0,-0.0,0%-10%
13502,918,103.0,8.0,0%-10%
13502,1218,8.0,-0.0,0%-10%
13502,1407,16.0,-0.0,0%-10%
13502,1726,55.0,4.0,0%-10%
13502,2605,16.0,1.0,0%-10%
13502,2647,16.0,1.0,0%-10%
13502,3803,16.0,1.0,0%-10%
13502,4403,16.0,1.0,0%-10%
13502,5321,16.0,1.0,0%-10%
13502,6945,60.0,6.0,0%-10%
13502,7657,36.0,3.0,0%-10%
13502,8811,8.0,-0.0,0%-10%
13502,8976,16.0,1.0,0%-10%
13502,11010,8.0,0.0,0%-10%
13502,11451,8.0,-0.0,0%-10%
13502,11580,8.0,-0.0,0%-10%
13502,11683,40.0,4.0,0%-10%
13502,12103,16.0,1.0,0%-10%
13502,14212,8.0,-0.0,0%-10%
13601,817,16.0,-0.0,0%-10%
13601,1112,60.0,5.0,0%-10%
13601,1761,20.0,1.0,0%-10%
13601,2832,8.0,-0.0,0%-10%
13601,2919,8.0,-0.0,0%-10%
13601,2950,8.0,-0.0,0%-10%
13601,3375,150.0,13.0,0%-10%
13601,3744,30.0,2.0,0%-10%
13601,3876,8.0,-0.0,0%-10%
13601,4208,8.0,-0.0,0%-10%
13601,4670,100.0,8.0,0%-10%
13601,5359,8.0,-0.0,0%-10%
13601,5774,124.0,10.0,0%-10%
13601,6118,8.0,-0.0,0%-10%
13601,6848,100.0,8.0,0%-10%
13601,6898,16.0,-0.0,0%-10%
13601,6949,200.0,18.0,0%-10%
13601,7190,120.0,10.0,0%-10%
13601,7243,45.0,3.0,0%-10%
13601,7300,118.0,-0.0,0%-10%
13601,7397,160.0,14.0,0%-10%
13601,7831,100.0,8.0,0%-10%
13601,8030,8.0,-0.0,0%-10%
13601,9022,16.0,-0.0,0%-10%
13601,9083,8.0,0.0,0%-10%
13601,9584,40.0,3.0,0%-10%
13601,10360,76.0,6.0,0%-10%
13601,10869,40.0,3.0,0%-10%
13601,11174,36.0,2.0,0%-10%
13601,11901,146.0,12.0,0%-10%
13601,11928,64.0,5.0,0%-10%
13601,12358,110.0,9.0,0%-10%
13601,12463,8.0,-0.0,0%-10%
13601,13580,8.0,-0.0,0%-10%
13601,13902,8.0,-0.0,0%-10%
13601,14840,4.0,0.0,0%-10%
13605,3360,8.0,-0.0,0%-10%
13605,4230,8.0,0.0,0%-10%
13605,6785,8.0,-0.0,0%-10%
13605,7896,95.0,7.0,0%-10%
13605,9978,8.0,-0.0,0%-10%
13606,1829,60.0,0.0,0%-10%
13606,5541,17.0,0.0,0%-10%
13608,964,8.0,0.0,0%-10%
13608,6929,42.0,2.0,0%-10%
13611,1174,8.0,0.0,0%-10%
13612,10175,20.0,0.0,0%-10%
13612,14158,16.0,-0.0,0%-10%
13613,5232,17.0,-0.0,0%-10%
13613,13119,57.0,3.0,0%-10%
13615,3784,60.0,8.0,10%-15%
13615,9196,8.0,0.0,0%-10%
13615,10778,8.0,0.0,0%-10%
13616,1994,60.0,0.0,0%-10%
13616,4578,16.0,0.0,0%-10%
13616,14598,8.0,0.0,0%-10%
13617,625,16.0,0.0,0%-10%
13617,3777,21.0,0.0,0%-10%
13617,4187,50.0,0.0,0%-10%
13617,4508,8.0,-0.0,0%-10%
13617,6311,8.0,-0.0,0%-10%
13617,6355,8.0,0.0,0%-10%
13617,9138,8.0,-0.0,0%-10%
13617,11657,16.0,0.0,0%-10%
13617,11944,116.0,4.0,0%-10%
13617,14722,8.0,-0.0,0%-10%
13619,312,20.0,0.0,0%-10%
13619,788,8.0,0.0,0%-10%
13619,4349,8.0,-0.0,0%-10%
13619,5996,16.0,0.0,0%-10%
13619,6276,8.0,-0.0,0%-10%
13619,7600,89.0,-0.0,0%-10%
13619,7678,20.0,0.0,0%-10%
13619,8031,8.0,-0.0,0%-10%
13619,11098,40.0,0.0,0%-10%
13619,15297,16.0,0.0,0%-10%
13619,15422,230.0,-0.0,0%-10%
13620,1276,31.0,1.0,0%-10%
13620,5087,95.0,7.0,0%-10%
13622,3525,8.0,0.0,0%-10%
13624,106,8.0,0.0,0%-10%
13624,1617,8.0,0.0,0%-10%
13624,5411,8.0,0.0,0%-10%
13624,11772,8.0,0.0,0%-10%
13624,13898,30.0,1.0,0%-10%
13625,12179,182.0,36.0,15%-20%
13625,15386,16.0,3.0,15%-20%
13626,2856,125.0,0.0,0%-10%
13626,13927,8.0,0.0,0%-10%
13630,9876,8.0,0.0,0%-10%
13630,12060,232.0,18.0,0%-10%
13634,468,8.0,-0.0,0%-10%
13634,4199,17.0,-0.0,0%-10%
13634,8419,8.0,-0.0,0%-10%
13634,14954,8.0,0.0,0%-10%
13637,159,16.0,-0.0,0%-10%
13637,848,16.0,-0.0,0%-10%
13637,1700,16.0,0.0,0%-10%
13637,3564,8.0,-0.0,0%-10%
13637,4582,16.0,0.0,0%-10%
13637,7401,34.0,3.0,0%-10%
13637,10555,16.0,1.0,0%-10%
13637,11106,60.0,9.0,10%-15%
13637,14790,5.0,0.0,0%-10%
13642,199,16.0,0.0,0%-10%
13642,1432,42.0,4.0,0%-10%
13642,12218,8.0,0.0,0%-10%
13642,14380,16.0,-0.0,0%-10%
13642,15401,16.0,-0.0,0%-10%
13646,369,16.0,0.0,0%-10%
13648,2789,8.0,0.0,0%-10%
13648,15525,36.0,0.0,0%-10%
13652,8449,8.0,0.0,0%-10%
13652,15263,325.0,24.0,0%-10%
13654,10748,8.0,-0.0,0%-10%
13654,11552,16.0,-0.0,0%-10%
13654,12775,8.0,-0.0,0%-10%
13654,12817,8.0,-0.0,0%-10%
13654,13789,8.0,0.0,0%-10%
13655,7853,64.0,-0.0,0%-10%
13655,9710,49.0,-0.0,0%-10%
13656,6165,8.0,-0.0,0%-10%
13656,9201,8.0,0.0,0%-10%
13656,11195,125.0,9.0,0%-10%
13656,15153,8.0,-0.0,0%-10%
13658,2746,16.0,-0.0,0%-10%
13658,14120,8.0,0.0,0%-10%
13660,1886,8.0,0.0,0%-10%
13660,9204,8.0,0.0,0%-10%
13662,143,54.0,0.0,0%-10%
13662,4531,8.0,0.0,0%-10%
13662,5163,51.0,0.0,0%-10%
13662,8403,8.0,0.0,0%-10%
13662,9016,8.0,0.0,0%-10%
13662,10228,8.0,0.0,0%-10%
13662,11541,74.0,0.0,0%-10%
13662,12112,16.0,0.0,0%-10%
13668,2806,46.0,2.0,0%-10%
13668,6296,16.0,-0.0,0%-10%
13668,15040,8.0,0.0,0%-10%
13669,239,16.0,0.0,0%-10%
13669,617,16.0,0.0,0%-10%
13669,2200,16.0,0.0,0%-10%
13669,3100,8.0,-0.0,0%-10%
13669,3353,8.0,-0.0,0%-10%
13669,5612,17.0,0.0,0%-10%
13669,5762,8.0,0.0,0%-10%
13669,5947,8.0,-0.0,0%-10%
13669,6102,8.0,-0.0,0%-10%
13669,6420,8.0,-0.0,0%-10%
13669,7297,16.0,0.0,0%-10%
13669,9391,8.0,-0.0,0%-10%
13669,9810,8.0,-0.0,0%-10%
13669,10084,8.0,-0.0,0%-10%
13669,10536,16.0,0.0,0%-10%
13669,10690,14.0,0.0,0%-10%
13669,13039,16.0,0.0,0%-10%
13669,13509,8.0,-0.0,0%-10%
13669,13562,16.0,0.0,0%-10%
13669,14679,8.0,-0.0,0%-10%
13669,14711,8.0,-0.0,0%-10%
13669,15511,16.0,0.0,0%-10%
13672,2630,17.0,-0.0,0%-10%
13672,4408,303.0,4.0,0%-10%
13673,2005,60.0,4.0,0%-10%
13673,8502,16.0,-0.0,0%-10%
13673,10877,8.0,-0.0,0%-10%
13673,14651,60.0,4.0,0%-10%
13676,2855,103.0,-0.0,0%-10%
13676,5085,16.0,-0.0,0%-10%
13676,7938,42.0,-0.0,0%-10%
13676,14205,81.0,-0.0,0%-10%
13685,7370,20.0,-0.0,0%-10%
13691,3737,8.0,0.0,0%-10%
13691,3786,8.0,0.0,0%-10%
13691,10627,8.0,0.0,0%-10%
13691,11882,60.0,4.0,0%-10%
13691,12700,16.0,-0.0,0%-10%
13694,9666,8.0,0.0,0%-10%
13730,1389,8.0,0.0,0%-10%
13732,1616,8.0,0.0,0%-10%
13732,2451,16.0,0.0,0%-10%
13732,9006,42.0,-0.0,0%-10%
13732,12243,60.0,0.0,0%-10%
13733,5985,17.0,-0.0,0%-10%
13733,6623,16.0,-0.0,0%-10%
13739,8864,8.0,0.0,0%-10%
13740,4480,20.0,-0.0,0%-10%
13740,13193,24.0,0.0,0%-10%
13743,2315,8.0,0.0,0%-10%
13743,12010,30.0,1.0,0%-10%
13746,7846,8.0,0.0,0%-10%
13750,8740,8.0,0.0,0%-10%
13750,11260,16.0,0.0,0%-10%
13751,6839,8.0,0.0,0%-10%
13753,4949,24.0,-0.0,0%-10%
13753,7917,85.0,-0.0,0%-10%
13753,10138,16.0,-0.0,0%-10%
13753,12413,6.0,0.0,0%-10%
13753,15410,8.0,0.0,0%-10%
13754,797,34.0,2.0,0%-10%
13754,6127,18.0,1.0,0%-10%
13757,7867,8.0,0.0,0%-10%
13760,213,50.0,4.0,0%-10%
13760,666,39.0,2.0,0%-10%
13760,700,100.0,9.0,0%-10%
13760,1199,36.0,3.0,0%-10%
13760,2394,80.0,7.0,0%-10%
13760,2709,90.0,8.0,0%-10%
13760,3198,69.0,6.0,0%-10%
13760,3821,8.0,-0.0,0%-10%
13760,5469,8.0,-0.0,0%-10%
13760,6698,106.0,9.0,0%-10%
13760,7087,8.0,-0.0,0%-10%
13760,8221,8.0,0.0,0%-10%
13760,8826,16.0,1.0,0%-10%
13760,9205,50.0,5.0,0%-10%
13760,9928,8.0,-0.0,0%-10%
13760,10237,126.0,11.0,0%-10%
13760,10547,8.0,-0.0,0%-10%
13760,11727,8.0,-0.0,0%-10%
13760,11733,222.0,20.0,0%-10%
13760,12520,22.0,1.0,0%-10%
13760,12818,16.0,1.0,0%-10%
13760,13783,94.0,8.0,0%-10%
13760,13884,34.0,2.0,0%-10%
13760,13965,8.0,-0.0,0%-10%
13760,14570,8.0,-0.0,0%-10%
13760,15030,20.0,2.0,0%-10%
13760,15033,16.0,1.0,0%-10%
13774,10042,19.0,0.0,0%-10%
13775,328,18.0,0.0,0%-10%
13775,14180,16.0,0.0,0%-10%
13775,15284,98.0,0.0,0%-10%
13776,12263,40.0,0.0,0%-10%
13778,1619,8.0,0.0,0%-10%
13778,2017,17.0,0.0,0%-10%
13778,4050,29.0,0.0,0%-10%
13778,7734,16.0,0.0,0%-10%
13778,7762,16.0,0.0,0%-10%
13778,9729,16.0,0.0,0%-10%
13778,12649,16.0,0.0,0%-10%
13782,4863,16.0,0.0,0%-10%
13783,7009,90.0,2.0,0%-10%
13783,9862,100.0,10.0,0%-10%
13784,9187,16.0,0.0,0%-10%
13787,3237,16.0,-0.0,0%-10%
13787,3542,15.0,-0.0,0%-10%
13787,7791,16.0,-0.0,0%-10%
13787,10990,16.0,-0.0,0%-10%
13790,2301,16.0,-0.0,0%-10%
13790,3404,47.0,3.0,0%-10%
13790,4004,40.0,3.0,0%-10%
13790,5212,8.0,-0.0,0%-10%
13790,5268,230.0,20.0,0%-10%
13790,6299,8.0,0.0,0%-10%
13790,7107,120.0,10.0,0%-10%
13790,9092,111.0,9.0,0%-10%
13790,9232,16.0,1.0,0%-10%
13790,10738,8.0,-0.0,0%-10%
13790,13018,8.0,-0.0,0%-10%
13790,13833,16.0,1.0,0%-10%
13790,14596,10.0,1.0,0%-10%
13790,15102,8.0,-0.0,0%-10%
13795,12751,16.0,-0.0,0%-10%
13796,13690,8.0,0.0,0%-10%
13802,10786,20.0,-0.0,0%-10%
13803,11016,20.0,-0.0,0%-10%
13803,13188,38.0,0.0,0%-10%
13807,4595,8.0,0.0,0%-10%
13808,2043,17.0,0.0,0%-10%
13810,8953,16.0,0.0,0%-10%
13811,2417,16.0,1.0,0%-10%
13811,10401,16.0,1.0,0%-10%
13812,9102,16.0,0.0,0%-10%
13812,12040,32.0,-0.0,0%-10%
13815,696,16.0,1.0,0%-10%
13815,1017,16.0,1.0,0%-10%
13815,1688,17.0,1.0,0%-10%
13815,1883,16.0,1.0,0%-10%
13815,3384,75.0,7.0,0%-10%
13815,3816,8.0,0.0,0%-10%
13815,5454,25.0,2.0,0%-10%
13815,6144,16.0,1.0,0%-10%
13815,7222,16.0,1.0,0%-10%
13815,9136,40.0,4.0,0%-10%
13815,9348,8.0,-0.0,0%-10%
13815,10344,90.0,9.0,0%-10%
13815,10839,12.0,0.0,0%-10%
13815,11976,17.0,1.0,0%-10%
13820,20,8.0,-0.0,0%-10%
13820,218,47.0,4.0,0%-10%
13820,754,75.0,11.0,10%-15%
13820,762,8.0,-0.0,0%-10%
13820,4035,141.0,21.0,10%-15%
13820,4642,44.0,4.0,0%-10%
13820,6265,16.0,-0.0,0%-10%
13820,9922,44.0,4.0,0%-10%
13820,10725,8.0,0.0,0%-10%
13820,15341,105.0,15.0,10%-15%
13825,1375,16.0,-0.0,0%-10%
13827,1306,64.0,6.0,0%-10%
13827,8286,12.0,0.0,0%-10%
13827,9257,150.0,15.0,0%-10%
13827,12806,8.0,0.0,0%-10%
13827,14168,8.0,-0.0,0%-10%
13830,1429,16.0,-0.0,0%-10%
13830,4569,20.0,-0.0,0%-10%
13830,6116,8.0,-0.0,0%-10%
13830,6827,8.0,-0.0,0%-10%
13830,7453,8.0,-0.0,0%-10%
13830,8445,17.0,-0.0,0%-10%
13830,9308,8.0,0.0,0%-10%
13838,6886,38.0,-0.0,0%-10%
13838,7593,209.0,7.0,0%-10%
13838,7764,8.0,-0.0,0%-10%
13838,8181,16.0,0.0,0%-10%
13838,14998,16.0,-0.0,0%-10%
13839,2045,8.0,0.0,0%-10%
13842,13529,8.0,1.0,10%-15%
13849,7217,20.0,0.0,0%-10%
13849,9458,16.0,-0.0,0%-10%
13849,13393,16.0,-0.0,0%-10%
13850,3914,16.0,-0.0,0%-10%
13850,4893,193.0,-0.0,0%-10%
13850,5182,8.0,0.0,0%-10%
13850,6626,288.0,24.0,0%-10%
13850,7106,16.0,-0.0,0%-10%
13850,8426,108.0,8.0,0%-10%
13850,9162,130.0,10.0,0%-10%
13850,12487,8.0,-0.0,0%-10%
13850,12712,30.0,1.0,0%-10%
13850,13162,90.0,7.0,0%-10%
13850,13290,8.0,-0.0,0%-10%
13850,14000,30.0,2.0,0%-10%
13850,14690,8.0,-0.0,0%-10%
13850,15176,30.0,2.0,0%-10%
13856,6319,8.0,0.0,0%-10%
13856,8848,36.0,1.0,0%-10%
13856,10020,8.0,-0.0,0%-10%
13856,11676,8.0,-0.0,0%-10%
13856,13761,59.0,3.0,0%-10%
13856,14449,8.0,-0.0,0%-10%
13862,140,16.0,0.0,0%-10%
13862,1009,46.0,-0.0,0%-10%
13862,2341,73.0,-0.0,0%-10%
13862,4132,8.0,0.0,0%-10%
13862,8960,36.0,0.0,0%-10%
13862,14981,12.0,0.0,0%-10%
13863,7939,8.0,0.0,0%-10%
13864,2262,8.0,0.0,0%-10%
13865,4679,16.0,-0.0,0%-10%
13865,12266,60.0,4.0,0%-10%
13901,1651,61.0,0.0,0%-10%
13901,2672,80.0,0.0,0%-10%
13901,3617,84.0,0.0,0%-10%
13901,4489,72.0,-0.0,0%-10%
13901,7444,48.0,-0.0,0%-10%
13901,8460,14.0,-0.0,0%-10%
13901,8657,8.0,-0.0,0%-10%
13901,9380,50.0,0.0,0%-10%
13901,11124,16.0,0.0,0%-10%
13901,12731,40.0,0.0,0%-10%
13902,10769,47.0,-0.0,0%-10%
13903,610,12.0,0.0,0%-10%
13903,1107,113.0,-0.0,0%-10%
13903,3494,40.0,0.0,0%-10%
13903,4809,98.0,-0.0,0%-10%
13903,8499,65.0,-0.0,0%-10%
13903,10314,18.0,0.0,0%-10%
13903,12659,8.0,-0.0,0%-10%
13903,13672,16.0,0.0,0%-10%
13903,15159,8.0,0.0,0%-10%
13904,2348,16.0,0.0,0%-10%
13904,5317,16.0,0.0,0%-10%
13904,10312,16.0,0.0,0%-10%
13904,12451,16.0,0.0,0%-10%
13904,12978,40.0,0.0,0%-10%
13904,15483,8.0,0.0,0%-10%
13905,1188,208.0,18.0,0%-10%
13905,5191,30.0,2.0,0%-10%
13905,5361,18.0,-0.0,0%-10%
13905,6772,36.0,3.0,0%-10%
13905,6939,40.0,4.0,0%-10%
13905,7639,8.0,0.0,0%-10%
13905,8772,16.0,1.0,0%-10%
13905,8919,8.0,-0.0,0%-10%
13905,9647,8.0,-0.0,0%-10%
13905,10428,16.0,1.0,0%-10%
13905,10878,16.0,1.0,0%-10%
13905,11173,40.0,4.0,0%-10%
13905,12108,16.0,1.0,0%-10%
13905,13150,8.0,-0.0,0%-10%
13905,13236,16.0,1.0,0%-10%
13905,13277,43.0,4.0,0%-10%
13905,14746,8.0,-0.0,0%-10%
14001,1419,16.0,-0.0,0%-10%
14001,9882,82.0,-0.0,0%-10%
14001,10822,64.0,4.0,0%-10%
14004,52,93.0,13.0,10%-15%
14004,7395,62.0,7.0,10%-15%
14005,7176,55.0,3.0,0%-10%
14006,5123,16.0,0.0,0%-10%
14006,7366,44.0,4.0,0%-10%
14006,10255,40.0,0.0,0%-10%
14006,10368,8.0,-0.0,0%-10%
14006,12404,44.0,1.0,0%-10%
14009,11740,42.0,2.0,0%-10%
14009,13686,64.0,4.0,0%-10%
14009,15071,16.0,-0.0,0%-10%
14011,180,8.0,-0.0,0%-10%
14011,3435,8.0,0.0,0%-10%
14011,12304,44.0,4.0,0%-10%
14011,14113,80.0,8.0,0%-10%
14012,10698,8.0,0.0,0%-10%
14020,2952,45.0,2.0,0%-10%
14020,3088,90.0,6.0,0%-10%
14020,3953,57.0,3.0,0%-10%
14020,7078,16.0,-0.0,0%-10%
14020,7880,120.0,9.0,0%-10%
14020,8013,16.0,-0.0,0%-10%
14020,8542,16.0,-0.0,0%-10%
14020,9215,91.0,6.0,0%-10%
14020,9573,70.0,-0.0,0%-10%
14020,10081,154.0,12.0,0%-10%
14020,11359,60.0,4.0,0%-10%
14024,8020,8.0,0.0,0%-10%
14025,5956,106.0,0.0,0%-10%
14025,7348,8.0,0.0,0%-10%
14031,2195,16.0,0.0,0%-10%
14031,2354,47.0,0.0,0%-10%
14031,5390,44.0,0.0,0%-10%
14031,14537,16.0,0.0,0%-10%
14032,1890,44.0,-0.0,0%-10%
14032,11017,48.0,-0.0,0%-10%
14032,13615,40.0,0.0,0%-10%
14036,7663,51.0,3.0,0%-10%
14036,14207,8.0,-0.0,0%-10%
14040,7382,53.0,3.0,0%-10%
14042,11099,39.0,1.0,0%-10%
14043,514,40.0,2.0,0%-10%
14043,1932,164.0,13.0,0%-10%
14043,4716,49.0,2.0,0%-10%
14043,7361,90.0,6.0,0%-10%
14043,8263,72.0,-0.0,0%-10%
14043,10608,102.0,7.0,0%-10%
14043,10965,130.0,10.0,0%-10%
14043,11396,78.0,5.0,0%-10%
14043,11429,44.0,2.0,0%-10%
14043,14812,80.0,-0.0,0%-10%
14047,4986,57.0,3.0,0%-10%
14047,9214,36.0,1.0,0%-10%
14047,10584,85.0,-0.0,0%-10%
14048,6722,64.0,0.0,0%-10%
14048,7495,16.0,-0.0,0%-10%
14048,8455,162.0,16.0,0%-10%
14048,9611,16.0,-0.0,0%-10%
14048,10490,8.0,-0.0,0%-10%
14048,11918,110.0,11.0,0%-10%
14048,12220,96.0,1.0,0%-10%
14048,13600,8.0,0.0,0%-10%
14048,14601,16.0,-0.0,0%-10%
14051,4225,142.0,-0.0,0%-10%
14051,4880,112.0,-0.0,0%-10%
14051,11380,130.0,-0.0,0%-10%
14052,1653,144.0,21.0,10%-15%
14052,3113,44.0,6.0,10%-15%
14052,3448,97.0,14.0,10%-15%
14052,7186,44.0,6.0,10%-15%
14057,2607,91.0,11.0,10%-15%
14057,4608,16.0,-0.0,0%-10%
14058,15350,40.0,0.0,0%-10%
14059,3201,44.0,0.0,0%-10%
14059,4309,16.0,0.0,0%-10%
14059,5656,102.0,0.0,0%-10%
14059,6124,80.0,0.0,0%-10%
14059,6981,8.0,-0.0,0%-10%
14059,8946,8.0,0.0,0%-10%
14059,11934,81.0,0.0,0%-10%
14063,1232,8.0,0.0,0%-10%
14063,2151,76.0,6.0,0%-10%
14063,3496,8.0,0.0,0%-10%
14063,5684,94.0,-0.0,0%-10%
14063,7219,44.0,3.0,0%-10%
14063,9944,66.0,5.0,0%-10%
14063,11024,16.0,-0.0,0%-10%
14063,14461,8.0,-0.0,0%-10%
14063,14470,16.0,-0.0,0%-10%
14066,1801,70.0,-0.0,0%-10%
14067,5540,16.0,-0.0,0%-10%
14067,13470,56.0,3.0,0%-10%
14068,1039,45.0,2.0,0%-10%
14068,3125,129.0,-0.0,0%-10%
14068,3436,111.0,8.0,0%-10%
14068,7977,124.0,9.0,0%-10%
14068,11538,109.0,8.0,0%-10%
14068,11932,72.0,-0.0,0%-10%
14070,1566,30.0,3.0,0%-10%
14070,1628,20.0,2.0,0%-10%
14070,9320,16.0,-0.0,0%-10%
14070,10527,18.0,-0.0,0%-10%
14072,30,44.0,3.0,0%-10%
14072,998,100.0,8.0,0%-10%
14072,2863,156.0,13.0,0%-10%
14072,3155,166.0,14.0,0%-10%
14072,4782,99.0,8.0,0%-10%
14072,6498,44.0,3.0,0%-10%
14072,7024,16.0,1.0,0%-10%
14072,7659,85.0,7.0,0%-10%
14072,7758,42.0,4.0,0%-10%
14072,9804,70.0,6.0,0%-10%
14072,13671,19.0,1.0,0%-10%
14075,93,38.0,2.0,0%-10%
14075,261,8.0,-0.0,0%-10%
14075,985,44.0,3.0,0%-10%
14075,2040,69.0,5.0,0%-10%
14075,2637,62.0,5.0,0%-10%
14075,2830,128.0,4.0,0%-10%
14075,3227,44.0,3.0,0%-10%
14075,4168,94.0,-0.0,0%-10%
14075,4340,44.0,3.0,0%-10%
14075,4976,62.0,5.0,0%-10%
14075,5530,64.0,5.0,0%-10%
14075,5727,8.0,-0.0,0%-10%
14075,6494,44.0,3.0,0%-10%
14075,6924,14.0,0.0,0%-10%
14075,7598,16.0,-0.0,0%-10%
14075,9757,43.0,3.0,0%-10%
14075,10843,8.0,0.0,0%-10%
14075,11276,16.0,-0.0,0%-10%
14075,11624,109.0,9.0,0%-10%
14080,2811,8.0,0.0,0%-10%
14080,11433,83.0,-0.0,0%-10%
14080,14118,16.0,-0.0,0%-10%
14081,5827,380.0,0.0,0%-10%
14081,10807,108.0,-0.0,0%-10%
14082,7776,8.0,0.0,0%-10%
14085,2217,44.0,0.0,0%-10%
14085,3963,48.0,1.0,0%-10%
14085,6522,63.0,6.0,0%-10%
14085,9276,56.0,5.0,0%-10%
14086,3195,35.0,2.0,0%-10%
14086,3245,8.0,-0.0,0%-10%
14086,5294,154.0,13.0,0%-10%
14086,6702,122.0,10.0,0%-10%
14086,8040,44.0,3.0,0%-10%
14086,8132,102.0,9.0,0%-10%
14086,9717,44.0,4.0,0%-10%
14086,12157,90.0,8.0,0%-10%
14086,12265,141.0,13.0,0%-10%
14091,4214,8.0,0.0,0%-10%
14092,1081,88.0,6.0,0%-10%
14092,7345,89.0,6.0,0%-10%
14094,1207,16.0,-0.0,0%-10%
14094,1219,40.0,3.0,0%-10%
14094,2338,8.0,-0.0,0%-10%
14094,2810,120.0,10.0,0%-10%
14094,3135,30.0,2.0,0%-10%
14094,3546,8.0,-0.0,0%-10%
14094,3729,8.0,0.0,0%-10%
14094,3912,30.0,2.0,0%-10%
14094,4021,40.0,3.0,0%-10%
14094,4217,8.0,-0.0,0%-10%
14094,4377,60.0,5.0,0%-10%
14094,4852,46.0,3.0,0%-10%
14094,5027,78.0,6.0,0%-10%
14094,5419,44.0,3.0,0%-10%
14094,5690,89.0,7.0,0%-10%
14094,5904,40.0,3.0,0%-10%
14094,7929,54.0,4.0,0%-10%
14094,8183,129.0,10.0,0%-10%
14094,8998,120.0,10.0,0%-10%
14094,10384,99.0,8.0,0%-10%
14094,11036,44.0,3.0,0%-10%
14094,11177,69.0,5.0,0%-10%
14094,12468,59.0,4.0,0%-10%
14094,14040,16.0,-0.0,0%-10%
14094,14824,56.0,4.0,0%-10%
14094,15007,60.0,5.0,0%-10%
14094,15099,16.0,-0.0,0%-10%
14094,15300,16.0,1.0,0%-10%
14103,1307,42.0,-0.0,0%-10%
14103,3673,16.0,0.0,0%-10%
14103,4890,73.0,-0.0,0%-10%
14103,5274,16.0,0.0,0%-10%
14103,7580,30.0,0.0,0%-10%
14103,8165,16.0,0.0,0%-10%
14103,9856,57.0,-0.0,0%-10%
14105,7306,8.0,0.0,0%-10%
14108,6607,30.0,3.0,0%-10%
14108,7958,16.0,1.0,0%-10%
14111,3627,16.0,-0.0,0%-10%
14120,813,44.0,3.0,0%-10%
14120,1235,71.0,3.0,0%-10%
14120,2482,44.0,3.0,0%-10%
14120,3460,114.0,9.0,0%-10%
14120,3488,149.0,12.0,0%-10%
14120,3641,8.0,0.0,0%-10%
14120,4588,85.0,8.0,0%-10%
14120,4731,16.0,-0.0,0%-10%
14120,5138,115.0,10.0,0%-10%
14120,5187,44.0,4.0,0%-10%
14120,5195,51.0,5.0,0%-10%
14120,5281,12.0,0.0,0%-10%
14120,5545,40.0,4.0,0%-10%
14120,6438,99.0,9.0,0%-10%
14120,8717,8.0,-0.0,0%-10%
14120,13026,17.0,1.0,0%-10%
14120,15429,51.0,5.0,0%-10%
14127,1466,74.0,7.0,0%-10%
14127,2167,8.0,0.0,0%-10%
14127,3350,40.0,4.0,0%-10%
14127,3915,70.0,7.0,0%-10%
14127,6230,44.0,4.0,0%-10%
14127,6325,180.0,18.0,0%-10%
14127,7833,102.0,9.0,0%-10%
14127,8324,40.0,4.0,0%-10%
14127,8980,127.0,12.0,0%-10%
14127,9593,121.0,11.0,0%-10%
14127,10353,16.0,1.0,0%-10%
14127,11715,164.0,15.0,0%-10%
14127,13569,99.0,9.0,0%-10%
14127,15192,40.0,4.0,0%-10%
14131,8837,210.0,20.0,0%-10%
14132,7519,61.0,4.0,0%-10%
14132,7601,40.0,2.0,0%-10%
14136,2543,16.0,0.0,0%-10%
14138,9995,26.0,-0.0,0%-10%
14138,12175,40.0,0.0,0%-10%
14141,3082,168.0,0.0,0%-10%
14141,3517,62.0,0.0,0%-10%
14141,3682,48.0,0.0,0%-10%
14141,7531,179.0,0.0,0%-10%
14141,9508,8.0,0.0,0%-10%
14145,9427,16.0,-0.0,0%-10%
14145,10178,16.0,-0.0,0%-10%
14150,838,44.0,3.0,0%-10%
14150,2983,16.0,-0.0,0%-10%
14150,4872,58.0,4.0,0%-10%
14150,5007,105.0,8.0,0%-10%
14150,5253,100.0,8.0,0%-10%
14150,6347,320.0,29.0,0%-10%
14150,6589,57.0,4.0,0%-10%
14150,8652,192.0,6.0,0%-10%
14150,8708,252.0,22.0,0%-10%
14150,8750,100.0,8.0,0%-10%
14150,10206,113.0,9.0,0%-10%
14150,13772,44.0,3.0,0%-10%
14150,13773,8.0,0.0,0%-10%
14150,14761,39.0,2.0,0%-10%
14150,15338,45.0,3.0,0%-10%
14171,15438,40.0,0.0,0%-10%
14172,6736,16.0,0.0,0%-10%
14173,4396,40.0,0.0,0%-10%
14174,1816,128.0,-0.0,0%-10%
14174,6941,86.0,-0.0,0%-10%
14201,3217,107.0,16.0,10%-15%
14201,5939,183.0,18.0,0%-10%
14201,6385,135.0,13.0,0%-10%
14201,6871,84.0,8.0,0%-10%
14201,8234,79.0,11.0,10%-15%
14201,14721,8.0,-0.0,0%-10%
14202,3656,56.0,11.0,15%-20%
14202,5435,32.0,6.0,15%-20%
14202,6802,65.0,13.0,15%-20%
14202,14394,100.0,20.0,15%-20%
14203,4122,51.0,0.0,0%-10%
14203,10768,118.0,0.0,0%-10%
14203,12571,61.0,-0.0,0%-10%
14204,938,16.0,-0.0,0%-10%
14204,3774,44.0,2.0,0%-10%
14204,5034,16.0,-0.0,0%-10%
14204,5394,16.0,-0.0,0%-10%
14204,6560,16.0,-0.0,0%-10%
14204,7104,8.0,0.0,0%-10%
14204,9144,155.0,13.0,0%-10%
14204,10482,16.0,-0.0,0%-10%
14204,12480,16.0,-0.0,0%-10%
14204,12614,99.0,8.0,0%-10%
14204,14033,8.0,-0.0,0%-10%
14206,532,57.0,3.0,0%-10%
14206,563,93.0,6.0,0%-10%
14206,2956,16.0,-0.0,0%-10%
14206,4548,44.0,2.0,0%-10%
14206,7267,29.0,-0.0,0%-10%
14206,11891,44.0,2.0,0%-10%
14206,15265,25.0,0.0,0%-10%
14207,1093,16.0,-0.0,0%-10%
14207,1724,84.0,-0.0,0%-10%
14207,4935,16.0,-0.0,0%-10%
14207,6644,59.0,3.0,0%-10%
14207,7206,120.0,9.0,0%-10%
14207,7825,149.0,11.0,0%-10%
14207,8190,142.0,11.0,0%-10%
14207,10009,144.0,11.0,0%-10%
14207,11520,34.0,0.0,0%-10%
14207,12169,16.0,-0.0,0%-10%
14207,13072,8.0,-0.0,0%-10%
14207,13694,16.0,-0.0,0%-10%
14207,13827,18.0,-0.0,0%-10%
14207,14352,8.0,0.0,0%-10%
14208,710,54.0,3.0,0%-10%
14208,953,16.0,-0.0,0%-10%
14208,2119,16.0,-0.0,0%-10%
14208,2625,16.0,-0.0,0%-10%
14208,4783,113.0,8.0,0%-10%
14208,5837,8.0,-0.0,0%-10%
14208,8607,8.0,0.0,0%-10%
14208,10449,16.0,-0.0,0%-10%
14208,10792,83.0,-0.0,0%-10%
14208,13130,16.0,-0.0,0%-10%
14208,13613,8.0,-0.0,0%-10%
14208,14805,16.0,-0.0,0%-10%
14208,15143,18.0,-0.0,0%-10%
14208,15220,16.0,-0.0,0%-10%
14208,15488,63.0,4.0,0%-10%
14209,1220,54.0,0.0,0%-10%
14209,3068,8.0,0.0,0%-10%
14209,3875,194.0,0.0,0%-10%
14209,5021,16.0,0.0,0%-10%
14209,6694,10.0,0.0,0%-10%
14209,7294,74.0,0.0,0%-10%
14209,9280,198.0,0.0,0%-10%
14209,9470,170.0,-0.0,0%-10%
14209,11282,16.0,0.0,0%-10%
14209,14709,30.0,-0.0,0%-10%
14210,2598,120.0,9.0,0%-10%
14210,2880,84.0,-0.0,0%-10%
14210,4015,216.0,18.0,0%-10%
14210,5784,58.0,3.0,0%-10%
14210,7575,111.0,8.0,0%-10%
14210,11854,14.0,0.0,0%-10%
14210,12344,18.0,-0.0,0%-10%
14210,12502,44.0,2.0,0%-10%
14210,13403,18.0,-0.0,0%-10%
14210,13593,16.0,-0.0,0%-10%
14210,14372,40.0,2.0,0%-10%
14210,14879,30.0,1.0,0%-10%
14210,14908,55.0,3.0,0%-10%
14211,320,16.0,-0.0,0%-10%
14211,560,16.0,-0.0,0%-10%
14211,897,16.0,-0.0,0%-10%
14211,1776,124.0,9.0,0%-10%
14211,2144,16.0,-0.0,0%-10%
14211,3613,16.0,-0.0,0%-10%
14211,3793,16.0,-0.0,0%-10%
14211,3858,8.0,-0.0,0%-10%
14211,3886,16.0,-0.0,0%-10%
14211,4776,8.0,-0.0,0%-10%
14211,5591,16.0,-0.0,0%-10%
14211,5867,16.0,-0.0,0%-10%
14211,6555,16.0,-0.0,0%-10%
14211,6562,8.0,-0.0,0%-10%
14211,6641,16.0,-0.0,0%-10%
14211,7356,16.0,-0.0,0%-10%
14211,10094,16.0,-0.0,0%-10%
14211,11687,10.0,-0.0,0%-10%
14211,12326,16.0,-0.0,0%-10%
14211,12755,18.0,-0.0,0%-10%
14211,12779,16.0,-0.0,0%-10%
14211,13057,16.0,-0.0,0%-10%
14211,13270,8.0,0.0,0%-10%
14211,14327,80.0,-0.0,0%-10%
14211,14935,16.0,-0.0,0%-10%
14211,15532,8.0,-0.0,0%-10%
14212,692,121.0,-0.0,0%-10%
14212,8003,66.0,-0.0,0%-10%
14212,10269,95.0,-0.0,0%-10%
14212,14875,8.0,-0.0,0%-10%
14213,552,16.0,-0.0,0%-10%
14213,959,8.0,-0.0,0%-10%
14213,1716,44.0,3.0,0%-10%
14213,1919,16.0,-0.0,0%-10%
14213,2740,34.0,1.0,0%-10%
14213,2848,16.0,-0.0,0%-10%
14213,2912,16.0,-0.0,0%-10%
14213,5071,16.0,-0.0,0%-10%
14213,5630,16.0,1.0,0%-10%
14213,6495,16.0,1.0,0%-10%
14213,7037,99.0,9.0,0%-10%
14213,7117,120.0,11.0,0%-10%
14213,9575,53.0,5.0,0%-10%
14213,11431,8.0,0.0,0%-10%
14214,816,16.0,0.0,0%-10%
14214,2028,55.0,-0.0,0%-10%
14214,2960,16.0,0.0,0%-10%
14214,4547,16.0,0.0,0%-10%
14214,4675,8.0,-0.0,0%-10%
14214,5006,8.0,0.0,0%-10%
14214,6402,8.0,-0.0,0%-10%
14214,7866,16.0,0.0,0%-10%
14214,8054,8.0,-0.0,0%-10%
14214,8505,129.0,-0.0,0%-10%
14214,9316,93.0,-0.0,0%-10%
14214,9342,145.0,-0.0,0%-10%
14214,10508,16.0,0.0,0%-10%
14214,10963,79.0,-0.0,0%-10%
14214,11929,8.0,-0.0,0%-10%
14215,111,16.0,-0.0,0%-10%
14215,841,12.0,0.0,0%-10%
14215,930,8.0,-0.0,0%-10%
14215,1277,44.0,3.0,0%-10%
14215,1424,16.0,-0.0,0%-10%
14215,1460,32.0,2.0,0%-10%
14215,1690,8.0,-0.0,0%-10%
14215,1771,16.0,-0.0,0%-10%
14215,1891,8.0,-0.0,0%-10%
14215,2008,8.0,-0.0,0%-10%
14215,2077,16.0,-0.0,0%-10%
14215,2535,12.0,0.0,0%-10%
14215,3853,76.0,6.0,0%-10%
14215,4010,16.0,-0.0,0%-10%
14215,4082,8.0,0.0,0%-10%
14215,4524,16.0,-0.0,0%-10%
14215,4576,16.0,-0.0,0%-10%
14215,4580,111.0,9.0,0%-10%
14215,4878,12.0,0.0,0%-10%
14215,5403,34.0,1.0,0%-10%
14215,5770,16.0,-0.0,0%-10%
14215,6073,16.0,-0.0,0%-10%
14215,6379,16.0,-0.0,0%-10%
14215,6675,8.0,-0.0,0%-10%
14215,6708,12.0,0.0,0%-10%
14215,6715,8.0,-0.0,0%-10%
14215,7811,16.0,-0.0,0%-10%
14215,8273,20.0,1.0,0%-10%
14215,8373,16.0,-0.0,0%-10%
14215,8527,16.0,-0.0,0%-10%
14215,8605,16.0,-0.0,0%-10%
14215,8855,16.0,-0.0,0%-10%
14215,8992,12.0,0.0,0%-10%
14215,9492,16.0,-0.0,0%-10%
14215,9602,16.0,-0.0,0%-10%
14215,10040,16.0,-0.0,0%-10%
14215,10176,8.0,-0.0,0%-10%
14215,10612,14.0,0.0,0%-10%
14215,10615,16.0,-0.0,0%-10%
14215,11120,16.0,-0.0,0%-10%
14215,11426,100.0,8.0,0%-10%
14215,11514,16.0,-0.0,0%-10%
14215,11670,16.0,-0.0,0%-10%
14215,11750,16.0,-0.0,0%-10%
14215,12335,8.0,-0.0,0%-10%
14215,13048,16.0,-0.0,0%-10%
14215,13067,16.0,-0.0,0%-10%
14215,13514,16.0,-0.0,0%-10%
14215,13989,74.0,6.0,0%-10%
14215,14553,16.0,-0.0,0%-10%
14215,15129,16.0,-0.0,0%-10%
14215,15184,16.0,-0.0,0%-10%
14215,15234,16.0,-0.0,0%-10%
14215,15549,16.0,-0.0,0%-10%
14216,1091,76.0,0.0,0%-10%
14216,2686,66.0,0.0,0%-10%
14216,8239,38.0,0.0,0%-10%
14216,10027,80.0,0.0,0%-10%
14216,11303,16.0,0.0,0%-10%
14216,11753,54.0,0.0,0%-10%
14216,14319,8.0,-0.0,0%-10%
14217,2392,67.0,-0.0,0%-10%
14217,2913,129.0,-0.0,0%-10%
14217,2966,92.0,-0.0,0%-10%
14217,3407,113.0,-0.0,0%-10%
14218,1364,116.0,11.0,0%-10%
14218,2152,72.0,3.0,0%-10%
14218,3383,170.0,17.0,0%-10%
14218,6207,16.0,0.0,0%-10%
14218,8080,155.0,15.0,0%-10%
14218,11572,12.0,0.0,0%-10%
14218,11731,59.0,0.0,0%-10%
14218,12001,36.0,0.0,0%-10%
14219,1370,16.0,-0.0,0%-10%
14219,2665,18.0,-0.0,0%-10%
14219,6184,85.0,-0.0,0%-10%
14219,6720,44.0,2.0,0%-10%
14219,7841,16.0,-0.0,0%-10%
14220,951,90.0,-0.0,0%-10%
14220,1428,52.0,-0.0,0%-10%
14220,3230,145.0,-0.0,0%-10%
14220,5452,8.0,-0.0,0%-10%
14220,7374,40.0,-0.0,0%-10%
14220,7882,16.0,-0.0,0%-10%
14220,9217,8.0,-0.0,0%-10%
14220,11986,8.0,-0.0,0%-10%
14220,12095,16.0,-0.0,0%-10%
14220,14665,8.0,0.0,0%-10%
14220,15504,16.0,-0.0,0%-10%
14221,444,16.0,-0.0,0%-10%
14221,1349,44.0,2.0,0%-10%
14221,1649,120.0,9.0,0%-10%
14221,1727,140.0,11.0,0%-10%
14221,2649,100.0,7.0,0%-10%
14221,3637,106.0,7.0,0%-10%
14221,4587,44.0,2.0,0%-10%
14221,4711,65.0,4.0,0%-10%
14221,4918,100.0,7.0,0%-10%
14221,5016,44.0,2.0,0%-10%
14221,5264,90.0,6.0,0%-10%
14221,5616,130.0,10.0,0%-10%
14221,5750,102.0,7.0,0%-10%
14221,6029,164.0,13.0,0%-10%
14221,6295,154.0,12.0,0%-10%
14221,6667,98.0,7.0,0%-10%
14221,7700,90.0,6.0,0%-10%
14221,8258,16.0,-0.0,0%-10%
14221,8537,44.0,2.0,0%-10%
14221,8897,44.0,2.0,0%-10%
14221,8975,126.0,9.0,0%-10%
14221,9311,27.0,-0.0,0%-10%
14221,10460,8.0,0.0,0%-10%
14221,10478,67.0,4.0,0%-10%
14221,11334,100.0,7.0,0%-10%
14221,13012,44.0,2.0,0%-10%
14221,14789,100.0,7.0,0%-10%
14221,15017,16.0,-0.0,0%-10%
14221,15271,115.0,-0.0,0%-10%
14222,4924,80.0,10.0,10%-15%
14222,11653,121.0,12.0,0%-10%
14223,745,44.0,2.0,0%-10%
14223,3393,44.0,2.0,0%-10%
14223,4036,143.0,11.0,0%-10%
14223,11284,44.0,2.0,0%-10%
14223,11296,100.0,7.0,0%-10%
14223,11867,44.0,2.0,0%-10%
14223,13489,61.0,4.0,0%-10%
14223,15516,35.0,1.0,0%-10%
14224,374,8.0,-0.0,0%-10%
14224,1354,119.0,2.0,0%-10%
14224,1464,174.0,15.0,0%-10%
14224,4247,59.0,4.0,0%-10%
14224,8187,127.0,12.0,0%-10%
14224,8572,8.0,0.0,0%-10%
14224,8873,104.0,8.0,0%-10%
14224,9288,68.0,5.0,0%-10%
14224,9687,42.0,3.0,0%-10%
14224,11562,16.0,-0.0,0%-10%
14224,11595,38.0,2.0,0%-10%
14225,2082,70.0,5.0,0%-10%
14225,2465,7.0,0.0,0%-10%
14225,3741,134.0,11.0,0%-10%
14225,3959,60.0,5.0,0%-10%
14225,4299,16.0,-0.0,0%-10%
14225,5104,12.0,0.0,0%-10%
14225,6169,99.0,8.0,0%-10%
14225,8140,54.0,4.0,0%-10%
14225,8295,16.0,-0.0,0%-10%
14225,10624,44.0,3.0,0%-10%
14225,10802,155.0,14.0,0%-10%
14225,13568,88.0,8.0,0%-10%
14226,751,16.0,-0.0,0%-10%
14226,770,160.0,14.0,0%-10%
14226,902,180.0,16.0,0%-10%
14226,4302,52.0,4.0,0%-10%
14226,5324,120.0,10.0,0%-10%
14226,5833,12.0,0.0,0%-10%
14226,7340,110.0,9.0,0%-10%
14226,10453,120.0,10.0,0%-10%
14226,12099,16.0,-0.0,0%-10%
14226,12800,8.0,0.0,0%-10%
14226,13726,8.0,-0.0,0%-10%
14226,13750,114.0,9.0,0%-10%
14226,14478,51.0,5.0,0%-10%
14226,15259,35.0,3.0,0%-10%
14227,302,119.0,11.0,0%-10%
14227,4886,138.0,20.0,10%-15%
14227,5574,140.0,21.0,10%-15%
14227,6005,8.0,-0.0,0%-10%
14227,7258,8.0,-0.0,0%-10%
14227,11071,8.0,0.0,0%-10%
14228,516,146.0,12.0,0%-10%
14228,1515,97.0,8.0,0%-10%
14228,2087,16.0,-0.0,0%-10%
14228,6264,73.0,-0.0,0%-10%
14228,6643,99.0,8.0,0%-10%
14228,7126,91.0,7.0,0%-10%
14228,7635,18.0,-0.0,0%-10%
14228,8734,33.0,2.0,0%-10%
14228,10791,89.0,7.0,0%-10%
14228,12537,44.0,3.0,0%-10%
14228,14258,44.0,3.0,0%-10%
14228,15236,44.0,3.0,0%-10%
14260,1954,68.0,-0.0,0%-10%
14260,8188,124.0,-0.0,0%-10%
14301,237,8.0,-0.0,0%-10%
14301,463,8.0,-0.0,0%-10%
14301,1152,8.0,-0.0,0%-10%
14301,1346,16.0,0.0,0%-10%
14301,2304,16.0,-0.0,0%-10%
14301,5372,8.0,0.0,0%-10%
14301,5539,170.0,25.0,10%-15%
14301,5780,50.0,7.0,10%-15%
14301,8408,80.0,12.0,10%-15%
14301,9390,8.0,-0.0,0%-10%
14301,9519,8.0,-0.0,0%-10%
14301,13944,8.0,-0.0,0%-10%
14303,1275,16.0,1.0,0%-10%
14303,3115,30.0,3.0,0%-10%
14303,9748,55.0,8.0,10%-15%
14303,13738,10.0,0.0,0%-10%
14304,944,8.0,-0.0,0%-10%
14304,2409,100.0,8.0,0%-10%
14304,2554,202.0,18.0,0%-10%
14304,3097,52.0,5.0,0%-10%
14304,5339,8.0,0.0,0%-10%
14304,5340,16.0,1.0,0%-10%
14304,5893,112.0,10.0,0%-10%
14304,6246,30.0,3.0,0%-10%
14304,8243,12.0,0.0,0%-10%
14304,10456,72.0,6.0,0%-10%
14304,10987,8.0,-0.0,0%-10%
14304,11166,95.0,9.0,0%-10%
14304,11503,90.0,8.0,0%-10%
14304,12334,16.0,1.0,0%-10%
14304,14196,46.0,4.0,0%-10%
14305,459,12.0,0.0,0%-10%
14305,1830,8.0,0.0,0%-10%
14305,1982,89.0,6.0,0%-10%
14305,2998,60.0,4.0,0%-10%
14305,3664,111.0,8.0,0%-10%
14305,4571,8.0,-0.0,0%-10%
14305,5636,70.0,-0.0,0%-10%
14305,5765,8.0,-0.0,0%-10%
14305,5807,16.0,-0.0,0%-10%
14305,6331,8.0,-0.0,0%-10%
14305,6419,16.0,-0.0,0%-10%
14305,8254,8.0,-0.0,0%-10%
14305,8459,60.0,4.0,0%-10%
14305,10299,60.0,4.0,0%-10%
14305,10741,8.0,-0.0,0%-10%
14305,12579,16.0,-0.0,0%-10%
14305,12633,8.0,-0.0,0%-10%
14305,14055,8.0,-0.0,0%-10%
14305,14489,16.0,-0.0,0%-10%
14411,962,20.0,-0.0,0%-10%
14411,1519,16.0,0.0,0%-10%
14411,3847,17.0,0.0,0%-10%
14411,4581,71.0,-0.0,0%-10%
14411,10072,8.0,0.0,0%-10%
14411,14591,8.0,0.0,0%-10%
14414,65,8.0,0.0,0%-10%
14414,442,20.0,1.0,0%-10%
14414,1165,16.0,-0.0,0%-10%
14414,4737,8.0,-0.0,0%-10%
14414,8726,120.0,12.0,0%-10%
14414,10785,95.0,9.0,0%-10%
14416,3028,8.0,-0.0,0%-10%
14416,3171,56.0,3.0,0%-10%
14416,7980,16.0,-0.0,0%-10%
14420,2256,108.0,3.0,0%-10%
14420,5054,53.0,0.0,0%-10%
14420,10996,182.0,18.0,0%-10%
14420,12696,16.0,-0.0,0%-10%
14420,13890,8.0,-0.0,0%-10%
14420,14009,173.0,17.0,0%-10%
14420,14247,96.0,0.0,0%-10%
14423,9228,44.0,-0.0,0%-10%
14423,12340,72.0,-0.0,0%-10%
14424,39,8.0,1.0,10%-15%
14424,1680,8.0,-0.0,0%-10%
14424,4882,8.0,1.0,10%-15%
14424,4922,40.0,4.0,0%-10%
14424,5463,31.0,3.0,0%-10%
14424,5946,8.0,1.0,10%-15%
14424,6649,16.0,1.0,0%-10%
14424,7006,16.0,1.0,0%-10%
14424,7213,132.0,12.0,0%-10%
14424,8985,56.0,5.0,0%-10%
14424,10568,44.0,4.0,0%-10%
14424,11321,145.0,13.0,0%-10%
14424,11322,8.0,1.0,10%-15%
14424,11378,16.0,1.0,0%-10%
14424,11962,76.0,7.0,0%-10%
14424,12951,8.0,-0.0,0%-10%
14424,13304,8.0,1.0,10%-15%
14424,15038,70.0,6.0,0%-10%
14424,15541,8.0,1.0,10%-15%
14425,3897,8.0,0.0,0%-10%
14425,5258,16.0,-0.0,0%-10%
14425,7990,168.0,-0.0,0%-10%
14425,8032,8.0,0.0,0%-10%
14425,9207,12.0,0.0,0%-10%
14425,10938,8.0,0.0,0%-10%
14425,12630,16.0,-0.0,0%-10%
14425,12849,8.0,0.0,0%-10%
14432,278,110.0,16.0,10%-15%
14432,2436,8.0,-0.0,0%-10%
14432,5554,63.0,9.0,10%-15%
14432,7310,8.0,-0.0,0%-10%
14432,9890,60.0,8.0,10%-15%
14432,11677,8.0,0.0,0%-10%
14432,11724,8.0,-0.0,0%-10%
14432,14105,72.0,10.0,10%-15%
14433,6154,8.0,0.0,0%-10%
14433,8353,8.0,0.0,0%-10%
14433,11462,36.0,0.0,0%-10%
14433,15014,17.0,0.0,0%-10%
14437,3316,16.0,-0.0,0%-10%
14437,5731,8.0,-0.0,0%-10%
14437,6425,24.0,-0.0,0%-10%
14437,9292,208.0,17.0,0%-10%
14437,10752,114.0,8.0,0%-10%
14437,11898,8.0,0.0,0%-10%
14437,13086,16.0,-0.0,0%-10%
14445,2588,8.0,-0.0,0%-10%
14445,4341,262.0,5.0,0%-10%
14445,6323,16.0,-0.0,0%-10%
14450,461,172.0,15.0,0%-10%
14450,489,79.0,6.0,0%-10%
14450,712,8.0,-0.0,0%-10%
14450,1620,94.0,9.0,0%-10%
14450,1868,16.0,-0.0,0%-10%
14450,2058,8.0,-0.0,0%-10%
14450,2337,8.0,-0.0,0%-10%
14450,2632,240.0,21.0,0%-10%
14450,3307,8.0,-0.0,0%-10%
14450,3399,8.0,0.0,0%-10%
14450,4228,16.0,-0.0,0%-10%
14450,5308,8.0,-0.0,0%-10%
14450,5687,164.0,14.0,0%-10%
14450,6366,32.0,2.0,0%-10%
14450,6455,43.0,3.0,0%-10%
14450,6836,8.0,-0.0,0%-10%
14450,7935,73.0,-0.0,0%-10%
14450,8319,80.0,7.0,0%-10%
14450,8759,8.0,-0.0,0%-10%
14450,9554,90.0,7.0,0%-10%
14450,9802,8.0,-0.0,0%-10%
14450,10235,8.0,-0.0,0%-10%
14450,10860,8.0,-0.0,0%-10%
14450,11185,96.0,8.0,0%-10%
14450,11287,16.0,-0.0,0%-10%
14450,14231,16.0,-0.0,0%-10%
14450,14524,73.0,0.0,0%-10%
14456,477,70.0,0.0,0%-10%
14456,672,8.0,-0.0,0%-10%
14456,899,180.0,0.0,0%-10%
14456,6097,8.0,0.0,0%-10%
14456,7140,47.0,0.0,0%-10%
14456,7942,107.0,0.0,0%-10%
14456,8402,8.0,-0.0,0%-10%
14456,8850,8.0,0.0,0%-10%
14456,10161,7.0,0.0,0%-10%
14456,10238,84.0,0.0,0%-10%
14456,11096,113.0,0.0,0%-10%
14456,11278,8.0,-0.0,0%-10%
14456,11688,8.0,-0.0,0%-10%
14456,11751,128.0,0.0,0%-10%
14464,13925,12.0,0.0,0%-10%
14464,15118,43.0,-0.0,0%-10%
14468,81,25.0,-0.0,0%-10%
14468,255,92.0,-0.0,0%-10%
14468,3759,128.0,-0.0,0%-10%
14468,6215,67.0,-0.0,0%-10%
14468,6225,40.0,-0.0,0%-10%
14468,10439,16.0,-0.0,0%-10%
14468,14647,16.0,-0.0,0%-10%
14470,7419,95.0,14.0,10%-15%
14470,13005,40.0,2.0,0%-10%
14472,3328,8.0,0.0,0%-10%
14476,4346,16.0,-0.0,0%-10%
14476,4831,100.0,8.0,0%-10%
14481,12584,8.0,0.0,0%-10%
14486,6697,8.0,0.0,0%-10%
14505,6321,8.0,-0.0,0%-10%
14505,14110,140.0,11.0,0%-10%
14510,74,20.0,-0.0,0%-10%
14510,6320,234.0,-0.0,0%-10%
14510,12900,56.0,-0.0,0%-10%
14521,3152,8.0,0.0,0%-10%
14525,492,16.0,-0.0,0%-10%
14525,6365,16.0,-0.0,0%-10%
14525,6480,59.0,3.0,0%-10%
14526,594,8.0,0.0,0%-10%
14526,2068,104.0,8.0,0%-10%
14526,2313,16.0,-0.0,0%-10%
14526,3462,83.0,-0.0,0%-10%
14526,4712,75.0,6.0,0%-10%
14526,5118,120.0,10.0,0%-10%
14526,6629,133.0,11.0,0%-10%
14526,7685,8.0,-0.0,0%-10%
14526,9423,79.0,6.0,0%-10%
14526,11414,153.0,13.0,0%-10%
14532,2954,8.0,-0.0,0%-10%
14532,7230,175.0,-0.0,0%-10%
14532,9488,16.0,-0.0,0%-10%
14532,9645,8.0,-0.0,0%-10%
14532,14613,8.0,0.0,0%-10%
14536,15073,20.0,-0.0,0%-10%
14541,576,8.0,0.0,0%-10%
14544,9962,14.0,0.0,0%-10%
14544,11607,8.0,0.0,0%-10%
14545,14806,16.0,0.0,0%-10%
14546,12237,69.0,-0.0,0%-10%
14560,8934,16.0,0.0,0%-10%
14564,1880,148.0,11.0,0%-10%
14564,2699,118.0,-0.0,0%-10%
14564,2818,135.0,10.0,0%-10%
14564,3711,66.0,5.0,0%-10%
14564,3999,175.0,15.0,0%-10%
14564,9158,48.0,3.0,0%-10%
14564,10007,8.0,0.0,0%-10%
14564,11409,8.0,0.0,0%-10%
14564,11530,16.0,-0.0,0%-10%
14564,11957,100.0,8.0,0%-10%
14568,3892,101.0,7.0,0%-10%
14568,13063,16.0,-0.0,0%-10%
14569,5348,44.0,2.0,0%-10%
14569,7653,60.0,4.0,0%-10%
14569,8118,8.0,-0.0,0%-10%
14569,10172,8.0,0.0,0%-10%
14580,27,8.0,-0.0,0%-10%
14580,59,24.0,-0.0,0%-10%
14580,77,16.0,-0.0,0%-10%
14580,244,112.0,8.0,0%-10%
14580,298,14.0,-0.0,0%-10%
14580,855,8.0,-0.0,0%-10%
14580,2297,149.0,11.0,0%-10%
14580,3994,142.0,11.0,0%-10%
14580,5075,111.0,8.0,0%-10%
14580,5713,8.0,-0.0,0%-10%
14580,5881,8.0,0.0,0%-10%
14580,5906,16.0,-0.0,0%-10%
14580,8123,59.0,3.0,0%-10%
14580,8630,162.0,13.0,0%-10%
14580,8672,8.0,-0.0,0%-10%
14580,9118,8.0,-0.0,0%-10%
14580,10834,144.0,11.0,0%-10%
14580,13028,59.0,3.0,0%-10%
14586,3087,8.0,0.0,0%-10%
14586,5222,8.0,0.0,0%-10%
14586,9178,8.0,0.0,0%-10%
14586,14342,16.0,0.0,0%-10%
14586,15322,8.0,0.0,0%-10%
14589,7955,8.0,0.0,0%-10%
14589,10021,8.0,0.0,0%-10%
14589,10499,53.0,0.0,0%-10%
14589,14664,41.0,-0.0,0%-10%
14590,10241,46.0,2.0,0%-10%
14590,10636,16.0,-0.0,0%-10%
14608,249,16.0,0.0,0%-10%
14608,523,8.0,-0.0,0%-10%
14608,935,8.0,-0.0,0%-10%
14608,1237,8.0,-0.0,0%-10%
14608,1312,58.0,-0.0,0%-10%
14608,1629,8.0,0.0,0%-10%
14608,2013,64.0,1.0,0%-10%
14608,3896,8.0,-0.0,0%-10%
14608,4530,97.0,9.0,0%-10%
14608,5043,8.0,-0.0,0%-10%
14608,5865,8.0,-0.0,0%-10%
14608,5920,14.0,-0.0,0%-10%
14608,6793,7.0,-0.0,0%-10%
14608,7560,16.0,-0.0,0%-10%
14608,7608,55.0,-0.0,0%-10%
14608,9556,14.0,-0.0,0%-10%
14608,10479,287.0,28.0,0%-10%
14608,11575,8.0,-0.0,0%-10%
14608,12122,16.0,-0.0,0%-10%
14608,12123,8.0,-0.0,0%-10%
14608,12462,16.0,-0.0,0%-10%
14608,13858,16.0,0.0,0%-10%
14608,14639,16.0,-0.0,0%-10%
14609,303,144.0,12.0,0%-10%
14609,702,16.0,-0.0,0%-10%
14609,767,8.0,-0.0,0%-10%
14609,802,12.0,0.0,0%-10%
14609,1147,94.0,9.0,0%-10%
14609,1313,16.0,-0.0,0%-10%
14609,1425,85.0,-0.0,0%-10%
14609,1638,8.0,-0.0,0%-10%
14609,1655,8.0,-0.0,0%-10%
14609,1962,8.0,-0.0,0%-10%
14609,2265,8.0,-0.0,0%-10%
14609,2617,8.0,-0.0,0%-10%
14609,2621,8.0,-0.0,0%-10%
14609,3044,16.0,-0.0,0%-10%
14609,3118,16.0,-0.0,0%-10%
14609,3308,16.0,-0.0,0%-10%
14609,3622,16.0,-0.0,0%-10%
14609,3662,8.0,-0.0,0%-10%
14609,3683,8.0,0.0,0%-10%
14609,3728,16.0,-0.0,0%-10%
14609,3778,104.0,8.0,0%-10%
14609,3811,8.0,-0.0,0%-10%
14609,3973,171.0,15.0,0%-10%
14609,4362,16.0,-0.0,0%-10%
14609,4941,8.0,-0.0,0%-10%
14609,5154,8.0,-0.0,0%-10%
14609,5273,8.0,-0.0,0%-10%
14609,5470,8.0,-0.0,0%-10%
14609,5885,16.0,-0.0,0%-10%
14609,5926,8.0,-0.0,0%-10%
14609,6014,16.0,-0.0,0%-10%
14609,6026,8.0,-0.0,0%-10%
14609,6769,16.0,-0.0,0%-10%
14609,6787,8.0,-0.0,0%-10%
14609,7015,8.0,-0.0,0%-10%
14609,7248,8.0,-0.0,0%-10%
14609,7263,8.0,-0.0,0%-10%
14609,7379,16.0,-0.0,0%-10%
14609,7550,8.0,-0.0,0%-10%
14609,7713,8.0,-0.0,0%-10%
14609,7908,120.0,10.0,0%-10%
14609,8514,8.0,-0.0,0%-10%
14609,8656,31.0,2.0,0%-10%
14609,8856,8.0,-0.0,0%-10%
14609,8889,16.0,-0.0,0%-10%
14609,9089,86.0,8.0,0%-10%
14609,9112,8.0,-0.0,0%-10%
14609,9166,8.0,-0.0,0%-10%
14609,9180,46.0,3.0,0%-10%
14609,9247,8.0,-0.0,0%-10%
14609,9315,10.0,-0.0,0%-10%
14609,9843,8.0,-0.0,0%-10%
14609,10393,16.0,-0.0,0%-10%
14609,10831,60.0,5.0,0%-10%
14609,11112,113.0,9.0,0%-10%
14609,11204,32.0,2.0,0%-10%
14609,11690,16.0,-0.0,0%-10%
14609,12022,16.0,-0.0,0%-10%
14609,12182,16.0,-0.0,0%-10%
14609,12528,8.0,-0.0,0%-10%
14609,12682,8.0,-0.0,0%-10%
14609,12910,16.0,-0.0,0%-10%
14609,13032,8.0,-0.0,0%-10%
14609,13276,14.0,0.0,0%-10%
14609,13337,8.0,-0.0,0%-10%
14609,13428,8.0,-0.0,0%-10%
14609,13457,8.0,-0.0,0%-10%
14609,13553,16.0,-0.0,0%-10%
14609,13560,16.0,-0.0,0%-10%
14609,13666,8.0,-0.0,0%-10%
14609,13900,25.0,1.0,0%-10%
14609,14293,8.0,-0.0,0%-10%
14609,14419,8.0,-0.0,0%-10%
14609,14499,86.0,8.0,0%-10%
14609,15060,16.0,-0.0,0%-10%
14609,15246,8.0,-0.0,0%-10%
14609,15306,16.0,-0.0,0%-10%
14609,15328,16.0,-0.0,0%-10%
14609,15347,16.0,1.0,0%-10%
14609,15376,16.0,1.0,0%-10%
14609,15392,8.0,-0.0,0%-10%
14609,15407,85.0,7.0,0%-10%
14609,15471,90.0,8.0,0%-10%
14609,15480,16.0,1.0,0%-10%
14612,273,8.0,-0.0,0%-10%
14612,2128,8.0,-0.0,0%-10%
14612,2389,16.0,2.0,10%-15%
14612,3104,8.0,-0.0,0%-10%
14612,3551,16.0,2.0,10%-15%
14612,4018,16.0,1.0,0%-10%
14612,4120,16.0,1.0,0%-10%
14612,6777,18.0,2.0,10%-15%
14612,8244,127.0,19.0,10%-15%
14612,9502,8.0,-0.0,0%-10%
14612,10850,8.0,0.0,0%-10%
14612,11959,16.0,1.0,0%-10%
14612,12154,16.0,1.0,0%-10%
14612,12234,16.0,1.0,0%-10%
14612,12505,8.0,-0.0,0%-10%
14612,12789,8.0,-0.0,0%-10%
14612,13911,8.0,-0.0,0%-10%
14612,13930,8.0,-0.0,0%-10%
14612,14739,8.0,-0.0,0%-10%
14617,92,18.0,1.0,0%-10%
14617,634,16.0,1.0,0%-10%
14617,990,67.0,6.0,0%-10%
14617,2875,8.0,-0.0,0%-10%
14617,3259,16.0,1.0,0%-10%
14617,4193,16.0,1.0,0%-10%
14617,4933,152.0,14.0,0%-10%
14617,6062,8.0,-0.0,0%-10%
14617,7793,8.0,-0.0,0%-10%
14617,8015,8.0,1.0,10%-15%
14617,8052,16.0,1.0,0%-10%
14617,8368,16.0,1.0,0%-10%
14617,8420,8.0,-0.0,0%-10%
14617,8912,46.0,4.0,0%-10%
14617,9001,8.0,-0.0,0%-10%
14617,11131,16.0,1.0,0%-10%
14617,11771,123.0,11.0,0%-10%
14617,12619,8.0,-0.0,0%-10%
14617,13004,16.0,1.0,0%-10%
14617,15354,96.0,9.0,0%-10%
14621,97,8.0,-0.0,0%-10%
14621,357,50.0,4.0,0%-10%
14621,823,8.0,-0.0,0%-10%
14621,1316,16.0,-0.0,0%-10%
14621,1497,221.0,19.0,0%-10%
14621,1500,66.0,5.0,0%-10%
14621,2416,16.0,-0.0,0%-10%
14621,2431,16.0,-0.0,0%-10%
14621,2576,8.0,-0.0,0%-10%
14621,3276,16.0,-0.0,0%-10%
14621,3357,16.0,-0.0,0%-10%
14621,3367,8.0,-0.0,0%-10%
14621,3498,8.0,-0.0,0%-10%
14621,3885,86.0,6.0,0%-10%
14621,4114,8.0,-0.0,0%-10%
14621,4292,8.0,-0.0,0%-10%
14621,4413,16.0,-0.0,0%-10%
14621,4683,8.0,-0.0,0%-10%
14621,4693,8.0,-0.0,0%-10%
14621,4803,8.0,-0.0,0%-10%
14621,4984,8.0,-0.0,0%-10%
14621,5571,8.0,-0.0,0%-10%
14621,5594,8.0,-0.0,0%-10%
14621,5618,46.0,3.0,0%-10%
14621,5680,135.0,11.0,0%-10%
14621,5830,8.0,-0.0,0%-10%
14621,6001,8.0,-0.0,0%-10%
14621,6132,16.0,-0.0,0%-10%
14621,6423,16.0,1.0,0%-10%
14621,6658,8.0,-0.0,0%-10%
14621,6670,16.0,1.0,0%-10%
14621,6692,16.0,1.0,0%-10%
14621,7002,16.0,1.0,0%-10%
14621,7260,16.0,1.0,0%-10%
14621,7321,8.0,0.0,0%-10%
14621,7501,8.0,-0.0,0%-10%
14621,7974,8.0,-0.0,0%-10%
14621,8130,16.0,1.0,0%-10%
14621,8305,29.0,1.0,0%-10%
14621,8569,8.0,-0.0,0%-10%
14621,8737,8.0,-0.0,0%-10%
14621,8787,8.0,-0.0,0%-10%
14621,8860,16.0,1.0,0%-10%
14621,8990,16.0,1.0,0%-10%
14621,9105,16.0,1.0,0%-10%
14621,9168,16.0,1.0,0%-10%
14621,9191,16.0,1.0,0%-10%
14621,9521,16.0,1.0,0%-10%
14621,9660,8.0,-0.0,0%-10%
14621,10037,135.0,12.0,0%-10%
14621,10231,10.0,1.0,0%-10%
14621,10270,8.0,-0.0,0%-10%
14621,10277,16.0,1.0,0%-10%
14621,10458,16.0,1.0,0%-10%
14621,10493,16.0,1.0,0%-10%
14621,10566,16.0,1.0,0%-10%
14621,10616,8.0,-0.0,0%-10%
14621,10941,12.0,0.0,0%-10%
14621,11021,16.0,1.0,0%-10%
14621,11028,16.0,1.0,0%-10%
14621,11030,8.0,-0.0,0%-10%
14621,11065,12.0,0.0,0%-10%
14621,11198,16.0,1.0,0%-10%
14621,11350,8.0,-0.0,0%-10%
14621,11466,16.0,1.0,0%-10%
14621,11539,16.0,1.0,0%-10%
14621,11588,14.0,0.0,0%-10%
14621,11722,16.0,1.0,0%-10%
14621,11741,16.0,1.0,0%-10%
14621,12066,8.0,-0.0,0%-10%
14621,12183,8.0,-0.0,0%-10%
14621,12275,16.0,1.0,0%-10%
14621,12497,16.0,1.0,0%-10%
14621,12518,16.0,1.0,0%-10%
14621,12685,16.0,1.0,0%-10%
14621,12829,16.0,1.0,0%-10%
14621,12986,16.0,1.0,0%-10%
14621,13038,16.0,1.0,0%-10%
14621,13082,16.0,1.0,0%-10%
14621,13100,16.0,1.0,0%-10%
14621,13105,8.0,-0.0,0%-10%
14621,13123,8.0,-0.0,0%-10%
14621,13125,16.0,1.0,0%-10%
14621,13178,14.0,0.0,0%-10%
14621,13209,8.0,-0.0,0%-10%
14621,13308,8.0,-0.0,0%-10%
14621,13460,16.0,1.0,0%-10%
14621,13507,16.0,1.0,0%-10%
14621,13508,16.0,1.0,0%-10%
14621,13887,16.0,1.0,0%-10%
14621,14006,60.0,6.0,0%-10%
14621,14019,8.0,-0.0,0%-10%
14621,14037,8.0,-0.0,0%-10%
14621,14542,8.0,-0.0,0%-10%
14621,14631,8.0,-0.0,0%-10%
14621,15010,8.0,-0.0,0%-10%
14621,15452,8.0,-0.0,0%-10%
14622,722,8.0,0.0,0%-10%
14622,2260,8.0,0.0,0%-10%
14622,2473,74.0,0.0,0%-10%
14622,3001,49.0,-0.0,0%-10%
14622,3075,16.0,0.0,0%-10%
14622,4601,8.0,0.0,0%-10%
14622,7952,8.0,0.0,0%-10%
14622,8668,16.0,0.0,0%-10%
14622,12732,16.0,0.0,0%-10%
14622,13075,8.0,0.0,0%-10%
14623,364,85.0,0.0,0%-10%
14623,1411,20.0,0.0,0%-10%
14623,1856,8.0,-0.0,0%-10%
14623,3214,8.0,0.0,0%-10%
14623,4118,228.0,22.0,0%-10%
14623,4129,8.0,0.0,0%-10%
14623,5457,36.0,0.0,0%-10%
14623,5622,166.0,16.0,0%-10%
14623,6086,8.0,0.0,0%-10%
14623,6565,78.0,0.0,0%-10%
14623,6762,147.0,4.0,0%-10%
14623,7275,95.0,0.0,0%-10%
14623,7613,84.0,0.0,0%-10%
14623,8198,8.0,0.0,0%-10%
14623,8451,162.0,16.0,0%-10%
14623,9183,8.0,0.0,0%-10%
14623,11613,96.0,0.0,0%-10%
14623,11695,123.0,0.0,0%-10%
14625,7138,99.0,0.0,0%-10%
14625,7431,160.0,16.0,0%-10%
14625,7490,8.0,0.0,0%-10%
14625,11377,141.0,7.0,0%-10%
14717,2452,8.0,0.0,0%-10%
14717,5438,16.0,0.0,0%-10%
14727,1610,16.0,-0.0,0%-10%
14727,2048,8.0,0.0,0%-10%
14727,5290,16.0,-0.0,0%-10%
14727,6205,28.0,-0.0,0%-10%
14727,10491,16.0,-0.0,0%-10%
14727,10876,16.0,-0.0,0%-10%
14727,10966,8.0,-0.0,0%-10%
14731,790,44.0,-0.0,0%-10%
14731,10631,40.0,0.0,0%-10%
14741,11452,8.0,0.0,0%-10%
14747,4460,8.0,0.0,0%-10%
14747,7239,7.0,0.0,0%-10%
14767,595,16.0,-0.0,0%-10%
14770,9566,70.0,-0.0,0%-10%
14772,8884,92.0,6.0,0%-10%
14772,13829,16.0,-0.0,0%-10%
14774,8397,62.0,3.0,0%-10%
14805,3167,8.0,0.0,0%-10%
14806,6786,16.0,0.0,0%-10%
